{"unary_analogies_data": {"A : B  ::  C : ?": {"sim_u1_trans_u2": [0.6819317235636969, 0.3750850918992512, 0.5502686108979279, 0.3845099383139136, 0.619887730553328, 0.335978835978836, 0.4712308812818645, 0.3263296126066973], "unary_tran": [{"name": null}], "sim_u4_predicted_ops": [0.08346512036548936, 0, 0.10028248587570622, 0.6504424778761062, 0.08311591502049943, 0.4798464491362764], "argmax_sim_u4_predicted_ops": 4}, "A : C  ::  B : ?": {"sim_u1_trans_u2": [0.4507548526240115, 0.36720867208672087, 0.3774744027303754, 0.3907649896623019, 0.3803009575923393, 0.32154551407989523, 0.5546995377503852, 0.48491537895511405], "unary_tran": [{"name": "mirror_left_right"}, {"name": "rot_binary", "args": {"angle": 180}}], "sim_u4_predicted_ops": [0.08534224881224706, 0, 0.10650383413802897, 0.5258855585831063, 0.08611993274799178, 0.4237392373923739], "argmax_sim_u4_predicted_ops": 4}}, "binary_analogies_data": {}}