{"unary_analogies_data": {"A : B  ::  C : ?": {"sim_u1_trans_u2": [0.585303255436985, 0.3584905660377358, 0.585303255436985, 0.35880514067384506, 0.585303255436985, 0.3589624826308476, 0.585303255436985, 0.3584905660377358], "unary_tran": [{"name": null}], "sim_u4_predicted_ops": [0.7606157112526539, 0.43833244539158234, 0.6516598453842656, 0.2552786431291104, 0.5317667536988686, 0.455026455026455], "argmax_sim_u4_predicted_ops": 1}, "A : C  ::  B : ?": {"sim_u1_trans_u2": [0.9618181818181818, 0.2897056626326012, 0.7544715447154472, 0.28816594538128637, 0.7544715447154472, 0.28855052992984026, 0.9653916211293261, 0.28932038834951457], "unary_tran": [{"name": "mirror_left_right"}, {"name": "rot_binary", "args": {"angle": 180}}], "sim_u4_predicted_ops": [0.7634742671889775, 0.6245618135078289, 0.8911252195056059, 0.3166793796084414, 0.8088425002931864, 0.49404761904761907], "argmax_sim_u4_predicted_ops": 3}}, "binary_analogies_data": {}}