{"unary_analogies_data": {"A : B  ::  C : ?": {"sim_u1_trans_u2": [0.42232109751575825, 0.2521625591643545, 0.23901808785529716, 0.307207360708809, 0.4220574606116775, 0.2591498440833744, 0.2550302633731392, 0.29550827423167847], "unary_tran": [{"name": null}], "sim_u4_predicted_ops": [0.4283345615327929, 0.19965683980658244, 0.17153434800493625, 0.4223085460599334, 0.5299401197604791, 0.2530446549391069], "argmax_sim_u4_predicted_ops": 5}, "A : C  ::  B : ?": {"sim_u1_trans_u2": [0.31237148732008224, 0.27522477522477523, 0.2818410041841004, 0.2642786398151205, 0.27289346850589996, 0.2697281167108753, 0.3074428132468419, 0.2653229803403271], "unary_tran": [{"name": null}], "sim_u4_predicted_ops": [0.1955049261083744, 0.6167890870933893, 0.4190902311707681, 0.3058663953882672, 0.20344827586206896, 0.23354388297872342], "argmax_sim_u4_predicted_ops": 2}}, "binary_analogies_data": {}}