{"unary_analogies_data": {"A : B  ::  C : ?": {"sim_u1_trans_u2": [0.467680608365019, 0.3476662991547225, 0.38142776417404406, 0.37572688051022324, 0.48371434351608333, 0.38194837007725646, 0.38743851683692776, 0.3400328887264754], "unary_tran": [{"name": "mirror_left_right"}], "sim_u4_predicted_ops": [0.41605029585798814, 0.32822566602820824, 0.4095019157088123, 0.3127625201938611, 0.49319286871961104, 0.5842407444070481], "argmax_sim_u4_predicted_ops": 6}, "A : C  ::  B : ?": {"sim_u1_trans_u2": [0.5291836734693878, 0.3645966126388636, 0.39094115463152035, 0.3457255747126437, 0.3842601145390726, 0.39119940586706275, 0.4811227515319233, 0.3271342543393553], "unary_tran": [{"name": null}], "sim_u4_predicted_ops": [0.4831882911392405, 0.4866640127388535, 0.39389265885256014, 0.5327048864948057, 0.5270703322651374, 0.34389993145990405], "argmax_sim_u4_predicted_ops": 4}}, "binary_analogies_data": {}}