{"unary_analogies_data": {"A : B  ::  C : ?": {"sim_u1_trans_u2": [0.9212026218295811, 0.6480870309253147, 0.8326763626478184, 0.6480870309253147, 0.9059937800395815, 0.6466780654616512, 0.8437029946670314, 0.6501040264349529], "unary_tran": [{"name": null}], "sim_u4_predicted_ops": [0.8277969705022589, 0, 0.6978294979079498, 0, 0, 0], "argmax_sim_u4_predicted_ops": 1}, "A : C  ::  B : ?": {"sim_u1_trans_u2": [0.8108502453906353, 0.6361457334611696, 0.8686011497399397, 0.6483941077034533, 0.7989194887336935, 0.6375194914237735, 0.8895501730103806, 0.6468033775633293], "unary_tran": [{"name": "mirror_left_right"}, {"name": "rot_binary", "args": {"angle": 180}}], "sim_u4_predicted_ops": [0.7863528793058112, 0, 0.6545313710302091, 0, 0, 0], "argmax_sim_u4_predicted_ops": 1}}, "binary_analogies_data": {}}