{"unary_analogies_data": {"A : B  ::  C : ?": {"sim_u1_trans_u2": [0.7987191216834401, 0.5347384855581577, 0.7192829033668562, 0.5510848126232741, 0.779185520361991, 0.521083172147002, 0.7344508160564622, 0.5702875399361023], "unary_tran": [{"name": null}], "sim_u4_predicted_ops": [0.08469850121993726, 0.7549756744803184, 0.08737864077669903, 0.08108108108108109, 0.1692262256349675, 0.1642527978933509], "argmax_sim_u4_predicted_ops": 2}, "A : C  ::  B : ?": {"sim_u1_trans_u2": [0.9179462571976967, 0.5331799002685078, 0.8028867839422643, 0.5438393202008498, 0.8301282051282052, 0.5308310991957105, 0.873008434864105, 0.5492248062015503], "unary_tran": [{"name": null}], "sim_u4_predicted_ops": [0.10119262739428984, 0.8585714285714285, 0.1166453810131971, 0.08380755302638386, 0.15548961424332344, 0.15890388413429887], "argmax_sim_u4_predicted_ops": 2}}, "binary_analogies_data": {}}