{"unary_analogies_data": {"A : B  ::  C : ?": {"sim_u1_trans_u2": [0.7786705624543463, 0.6163292399601726, 0.5649100257069408, 0.5295226130653267, 0.6314907872696818, 0.5445607358071678, 0.5007704160246533, 0.4934069303894511], "unary_tran": [{"name": null}], "sim_u4_predicted_ops": [0.16573033707865167, 0.19844035175045627, 0.1248767663489977, 0.2458955223880597, 0.10834502103786817, 0.644106965995378], "argmax_sim_u4_predicted_ops": 6}, "A : C  ::  B : ?": {"sim_u1_trans_u2": [0.7180534918276374, 0.6233766233766234, 0.708533431843369, 0.6059027777777778, 0.6308180535966149, 0.5688602442333786, 0.6325450052947406, 0.5731292517006803], "unary_tran": [{"name": null}], "sim_u4_predicted_ops": [0.1458712259003274, 0.20821873483255138, 0.11185207638678388, 0.2211243611584327, 0.10190876738919444, 0.6472257250945775], "argmax_sim_u4_predicted_ops": 6}}, "binary_analogies_data": {}}