{"unary_analogies_data": {"A : B  ::  C : ?": {"sim_u1_trans_u2": [0.9333863591171206, 0.19023136246786632, 0.8993944129712834, 0.1900856793145655, 0.9333863591171206, 0.1900856793145655, 0.8886946386946387, 0.19037708129285014], "unary_tran": [{"name": null}], "sim_u4_predicted_ops": [0.25704766786263455, 0.499944002687871, 0.9291617473435655, 0.40214499501163953, 0.25576007208134893, 0.1750459840588596], "argmax_sim_u4_predicted_ops": 3}, "A : C  ::  B : ?": {"sim_u1_trans_u2": [0.8929544569871546, 0.1891429270081917, 0.9600967351874244, 0.1891429270081917, 0.8929544569871546, 0.1891429270081917, 0.9600967351874244, 0.1891429270081917], "unary_tran": [{"name": "rot_binary", "args": {"angle": 180}}], "sim_u4_predicted_ops": [0.25795279630579787, 0.49391944661385695, 0.9053265940902022, 0.40189557698703027, 0.2561823802163833, 0.17656993704897897], "argmax_sim_u4_predicted_ops": 3}}, "binary_analogies_data": {}}