{"unary_analogies_data": {"A : B  ::  C : ?": {"sim_u1_trans_u2": [0.8618238557558946, 0.7433441558441558, 0.9380978162786501, 0.7433441558441558, 0.9668498168498169, 0.7433441558441558, 0.8360403487775688, 0.7433441558441558], "unary_tran": [{"name": "mirror_left_right"}], "sim_u4_predicted_ops": [0.4984945427173504, 0.6333645735707591, 0.35717326521924225, 0.48674785100286533, 0.2811538869445328, 0.953127849717308], "argmax_sim_u4_predicted_ops": 6}, "A : C  ::  B : ?": {"sim_u1_trans_u2": [0.9612460597070276, 0.7430784442979564, 0.8780184659090909, 0.7430784442979564, 0.8588752196836555, 0.7430784442979564, 0.9825679475164011, 0.7430784442979564], "unary_tran": [{"name": "mirror_left_right"}, {"name": "rot_binary", "args": {"angle": 180}}], "sim_u4_predicted_ops": [0.49741983044600074, 0.6424870466321243, 0.3710584987790636, 0.48867122964361576, 0.28890292693198566, 0.9454187544738726], "argmax_sim_u4_predicted_ops": 6}}, "binary_analogies_data": {}}