{"unary_analogies_data": {"A : B  ::  C : ?": {"sim_u1_trans_u2": [0.65625, 0.5467202141900938, 0.6132365261100251, 0.5405333333333333, 0.6416595623756749, 0.546306209850107, 0.6016079844746327, 0.5446524064171123], "unary_tran": [{"name": null}], "sim_u4_predicted_ops": [0.4889758912013188, 0.7285040016416992, 0.5726342710997443, 0.31060938185006576, 0.5886792452830188, 0.9237092216799383], "argmax_sim_u4_predicted_ops": 6}, "A : C  ::  B : ?": {"sim_u1_trans_u2": [0.5988523735002608, 0.5098522167487685, 0.5946930280957337, 0.5124599062422897, 0.5976022934584311, 0.5094804235409998, 0.5926214601195116, 0.516575952498763], "unary_tran": [{"name": null}], "sim_u4_predicted_ops": [0.9017708909795241, 0.6452599388379205, 0.6235294117647059, 0.6297798377752027, 0.5281303870866635, 0.479883865615927], "argmax_sim_u4_predicted_ops": 1}}, "binary_analogies_data": {}}