{"unary_analogies_data": {"A : B  ::  C : ?": {"sim_u1_trans_u2": [0.4786700767263427, 0.3056910569105691, 0.4786700767263427, 0.3049837486457205, 0.4786700767263427, 0.3055731189594436, 0.4786700767263427, 0.3051015801354402], "unary_tran": [{"name": null}], "sim_u4_predicted_ops": [0.4594291539245668, 0.3664275827356235, 0.38136112814224404, 0.3135072094995759, 0.4307788944723618, 0.3346770229082686], "argmax_sim_u4_predicted_ops": 1}, "A : C  ::  B : ?": {"sim_u1_trans_u2": [0.982085732565579, 0.20217306946061311, 0.48537637845612913, 0.20217306946061311, 0.48537637845612913, 0.20201758923952406, 0.982085732565579, 0.20232858990944372], "unary_tran": [{"name": null}], "sim_u4_predicted_ops": [0.9675724820688959, 0.487648588410104, 0.44982097186700765, 0.5543844109831709, 0.6102948331225065, 0.6260197882312099], "argmax_sim_u4_predicted_ops": 1}}, "binary_analogies_data": {}}