{"unary_analogies_data": {"A : B  ::  C : ?": {"sim_u1_trans_u2": [0.9799014031095943, 0.7357047872340425, 0.7490787269681742, 0.7374376039933445, 0.9851711026615969, 0.7380159786950732, 0.7473226238286479, 0.7345514950166113], "unary_tran": [{"name": "mirror_left_right"}], "sim_u4_predicted_ops": [0.43713662790697677, 0.9739229024943311, 0.2575933225133318, 0.2550511053006893, 0.3336585365853659, 0.5178626902764834], "argmax_sim_u4_predicted_ops": 2}, "A : C  ::  B : ?": {"sim_u1_trans_u2": [0.9847036328871893, 0.7334669338677354, 0.7462987886944819, 0.7381111855324849, 0.9756376094404263, 0.7357859531772575, 0.7480633209834961, 0.7352056168505516], "unary_tran": [{"name": null}], "sim_u4_predicted_ops": [0.43381294964028777, 0.9811463046757164, 0.25836216839677045, 0.25823264629234777, 0.3329032258064516, 0.5157213316892725], "argmax_sim_u4_predicted_ops": 2}}, "binary_analogies_data": {}}