{"unary_analogies_data": {"A : B  ::  C : ?": {"sim_u1_trans_u2": [0.17811934900542495, 0.17705510388437218, 0.17705510388437218, 0.17387387387387387, 0.17811934900542495, 0.17387387387387387, 0.17705510388437218, 0.17705510388437218], "unary_tran": [{"name": null}], "sim_u4_predicted_ops": [0.146991622239147, 0.8354554358472086, 0.24360795454545456, 0.2462526766595289, 0.4299003322259136, 0.6116027531956736], "argmax_sim_u4_predicted_ops": 2}, "A : C  ::  B : ?": {"sim_u1_trans_u2": [0.683076923076923, 0.6442885771543087, 0.6710794297352343, 0.683076923076923, 0.6676829268292683, 0.645937813440321, 0.683076923076923, 0.683076923076923], "unary_tran": [{"name": null}], "sim_u4_predicted_ops": [0.7432835820895523, 0.15056179775280898, 0.593010146561443, 0.10575635876840696, 0.44082605242255757, 0.18704379562043796], "argmax_sim_u4_predicted_ops": 1}}, "binary_analogies_data": {}}