{"unary_analogies_data": {"A : B  ::  C : ?": {"sim_u1_trans_u2": [0.5185528756957328, 0.4977127172918573, 0.5227906976744187, 0.5004582951420715, 0.5157407407407407, 0.5059797608095676, 0.5171455050973123, 0.501834862385321], "unary_tran": [{"name": "rot_binary", "args": {"angle": 180}}], "sim_u4_predicted_ops": [0.4607329842931937, 0.8579881656804734, 0.0838423098278734, 0.5938543754175016, 0.6161971830985915, 0.2761752136752137], "argmax_sim_u4_predicted_ops": 2}, "A : C  ::  B : ?": {"sim_u1_trans_u2": [0.28411513859275056, 0.28685897435897434, 0.2773064687168611, 0.2786624203821656, 0.28685897435897434, 0.28138297872340423, 0.2759533898305085, 0.28343100692594564], "unary_tran": [{"name": "rot_binary", "args": {"angle": 90}}], "sim_u4_predicted_ops": [0.19337670017740982, 0.08162190626645603, 0.8351477449455676, 0.0846774193548387, 0.16962146621945376, 0.4834862385321101], "argmax_sim_u4_predicted_ops": 3}}, "binary_analogies_data": {}}