{"unary_analogies_data": {"A : B  ::  C : ?": {"sim_u1_trans_u2": [0.6705009276437848, 0.6159368269921034, 0.6258577103647526, 0.5941926345609065, 0.6680251945164876, 0.6113099498926271, 0.6252707581227437, 0.6044191019244476], "unary_tran": [{"name": null}], "sim_u4_predicted_ops": [0.41693635382955774, 0.3640120210368144, 0.8607407407407407, 0.12077087794432548, 0.4985294117647059, 0.6119839240043844], "argmax_sim_u4_predicted_ops": 3}, "A : C  ::  B : ?": {"sim_u1_trans_u2": [0.6612184249628529, 0.6161908203830864, 0.6339057362075264, 0.6191165821868212, 0.6705267090026149, 0.6161908203830864, 0.6244097348347257, 0.6185305826999639], "unary_tran": [{"name": "mirror_left_right"}], "sim_u4_predicted_ops": [0.12346723044397463, 0.890036138358286, 0.38562568405691355, 0.3902310924369748, 0.5489212242849975, 0.6082548877624909], "argmax_sim_u4_predicted_ops": 2}}, "binary_analogies_data": {}}