{"unary_analogies_data": {"A : B  ::  C : ?": {"sim_u1_trans_u2": [0.941012108040981, 0.47418061777882575, 0.8296751536435469, 0.47452830188679246, 0.9296296296296296, 0.47452830188679246, 0.8393645189761695, 0.47418061777882575], "unary_tran": [{"name": null}], "sim_u4_predicted_ops": [0.4615201334286395, 0.5553408777256418, 0.4229429107477888, 0.37833379158647235, 0.23335388409371147, 0.8828614008941877], "argmax_sim_u4_predicted_ops": 6}, "A : C  ::  B : ?": {"sim_u1_trans_u2": [0.8955895589558955, 0.4737578726382085, 0.8228505481823427, 0.47410172655156324, 0.8339622641509434, 0.4737578726382085, 0.8831594634873323, 0.4744457409568261], "unary_tran": [{"name": null}], "sim_u4_predicted_ops": [0.44167260631979094, 0.56125595738716, 0.42279511533242875, 0.38338926174496646, 0.2488099016185338, 0.8788698527201683], "argmax_sim_u4_predicted_ops": 6}}, "binary_analogies_data": {}}