{"unary_analogies_data": {"A : B  ::  C : ?": {"sim_u1_trans_u2": [0.5022376926902039, 0.5306536058098295, 0.9892449517120281, 0.531947261663286, 0.9909929701230229, 0.5314295370057451, 0.5022376926902039, 0.5311708058793715], "unary_tran": [{"name": "mirror_left_right"}], "sim_u4_predicted_ops": [0.9725609756097561, 0.33818263205013427, 0.15861918287087612, 0.07104045079492856, 0.5003322259136213, 0.5018065887353879], "argmax_sim_u4_predicted_ops": 1}, "A : C  ::  B : ?": {"sim_u1_trans_u2": [0.9801587301587301, 0.5291113381001021, 0.5007518796992482, 0.5283307810107197, 0.5007518796992482, 0.5291113381001021, 0.9762376237623762, 0.5285908781484002], "unary_tran": [{"name": null}], "sim_u4_predicted_ops": [0.9721622788088045, 0.3321609144867004, 0.1663778162911612, 0.07053695264513572, 0.5020603263556948, 0.4995803608896349], "argmax_sim_u4_predicted_ops": 1}}, "binary_analogies_data": {}}