{"unary_analogies_data": {"A : B  ::  C : ?": {"sim_u1_trans_u2": [0.5200711884516511, 0.485984921708873, 0.5149783208513993, 0.7534215328467153, 0.9270493858109802, 0.4917523772559674, 0.4862722351121423, 0.4877104702922392], "unary_tran": [{"name": "mirror_left_right"}], "sim_u4_predicted_ops": [0.21923783287419651, 0.8082379862700229, 0.6173952230734565, 0.525227617602428, 0.46328747284576394, 0.526356739933865], "argmax_sim_u4_predicted_ops": 2}, "A : C  ::  B : ?": {"sim_u1_trans_u2": [0.5059273422562142, 0.7230365346751257, 0.518118735543562, 0.4705003734129948, 0.4707749766573296, 0.47270007479431564, 0.9461329379787496, 0.47656542932133483], "unary_tran": [{"name": "mirror_left_right"}, {"name": "rot_binary", "args": {"angle": 180}}], "sim_u4_predicted_ops": [0.1998126024830171, 0.8092892329345531, 0.6118542435424354, 0.5270322831583042, 0.47544642857142855, 0.5448860197700222], "argmax_sim_u4_predicted_ops": 2}}, "binary_analogies_data": {}}