{"unary_analogies_data": {"A : B  ::  C : ?": {"sim_u1_trans_u2": [0.29541428852588075, 0.20881542699724517, 0.29490458390714147, 0.3190380761523046, 0.4938719927371766, 0.23861497929996237, 0.21888888888888888, 0.23443360840210054], "unary_tran": [{"name": "mirror_left_right"}], "sim_u4_predicted_ops": [0.4765957446808511, 0.9477795135014506, 0.515158528118491, 0.31443600233781416, 0.22869789745481373, 0.7582100324792493], "argmax_sim_u4_predicted_ops": 2}, "A : C  ::  B : ?": {"sim_u1_trans_u2": [0.45846672283066553, 0.6563337160352086, 0.4723592447695186, 0.4143790849673203, 0.4340622929092114, 0.4295623451692816, 0.9583710407239819, 0.4269699967029344], "unary_tran": [{"name": "mirror_left_right"}, {"name": "rot_binary", "args": {"angle": 180}}], "sim_u4_predicted_ops": [0.2943137254901961, 0.4865951742627346, 0.7672856578427499, 0.2891034482758621, 0.3045208984930338, 0.3809866762693554], "argmax_sim_u4_predicted_ops": 3}}, "binary_analogies_data": {}}