{"unary_analogies_data": {"A : B  ::  C : ?": {"sim_u1_trans_u2": [0.5890308039068369, 0.2314410480349345, 0.5254237288135594, 0.2357581069237511, 0.5896279594137542, 0.23503649635036497, 0.5254237288135594, 0.23215846198660064], "unary_tran": [{"name": "mirror_left_right"}], "sim_u4_predicted_ops": [0.5596868884540117, 0.6210809196775157, 0.7145773785218457, 0.9354578459056071, 0.4783950617283951, 0.6699177080158488], "argmax_sim_u4_predicted_ops": 4}, "A : C  ::  B : ?": {"sim_u1_trans_u2": [0.7263499796995534, 0.3275054636278489, 0.3872756933115824, 0.3350078492935636, 0.734094616639478, 0.33208020050125314, 0.3872756933115824, 0.33208020050125314], "unary_tran": [{"name": "mirror_left_right"}], "sim_u4_predicted_ops": [0.45077720207253885, 0.5893592004703115, 0.5906321401370906, 0.5037783375314862, 0.913322632423756, 0.7614590058102001], "argmax_sim_u4_predicted_ops": 5}}, "binary_analogies_data": {}}