{"unary_analogies_data": {"A : B  ::  C : ?": {"sim_u1_trans_u2": [0.38631732168850075, 0.3826945412311266, 0.3830961370897473, 0.3830961370897473, 0.3830961370897473, 0.3826945412311266, 0.38631732168850075, 0.3830961370897473], "unary_tran": [{"name": null}], "sim_u4_predicted_ops": [0.18474826206024858, 0.07686453576864535, 0.29096283783783783, 0.3010889548861547, 0.788391777509069, 0.12458219386204801], "argmax_sim_u4_predicted_ops": 5}, "A : C  ::  B : ?": {"sim_u1_trans_u2": [0.30105105105105107, 0.12386511024643321, 0.2841793256761764, 0.11734364925854288, 0.2837037037037037, 0.11770396646243148, 0.30105105105105107, 0.12422964644826467], "unary_tran": [{"name": null}], "sim_u4_predicted_ops": [0.9692657939669892, 0.198373511472553, 0.06041412911084044, 0.48437279027011737, 0.18328173374613002, 0.4220261809903244], "argmax_sim_u4_predicted_ops": 1}}, "binary_analogies_data": {}}