{"unary_analogies_data": {"A : B  ::  C : ?": {"[{'name': None}]": {"sim_u4_predicted_ops": [0.36989856098136353, 0.3813405797101449, 0.8198258539852645, 0.2542411737734984, 0.33125288950531667, 0.2634027918268258], "max_sim_u4_predicted_ops": 0.8198258539852645, "argmax_sim_u4_predicted_ops": 3}, "[{'name': 'rot_binary', 'args': {'angle': 90}}]": {"sim_u4_predicted_ops": [0.3337161231051906, 0.3132400430570506, 0.20247842443018366, 0.2479470802919708, 0.2704610633134789, 0.23859579531931774], "max_sim_u4_predicted_ops": 0.3337161231051906, "argmax_sim_u4_predicted_ops": 1}, "[{'name': 'rot_binary', 'args': {'angle': 180}}]": {"sim_u4_predicted_ops": [0.26074685193226227, 0.41498492229181166, 0.3195726080621661, 0.3478689332347869, 0.5675013609145345, 0.36145628951384345], "max_sim_u4_predicted_ops": 0.5675013609145345, "argmax_sim_u4_predicted_ops": 5}, "[{'name': 'rot_binary', 'args': {'angle': 270}}]": {"sim_u4_predicted_ops": [0.22433059245203457, 0.27401837928153716, 0.19797178130511464, 0.3935303107488538, 0.23504181857173492, 0.3141835016835017], "max_sim_u4_predicted_ops": 0.3935303107488538, "argmax_sim_u4_predicted_ops": 4}, "[{'name': 'mirror_left_right'}]": {"sim_u4_predicted_ops": [0.5181699346405229, 0.419925512104283, 0.3354632587859425, 0.307912981114033, 0.28034682080924855, 0.2570450885668277], "max_sim_u4_predicted_ops": 0.5181699346405229, "argmax_sim_u4_predicted_ops": 1}, "[{'name': 'mirror_left_right'}, {'name': 'rot_binary', 'args': {'angle': 90}}]": {"sim_u4_predicted_ops": [0.27262765724304183, 0.3174946004319654, 0.23471938195864575, 0.2171301446051168, 0.3303303303303303, 0.26289180990899896], "max_sim_u4_predicted_ops": 0.3303303303303303, "argmax_sim_u4_predicted_ops": 5}, "[{'name': 'mirror_left_right'}, {'name': 'rot_binary', 'args': {'angle': 180}}]": {"sim_u4_predicted_ops": [0.2821814970192095, 0.38794084186575656, 0.25583545181419, 0.7809244791666666, 0.3924081237911025, 0.5030084235860409], "max_sim_u4_predicted_ops": 0.7809244791666666, "argmax_sim_u4_predicted_ops": 4}, "[{'name': 'mirror_left_right'}, {'name': 'rot_binary', 'args': {'angle': 270}}]": {"sim_u4_predicted_ops": [0.23684771033013843, 0.2700395586092026, 0.39012535175236634, 0.21173864894795127, 0.22142099681866384, 0.3075795644891122], "max_sim_u4_predicted_ops": 0.39012535175236634, "argmax_sim_u4_predicted_ops": 3}, "[{'name': 'add_diff'}]": {"sim_u4_predicted_ops": [0.3886572143452877, 0.38865588176552823, 0.6466736511262441, 0.234192037470726, 0.42438604049978457, 0.2926607175377891], "max_sim_u4_predicted_ops": 0.6466736511262441, "argmax_sim_u4_predicted_ops": 3}}, "A : C  ::  B : ?": {"[{'name': None}]": {"sim_u4_predicted_ops": [0.35677720899176496, 0.30467633244843784, 0.2731924360400445, 0.3997569866342649, 0.8923654568210263, 0.45750613428507697], "max_sim_u4_predicted_ops": 0.8923654568210263, "argmax_sim_u4_predicted_ops": 5}, "[{'name': 'rot_binary', 'args': {'angle': 90}}]": {"sim_u4_predicted_ops": [0.24357405140758873, 0.25471327572663, 0.23928107405803378, 0.35306553911205074, 0.31879633667684254, 0.42757264583788507], "max_sim_u4_predicted_ops": 0.42757264583788507, "argmax_sim_u4_predicted_ops": 6}, "[{'name': 'rot_binary', 'args': {'angle': 180}}]": {"sim_u4_predicted_ops": [0.5044422507403751, 0.37368307890776176, 0.532672737011248, 0.2614980289093298, 0.33983163491360213, 0.3819796954314721], "max_sim_u4_predicted_ops": 0.532672737011248, "argmax_sim_u4_predicted_ops": 3}, "[{'name': 'rot_binary', 'args': {'angle': 270}}]": {"sim_u4_predicted_ops": [0.4926542605288932, 0.28836458963500705, 0.27290925266903915, 0.22241086587436332, 0.3173600522761926, 0.2902843601895735], "max_sim_u4_predicted_ops": 0.4926542605288932, "argmax_sim_u4_predicted_ops": 1}, "[{'name': 'mirror_left_right'}]": {"sim_u4_predicted_ops": [0.34243558687513764, 0.37961563377240337, 0.2547686910765183, 0.5802469135802469, 0.5044776119402985, 0.6831530139103554], "max_sim_u4_predicted_ops": 0.6831530139103554, "argmax_sim_u4_predicted_ops": 6}, "[{'name': 'mirror_left_right'}, {'name': 'rot_binary', 'args': {'angle': 90}}]": {"sim_u4_predicted_ops": [0.30815450643776826, 0.2579247883441622, 0.34563837291323773, 0.24325491042521044, 0.24061538461538462, 0.3312958435207824], "max_sim_u4_predicted_ops": 0.34563837291323773, "argmax_sim_u4_predicted_ops": 3}, "[{'name': 'mirror_left_right'}, {'name': 'rot_binary', 'args': {'angle': 180}}]": {"sim_u4_predicted_ops": [0.7998228520814881, 0.3033455732354141, 0.37803997110522514, 0.27320954907161804, 0.3795620437956204, 0.3285888572590484], "max_sim_u4_predicted_ops": 0.7998228520814881, "argmax_sim_u4_predicted_ops": 1}, "[{'name': 'mirror_left_right'}, {'name': 'rot_binary', 'args': {'angle': 270}}]": {"sim_u4_predicted_ops": [0.3112497311249731, 0.27754449110177964, 0.22338606241983755, 0.2972972972972973, 0.4733252131546894, 0.29874776386404295], "max_sim_u4_predicted_ops": 0.4733252131546894, "argmax_sim_u4_predicted_ops": 5}, "[{'name': 'add_diff'}]": {"sim_u4_predicted_ops": [0.3312006021829131, 0.33629602757119537, 0.4435588108573891, 0.32585596221959856, 0.6893484010579466, 0.4267806267806268], "max_sim_u4_predicted_ops": 0.6893484010579466, "argmax_sim_u4_predicted_ops": 5}}}, "binary_analogies_data": {}, "best_analog_name": "A : C  ::  B : ?", "best_analog_type": "unary", "best_tran": "[{'name': None}]", "best_sim": null, "sim_predicted": 0.8923654568210263, "argmax_sim_predicted_ops": 5}