{"unary_analogies_data": {"A : B  ::  C : ?": {"[{'name': None}]": {"sim_u4_predicted_ops": [0.23025249015520038, 0.5083031112807788, 0.42364141213804046, 0.47731030681609404, 0.46349942062572425, 0.9232843137254902], "max_sim_u4_predicted_ops": 0.9232843137254902, "argmax_sim_u4_predicted_ops": 6}, "[{'name': 'rot_binary', 'args': {'angle': 90}}]": {"sim_u4_predicted_ops": [0.1523106964634411, 0.7462983425414365, 0.49230769230769234, 0.47894059223836677, 0.498220640569395, 0.4949514193179653], "max_sim_u4_predicted_ops": 0.7462983425414365, "argmax_sim_u4_predicted_ops": 2}, "[{'name': 'rot_binary', 'args': {'angle': 180}}]": {"sim_u4_predicted_ops": [0.25229898608818674, 0.5161166538756715, 0.5737776803332603, 0.9292226487523992, 0.4643478260869565, 0.49324452901998095], "max_sim_u4_predicted_ops": 0.9292226487523992, "argmax_sim_u4_predicted_ops": 4}, "[{'name': 'rot_binary', 'args': {'angle': 270}}]": {"sim_u4_predicted_ops": [0.1290391156462585, 0.49291517098054033, 0.4298804780876494, 0.4797570850202429, 0.5042429656096472, 0.4949514193179653], "max_sim_u4_predicted_ops": 0.5042429656096472, "argmax_sim_u4_predicted_ops": 5}, "[{'name': 'mirror_left_right'}]": {"sim_u4_predicted_ops": [0.21923783287419651, 0.8082379862700229, 0.6173952230734565, 0.525227617602428, 0.46328747284576394, 0.526356739933865], "max_sim_u4_predicted_ops": 0.8082379862700229, "argmax_sim_u4_predicted_ops": 2}, "[{'name': 'mirror_left_right'}, {'name': 'rot_binary', 'args': {'angle': 90}}]": {"sim_u4_predicted_ops": [0.15456521739130435, 0.4934794934794935, 0.49106771915247194, 0.7318544044798622, 0.49866508454464553, 0.49352874000761326], "max_sim_u4_predicted_ops": 0.7318544044798622, "argmax_sim_u4_predicted_ops": 4}, "[{'name': 'mirror_left_right'}, {'name': 'rot_binary', 'args': {'angle': 180}}]": {"sim_u4_predicted_ops": [0.19134140870345445, 0.4931972789115646, 0.4253375694996029, 0.5134575569358178, 0.46456008117118425, 0.5272479564032697], "max_sim_u4_predicted_ops": 0.5272479564032697, "argmax_sim_u4_predicted_ops": 6}, "[{'name': 'mirror_left_right'}, {'name': 'rot_binary', 'args': {'angle': 270}}]": {"sim_u4_predicted_ops": [0.14832432432432432, 0.4931972789115646, 0.4261871647128949, 0.47758177140757074, 0.5031240702171973, 0.7598116169544741], "max_sim_u4_predicted_ops": 0.7598116169544741, "argmax_sim_u4_predicted_ops": 6}, "[{'name': 'add_diff'}]": {"sim_u4_predicted_ops": [0.17210846707249586, 0.48123237144716857, 0.4036338546458142, 0.4330384694507303, 0.3974616932363411, 0.7075138678769541], "max_sim_u4_predicted_ops": 0.7075138678769541, "argmax_sim_u4_predicted_ops": 6}}, "A : C  ::  B : ?": {"[{'name': None}]": {"sim_u4_predicted_ops": [0.23273164861612516, 0.5246096066416288, 0.564935064935065, 0.9160566129819424, 0.47610540419830283, 0.5095604178986792], "max_sim_u4_predicted_ops": 0.9160566129819424, "argmax_sim_u4_predicted_ops": 4}, "[{'name': 'rot_binary', 'args': {'angle': 90}}]": {"sim_u4_predicted_ops": [0.13569844789356986, 0.5090980238700842, 0.44969923252437255, 0.49476489624976205, 0.5066099376994377, 0.5113479376356819], "max_sim_u4_predicted_ops": 0.5113479376356819, "argmax_sim_u4_predicted_ops": 6}, "[{'name': 'rot_binary', 'args': {'angle': 180}}]": {"sim_u4_predicted_ops": [0.21431958274063537, 0.5258160237388724, 0.4371786962780177, 0.492491921687892, 0.475666021729424, 0.9585677749360614], "max_sim_u4_predicted_ops": 0.9585677749360614, "argmax_sim_u4_predicted_ops": 6}, "[{'name': 'rot_binary', 'args': {'angle': 270}}]": {"sim_u4_predicted_ops": [0.15256525652565256, 0.7694425326909842, 0.5183575928742125, 0.4941960038058991, 0.5036396724294814, 0.5113479376356819], "max_sim_u4_predicted_ops": 0.7694425326909842, "argmax_sim_u4_predicted_ops": 2}, "[{'name': 'mirror_left_right'}]": {"sim_u4_predicted_ops": [0.17557952719761305, 0.5099843382928739, 0.4389540868849084, 0.5267353684619872, 0.4763251935675998, 0.5448860197700222], "max_sim_u4_predicted_ops": 0.5448860197700222, "argmax_sim_u4_predicted_ops": 6}, "[{'name': 'mirror_left_right'}, {'name': 'rot_binary', 'args': {'angle': 90}}]": {"sim_u4_predicted_ops": [0.13822222222222222, 0.5090980238700842, 0.443709977277422, 0.4930595170184446, 0.5045523520485584, 0.7951242381622129], "max_sim_u4_predicted_ops": 0.7951242381622129, "argmax_sim_u4_predicted_ops": 6}, "[{'name': 'mirror_left_right'}, {'name': 'rot_binary', 'args': {'angle': 180}}]": {"sim_u4_predicted_ops": [0.1998126024830171, 0.8092892329345531, 0.6118542435424354, 0.5270322831583042, 0.47544642857142855, 0.5448860197700222], "max_sim_u4_predicted_ops": 0.8092892329345531, "argmax_sim_u4_predicted_ops": 2}, "[{'name': 'mirror_left_right'}, {'name': 'rot_binary', 'args': {'angle': 270}}]": {"sim_u4_predicted_ops": [0.1399955486312041, 0.5093933463796477, 0.5137535196014729, 0.7629097440502919, 0.5052375891908304, 0.5101557878130546], "max_sim_u4_predicted_ops": 0.7629097440502919, "argmax_sim_u4_predicted_ops": 4}, "[{'name': 'add_diff'}]": {"sim_u4_predicted_ops": [0.21931841940204894, 0.5901453653011138, 0.5042985541227042, 0.7904642409033877, 0.5298776097912167, 0.5461936437546193], "max_sim_u4_predicted_ops": 0.7904642409033877, "argmax_sim_u4_predicted_ops": 4}}}, "binary_analogies_data": {}, "best_analog_name": "A : C  ::  B : ?", "best_analog_type": "unary", "best_tran": "[{'name': 'rot_binary', 'args': {'angle': 180}}]", "best_sim": null, "sim_predicted": 0.9585677749360614, "argmax_sim_predicted_ops": 6}