{"unary_analogies_data": {"A : B  ::  C : ?": {"[{'name': None}]": {"sim_u4_predicted_ops": [0.08469850121993726, 0.7549756744803184, 0.08737864077669903, 0.08108108108108109, 0.1692262256349675, 0.1642527978933509], "max_sim_u4_predicted_ops": 0.7549756744803184, "argmax_sim_u4_predicted_ops": 2}, "[{'name': 'rot_binary', 'args': {'angle': 90}}]": {"sim_u4_predicted_ops": [0.08507670850767085, 0.554858934169279, 0.10344827586206896, 0.08054027013506754, 0.14421965317919075, 0.11939235699026822], "max_sim_u4_predicted_ops": 0.554858934169279, "argmax_sim_u4_predicted_ops": 2}, "[{'name': 'rot_binary', 'args': {'angle': 180}}]": {"sim_u4_predicted_ops": [0.08318830490776193, 0.7619893428063943, 0.08649959579628133, 0.08162243365047571, 0.18038163387000597, 0.1642527978933509], "max_sim_u4_predicted_ops": 0.7619893428063943, "argmax_sim_u4_predicted_ops": 2}, "[{'name': 'rot_binary', 'args': {'angle': 270}}]": {"sim_u4_predicted_ops": [0.0862129144851658, 0.557911268158618, 0.10344827586206896, 0.08216432865731463, 0.1478689475210206, 0.11939235699026822], "max_sim_u4_predicted_ops": 0.557911268158618, "argmax_sim_u4_predicted_ops": 2}, "[{'name': 'mirror_left_right'}]": {"sim_u4_predicted_ops": [0.08281141266527488, 0.7518763796909492, 0.08693894055802669, 0.08108108108108109, 0.1796781883194279, 0.1642527978933509], "max_sim_u4_predicted_ops": 0.7518763796909492, "argmax_sim_u4_predicted_ops": 2}, "[{'name': 'mirror_left_right'}, {'name': 'rot_binary', 'args': {'angle': 90}}]": {"sim_u4_predicted_ops": [0.08507670850767085, 0.5409708737864077, 0.10344827586206896, 0.08216432865731463, 0.14554398148148148, 0.11939235699026822], "max_sim_u4_predicted_ops": 0.5409708737864077, "argmax_sim_u4_predicted_ops": 2}, "[{'name': 'mirror_left_right'}, {'name': 'rot_binary', 'args': {'angle': 180}}]": {"sim_u4_predicted_ops": [0.08469850121993726, 0.7643397065362383, 0.08693894055802669, 0.08162243365047571, 0.17060910703725607, 0.1642527978933509], "max_sim_u4_predicted_ops": 0.7643397065362383, "argmax_sim_u4_predicted_ops": 2}, "[{'name': 'mirror_left_right'}, {'name': 'rot_binary', 'args': {'angle': 270}}]": {"sim_u4_predicted_ops": [0.0862129144851658, 0.5764799364322606, 0.10344827586206896, 0.08054027013506754, 0.14653924123950188, 0.11939235699026822], "max_sim_u4_predicted_ops": 0.5764799364322606, "argmax_sim_u4_predicted_ops": 2}, "[{'name': 'add_diff'}]": {"sim_u4_predicted_ops": [0.08851224105461393, 0.7983677388382141, 0.09502664298401421, 0.09060213843556555, 0.15553494124922695, 0.14598420013166558], "max_sim_u4_predicted_ops": 0.7983677388382141, "argmax_sim_u4_predicted_ops": 2}}, "A : C  ::  B : ?": {"[{'name': None}]": {"sim_u4_predicted_ops": [0.10119262739428984, 0.8585714285714285, 0.1166453810131971, 0.08380755302638386, 0.15548961424332344, 0.15890388413429887], "max_sim_u4_predicted_ops": 0.8585714285714285, "argmax_sim_u4_predicted_ops": 2}, "[{'name': 'rot_binary', 'args': {'angle': 90}}]": {"sim_u4_predicted_ops": [0.08318521151795237, 0.5402525651144435, 0.09932942162615256, 0.08436853002070394, 0.15789473684210525, 0.11929740899697981], "max_sim_u4_predicted_ops": 0.5402525651144435, "argmax_sim_u4_predicted_ops": 2}, "[{'name': 'rot_binary', 'args': {'angle': 180}}]": {"sim_u4_predicted_ops": [0.0886030725259021, 0.7439678284182306, 0.1166453810131971, 0.08493008803728638, 0.17892824704813806, 0.15890388413429887], "max_sim_u4_predicted_ops": 0.7439678284182306, "argmax_sim_u4_predicted_ops": 2}, "[{'name': 'rot_binary', 'args': {'angle': 270}}]": {"sim_u4_predicted_ops": [0.08782577650838987, 0.571256038647343, 0.09979035639412998, 0.08493008803728638, 0.1603098927294398, 0.11929740899697981], "max_sim_u4_predicted_ops": 0.571256038647343, "argmax_sim_u4_predicted_ops": 2}, "[{'name': 'mirror_left_right'}]": {"sim_u4_predicted_ops": [0.10079479768786127, 0.7612815884476535, 0.1166453810131971, 0.08380755302638386, 0.17077570655441973, 0.15890388413429887], "max_sim_u4_predicted_ops": 0.7612815884476535, "argmax_sim_u4_predicted_ops": 2}, "[{'name': 'mirror_left_right'}, {'name': 'rot_binary', 'args': {'angle': 90}}]": {"sim_u4_predicted_ops": [0.08203125, 0.5252051582649473, 0.09932942162615256, 0.08493008803728638, 0.15789473684210525, 0.11929740899697981], "max_sim_u4_predicted_ops": 0.5252051582649473, "argmax_sim_u4_predicted_ops": 2}, "[{'name': 'mirror_left_right'}, {'name': 'rot_binary', 'args': {'angle': 180}}]": {"sim_u4_predicted_ops": [0.08977110157367668, 0.8341165413533834, 0.1166453810131971, 0.08493008803728638, 0.1616945107398568, 0.15890388413429887], "max_sim_u4_predicted_ops": 0.8341165413533834, "argmax_sim_u4_predicted_ops": 2}, "[{'name': 'mirror_left_right'}, {'name': 'rot_binary', 'args': {'angle': 270}}]": {"sim_u4_predicted_ops": [0.08782577650838987, 0.5917618270799347, 0.09979035639412998, 0.08436853002070394, 0.1603098927294398, 0.11929740899697981], "max_sim_u4_predicted_ops": 0.5917618270799347, "argmax_sim_u4_predicted_ops": 2}, "[{'name': 'add_diff'}]": {"sim_u4_predicted_ops": [0.09157241882524626, 0.8437949209391471, 0.11024643320363164, 0.08568387440127727, 0.15702230259192285, 0.1543778801843318], "max_sim_u4_predicted_ops": 0.8437949209391471, "argmax_sim_u4_predicted_ops": 2}}}, "binary_analogies_data": {}, "best_analog_name": "A : C  ::  B : ?", "best_analog_type": "unary", "best_tran": "[{'name': None}]", "best_sim": null, "sim_predicted": 0.8585714285714285, "argmax_sim_predicted_ops": 2}