{"unary_analogies_data": {"A : B  ::  C : ?": {"[{'name': None}]": {"sim_u4_predicted_ops": [0.9706951385733757, 0.4691129439488302, 0.29592240696753763, 0.2278434940855323, 0.31270935960591134, 0.48604544761323776], "max_sim_u4_predicted_ops": 0.9706951385733757, "argmax_sim_u4_predicted_ops": 1}, "[{'name': 'rot_binary', 'args': {'angle': 90}}]": {"sim_u4_predicted_ops": [0.42821863681264405, 0.6461712561297623, 0.3277225714865139, 0.25853385562395076, 0.2128163116693974, 0.5632921546606771], "max_sim_u4_predicted_ops": 0.6461712561297623, "argmax_sim_u4_predicted_ops": 2}, "[{'name': 'rot_binary', 'args': {'angle': 180}}]": {"sim_u4_predicted_ops": [0.4334104428288169, 0.4536975349766822, 0.31518682201687426, 0.5185685347738015, 0.31738184694482896, 0.4905920146856356], "max_sim_u4_predicted_ops": 0.5185685347738015, "argmax_sim_u4_predicted_ops": 4}, "[{'name': 'rot_binary', 'args': {'angle': 270}}]": {"sim_u4_predicted_ops": [0.424934296977661, 0.4109279017135467, 0.218499906942118, 0.25083426028921024, 0.336677367576244, 0.38783649052841473], "max_sim_u4_predicted_ops": 0.424934296977661, "argmax_sim_u4_predicted_ops": 1}, "[{'name': 'mirror_left_right'}]": {"sim_u4_predicted_ops": [0.4765957446808511, 0.9477795135014506, 0.515158528118491, 0.31443600233781416, 0.22869789745481373, 0.7582100324792493], "max_sim_u4_predicted_ops": 0.9477795135014506, "argmax_sim_u4_predicted_ops": 2}, "[{'name': 'mirror_left_right'}, {'name': 'rot_binary', 'args': {'angle': 90}}]": {"sim_u4_predicted_ops": [0.4126363784399935, 0.42196155099380905, 0.25445487641310593, 0.33762886597938147, 0.24896887889013875, 0.4433417271515331], "max_sim_u4_predicted_ops": 0.4433417271515331, "argmax_sim_u4_predicted_ops": 6}, "[{'name': 'mirror_left_right'}, {'name': 'rot_binary', 'args': {'angle': 180}}]": {"sim_u4_predicted_ops": [0.4560255119167506, 0.43058514997541386, 0.23179680150517404, 0.3062923523717328, 0.5269310107724043, 0.40282176792398505], "max_sim_u4_predicted_ops": 0.5269310107724043, "argmax_sim_u4_predicted_ops": 5}, "[{'name': 'mirror_left_right'}, {'name': 'rot_binary', 'args': {'angle': 270}}]": {"sim_u4_predicted_ops": [0.6486126947928544, 0.42428198433420367, 0.2432586403342195, 0.2202930005425936, 0.24639850327408794, 0.44248704663212435], "max_sim_u4_predicted_ops": 0.6486126947928544, "argmax_sim_u4_predicted_ops": 1}, "[{'name': 'add_diff'}]": {"sim_u4_predicted_ops": [0.5059064061790095, 0.37518007820539206, 0.2997401097314467, 0.2593088668631128, 0.21059533175976922, 0.337619461337967], "max_sim_u4_predicted_ops": 0.5059064061790095, "argmax_sim_u4_predicted_ops": 1}}, "A : C  ::  B : ?": {"[{'name': None}]": {"sim_u4_predicted_ops": [0.21947164234250877, 0.2953085458438777, 0.2897923875432526, 0.8218323586744639, 0.31010850942318674, 0.2811090696509103], "max_sim_u4_predicted_ops": 0.8218323586744639, "argmax_sim_u4_predicted_ops": 4}, "[{'name': 'rot_binary', 'args': {'angle': 90}}]": {"sim_u4_predicted_ops": [0.2373008434864105, 0.20674646354733406, 0.17370768827079508, 0.18393716746896377, 0.24100622126048146, 0.2113076437144662], "max_sim_u4_predicted_ops": 0.24100622126048146, "argmax_sim_u4_predicted_ops": 5}, "[{'name': 'rot_binary', 'args': {'angle': 180}}]": {"sim_u4_predicted_ops": [0.4904041544366674, 0.2965705378020265, 0.276541095890411, 0.3082306830907055, 0.28695652173913044, 0.28153717627401836], "max_sim_u4_predicted_ops": 0.4904041544366674, "argmax_sim_u4_predicted_ops": 1}, "[{'name': 'rot_binary', 'args': {'angle': 270}}]": {"sim_u4_predicted_ops": [0.23244958924570575, 0.3137216189536032, 0.23768677365799668, 0.20035961983046494, 0.16476263010916475, 0.27366323480571236], "max_sim_u4_predicted_ops": 0.3137216189536032, "argmax_sim_u4_predicted_ops": 2}, "[{'name': 'mirror_left_right'}]": {"sim_u4_predicted_ops": [0.29583824106792306, 0.21845815784654826, 0.3190799174284872, 0.29697474326949763, 0.8091482649842271, 0.353927625772286], "max_sim_u4_predicted_ops": 0.8091482649842271, "argmax_sim_u4_predicted_ops": 5}, "[{'name': 'mirror_left_right'}, {'name': 'rot_binary', 'args': {'angle': 90}}]": {"sim_u4_predicted_ops": [0.3159888357256778, 0.23153803442531926, 0.18395976707252515, 0.17176529588766298, 0.19510289137796302, 0.2313372933055065], "max_sim_u4_predicted_ops": 0.3159888357256778, "argmax_sim_u4_predicted_ops": 1}, "[{'name': 'mirror_left_right'}, {'name': 'rot_binary', 'args': {'angle': 180}}]": {"sim_u4_predicted_ops": [0.2943137254901961, 0.4865951742627346, 0.7672856578427499, 0.2891034482758621, 0.3045208984930338, 0.3809866762693554], "max_sim_u4_predicted_ops": 0.7672856578427499, "argmax_sim_u4_predicted_ops": 3}, "[{'name': 'mirror_left_right'}, {'name': 'rot_binary', 'args': {'angle': 270}}]": {"sim_u4_predicted_ops": [0.2065435934929629, 0.23588410104011887, 0.20209621069604944, 0.23689782953943886, 0.1873706004140787, 0.2347070186735351], "max_sim_u4_predicted_ops": 0.23689782953943886, "argmax_sim_u4_predicted_ops": 4}, "[{'name': 'add_diff'}]": {"sim_u4_predicted_ops": [0.20310902024953978, 0.22776168804302854, 0.19250317662007624, 0.557306025994486, 0.17849527870849832, 0.20363636363636364], "max_sim_u4_predicted_ops": 0.557306025994486, "argmax_sim_u4_predicted_ops": 4}}}, "binary_analogies_data": {}, "best_analog_name": "A : B  ::  C : ?", "best_analog_type": "unary", "best_tran": "[{'name': None}]", "best_sim": null, "sim_predicted": 0.9706951385733757, "argmax_sim_predicted_ops": 1}