{"unary_analogies_data": {"A : B  ::  C : ?": {"[{'name': None}]": {"sim_u4_predicted_ops": [0.25704766786263455, 0.499944002687871, 0.9291617473435655, 0.40214499501163953, 0.25576007208134893, 0.1750459840588596], "max_sim_u4_predicted_ops": 0.9291617473435655, "argmax_sim_u4_predicted_ops": 3}, "[{'name': 'rot_binary', 'args': {'angle': 90}}]": {"sim_u4_predicted_ops": [0.5799645675632147, 0.2515652742734324, 0.1902391647444458, 0.28927452029661344, 0.20892193308550186, 0.4905697063970445], "max_sim_u4_predicted_ops": 0.5799645675632147, "argmax_sim_u4_predicted_ops": 1}, "[{'name': 'rot_binary', 'args': {'angle': 180}}]": {"sim_u4_predicted_ops": [0.25704766786263455, 0.499944002687871, 0.923861852433281, 0.40214499501163953, 0.25543688071033327, 0.17486590038314176], "max_sim_u4_predicted_ops": 0.923861852433281, "argmax_sim_u4_predicted_ops": 3}, "[{'name': 'rot_binary', 'args': {'angle': 270}}]": {"sim_u4_predicted_ops": [0.6018941868060091, 0.2515652742734324, 0.1902391647444458, 0.28927452029661344, 0.21012155792607293, 0.4905697063970445], "max_sim_u4_predicted_ops": 0.6018941868060091, "argmax_sim_u4_predicted_ops": 1}, "[{'name': 'mirror_left_right'}]": {"sim_u4_predicted_ops": [0.25704766786263455, 0.499944002687871, 0.9291617473435655, 0.40214499501163953, 0.25576007208134893, 0.1750459840588596], "max_sim_u4_predicted_ops": 0.9291617473435655, "argmax_sim_u4_predicted_ops": 3}, "[{'name': 'mirror_left_right'}, {'name': 'rot_binary', 'args': {'angle': 90}}]": {"sim_u4_predicted_ops": [0.5799645675632147, 0.2515652742734324, 0.1902391647444458, 0.28927452029661344, 0.20892193308550186, 0.4905697063970445], "max_sim_u4_predicted_ops": 0.5799645675632147, "argmax_sim_u4_predicted_ops": 1}, "[{'name': 'mirror_left_right'}, {'name': 'rot_binary', 'args': {'angle': 180}}]": {"sim_u4_predicted_ops": [0.25704766786263455, 0.499944002687871, 0.923861852433281, 0.40214499501163953, 0.25543688071033327, 0.17486590038314176], "max_sim_u4_predicted_ops": 0.923861852433281, "argmax_sim_u4_predicted_ops": 3}, "[{'name': 'mirror_left_right'}, {'name': 'rot_binary', 'args': {'angle': 270}}]": {"sim_u4_predicted_ops": [0.6018941868060091, 0.2515652742734324, 0.1902391647444458, 0.28927452029661344, 0.21012155792607293, 0.4905697063970445], "max_sim_u4_predicted_ops": 0.6018941868060091, "argmax_sim_u4_predicted_ops": 1}, "[{'name': 'add_diff'}]": {"sim_u4_predicted_ops": [0.250975800156128, 0.478105050957554, 0.8907910271546635, 0.38593282341203855, 0.2491507708387771, 0.17320979899497488], "max_sim_u4_predicted_ops": 0.8907910271546635, "argmax_sim_u4_predicted_ops": 3}}, "A : C  ::  B : ?": {"[{'name': None}]": {"sim_u4_predicted_ops": [0.25795279630579787, 0.5085624155024786, 0.9049562682215744, 0.40189557698703027, 0.2553739219976831, 0.17620874904067538], "max_sim_u4_predicted_ops": 0.9049562682215744, "argmax_sim_u4_predicted_ops": 3}, "[{'name': 'rot_binary', 'args': {'angle': 90}}]": {"sim_u4_predicted_ops": [0.5866364665911665, 0.2522210792106986, 0.19117647058823528, 0.289538085041297, 0.2114023102720159, 0.48767229664142886], "max_sim_u4_predicted_ops": 0.5866364665911665, "argmax_sim_u4_predicted_ops": 1}, "[{'name': 'rot_binary', 'args': {'angle': 180}}]": {"sim_u4_predicted_ops": [0.25795279630579787, 0.49391944661385695, 0.9053265940902022, 0.40189557698703027, 0.2561823802163833, 0.17656993704897897], "max_sim_u4_predicted_ops": 0.9053265940902022, "argmax_sim_u4_predicted_ops": 3}, "[{'name': 'rot_binary', 'args': {'angle': 270}}]": {"sim_u4_predicted_ops": [0.5683671837517992, 0.2522210792106986, 0.19103171709806782, 0.289538085041297, 0.20989951618905842, 0.4853653808877689], "max_sim_u4_predicted_ops": 0.5683671837517992, "argmax_sim_u4_predicted_ops": 1}, "[{'name': 'mirror_left_right'}]": {"sim_u4_predicted_ops": [0.2581141757536883, 0.5085624155024786, 0.9049562682215744, 0.40189557698703027, 0.2561823802163833, 0.1763893153208474], "max_sim_u4_predicted_ops": 0.9049562682215744, "argmax_sim_u4_predicted_ops": 3}, "[{'name': 'mirror_left_right'}, {'name': 'rot_binary', 'args': {'angle': 90}}]": {"sim_u4_predicted_ops": [0.5871500242757728, 0.2522210792106986, 0.19103171709806782, 0.289538085041297, 0.21110145287470508, 0.49085603112840465], "max_sim_u4_predicted_ops": 0.5871500242757728, "argmax_sim_u4_predicted_ops": 1}, "[{'name': 'mirror_left_right'}, {'name': 'rot_binary', 'args': {'angle': 180}}]": {"sim_u4_predicted_ops": [0.2581141757536883, 0.49391944661385695, 0.9101539660884818, 0.40189557698703027, 0.2556971803785245, 0.17656993704897897], "max_sim_u4_predicted_ops": 0.9101539660884818, "argmax_sim_u4_predicted_ops": 3}, "[{'name': 'mirror_left_right'}, {'name': 'rot_binary', 'args': {'angle': 270}}]": {"sim_u4_predicted_ops": [0.5698735392988634, 0.2522210792106986, 0.19117647058823528, 0.289538085041297, 0.2105001861735137, 0.4917266887288301], "max_sim_u4_predicted_ops": 0.5698735392988634, "argmax_sim_u4_predicted_ops": 1}, "[{'name': 'add_diff'}]": {"sim_u4_predicted_ops": [0.24856096284667714, 0.4789319513294277, 0.8872180451127819, 0.3800299301629531, 0.24459016393442623, 0.17237008871989862], "max_sim_u4_predicted_ops": 0.8872180451127819, "argmax_sim_u4_predicted_ops": 3}}}, "binary_analogies_data": {}, "best_analog_name": "A : B  ::  C : ?", "best_analog_type": "unary", "best_tran": "[{'name': None}]", "best_sim": null, "sim_predicted": 0.9291617473435655, "argmax_sim_predicted_ops": 3}