{"unary_analogies_data": {"A : B  ::  C : ?": {"[{'name': None}]": {"sim_u4_predicted_ops": [0.43327718510200264, 0.329383060299756, 0.4127496159754224, 0.3303863785199738, 0.5024461839530333, 0.7145918148703664], "max_sim_u4_predicted_ops": 0.7145918148703664, "argmax_sim_u4_predicted_ops": 6}, "[{'name': 'rot_binary', 'args': {'angle': 90}}]": {"sim_u4_predicted_ops": [0.2744217007821601, 0.29091216787950586, 0.3712539138213806, 0.45418754473872586, 0.37898518185900315, 0.28918962461736747], "max_sim_u4_predicted_ops": 0.45418754473872586, "argmax_sim_u4_predicted_ops": 4}, "[{'name': 'rot_binary', 'args': {'angle': 180}}]": {"sim_u4_predicted_ops": [0.2984062394031875, 0.3319364414178453, 0.5191608853650479, 0.305801060581713, 0.4080696928014672, 0.4223249200142197], "max_sim_u4_predicted_ops": 0.5191608853650479, "argmax_sim_u4_predicted_ops": 3}, "[{'name': 'rot_binary', 'args': {'angle': 270}}]": {"sim_u4_predicted_ops": [0.27124833997343956, 0.285256950294861, 0.3776213301378071, 0.4241149667017175, 0.3691484618814088, 0.29043702628608287], "max_sim_u4_predicted_ops": 0.4241149667017175, "argmax_sim_u4_predicted_ops": 4}, "[{'name': 'mirror_left_right'}]": {"sim_u4_predicted_ops": [0.41605029585798814, 0.32822566602820824, 0.4095019157088123, 0.3127625201938611, 0.49319286871961104, 0.5842407444070481], "max_sim_u4_predicted_ops": 0.5842407444070481, "argmax_sim_u4_predicted_ops": 6}, "[{'name': 'mirror_left_right'}, {'name': 'rot_binary', 'args': {'angle': 90}}]": {"sim_u4_predicted_ops": [0.2827470686767169, 0.29266226063379086, 0.3625185185185185, 0.4995386602694224, 0.37836624775583483, 0.30092667858884736], "max_sim_u4_predicted_ops": 0.4995386602694224, "argmax_sim_u4_predicted_ops": 4}, "[{'name': 'mirror_left_right'}, {'name': 'rot_binary', 'args': {'angle': 180}}]": {"sim_u4_predicted_ops": [0.2911819254763109, 0.33286737724969423, 0.5013059092393078, 0.32453137734311327, 0.40142987526620016, 0.5804858779379815], "max_sim_u4_predicted_ops": 0.5804858779379815, "argmax_sim_u4_predicted_ops": 6}, "[{'name': 'mirror_left_right'}, {'name': 'rot_binary', 'args': {'angle': 270}}]": {"sim_u4_predicted_ops": [0.2572648169430307, 0.27665271966527194, 0.3757666417352281, 0.37170830519918974, 0.3624667258207631, 0.2960803368966634], "max_sim_u4_predicted_ops": 0.3757666417352281, "argmax_sim_u4_predicted_ops": 3}, "[{'name': 'add_diff'}]": {"sim_u4_predicted_ops": [0.5373946629213483, 0.4455855557396058, 0.458356940509915, 0.37707120465741156, 0.624704584843233, 0.6139386416031212], "max_sim_u4_predicted_ops": 0.624704584843233, "argmax_sim_u4_predicted_ops": 5}}, "A : C  ::  B : ?": {"[{'name': None}]": {"sim_u4_predicted_ops": [0.4831882911392405, 0.4866640127388535, 0.39389265885256014, 0.5327048864948057, 0.5270703322651374, 0.34389993145990405], "max_sim_u4_predicted_ops": 0.5327048864948057, "argmax_sim_u4_predicted_ops": 4}, "[{'name': 'rot_binary', 'args': {'angle': 90}}]": {"sim_u4_predicted_ops": [0.2746897841237464, 0.3041732145975205, 0.39153194765204, 0.3162068395836775, 0.3791317593297791, 0.427037845705968], "max_sim_u4_predicted_ops": 0.427037845705968, "argmax_sim_u4_predicted_ops": 6}, "[{'name': 'rot_binary', 'args': {'angle': 180}}]": {"sim_u4_predicted_ops": [0.29449335404798893, 0.3115013169446883, 0.5404806545082665, 0.4033820679936586, 0.39981447124304265, 0.33816754819996586], "max_sim_u4_predicted_ops": 0.5404806545082665, "argmax_sim_u4_predicted_ops": 3}, "[{'name': 'rot_binary', 'args': {'angle': 270}}]": {"sim_u4_predicted_ops": [0.2994281753595564, 0.2946784538048189, 0.3729302749506304, 0.30713699753896634, 0.3873735825927061, 0.39704310651941577], "max_sim_u4_predicted_ops": 0.39704310651941577, "argmax_sim_u4_predicted_ops": 6}, "[{'name': 'mirror_left_right'}]": {"sim_u4_predicted_ops": [0.28738197424892703, 0.3075980392156863, 0.5394311020269119, 0.4650606840750276, 0.3976535967891324, 0.35270783028630565], "max_sim_u4_predicted_ops": 0.5394311020269119, "argmax_sim_u4_predicted_ops": 3}, "[{'name': 'mirror_left_right'}, {'name': 'rot_binary', 'args': {'angle': 90}}]": {"sim_u4_predicted_ops": [0.294269934414912, 0.281791659516046, 0.37105582524271846, 0.31338608638311904, 0.3942100400369572, 0.4548321276201076], "max_sim_u4_predicted_ops": 0.4548321276201076, "argmax_sim_u4_predicted_ops": 6}, "[{'name': 'mirror_left_right'}, {'name': 'rot_binary', 'args': {'angle': 180}}]": {"sim_u4_predicted_ops": [0.46808927173061865, 0.49200958849380744, 0.3923894623324603, 0.41509769094138543, 0.5275856251054496, 0.34574468085106386], "max_sim_u4_predicted_ops": 0.5275856251054496, "argmax_sim_u4_predicted_ops": 5}, "[{'name': 'mirror_left_right'}, {'name': 'rot_binary', 'args': {'angle': 270}}]": {"sim_u4_predicted_ops": [0.2635214827295703, 0.29422976953734187, 0.39003383574284833, 0.3073514932720709, 0.37327468527225843, 0.3898635477582846], "max_sim_u4_predicted_ops": 0.39003383574284833, "argmax_sim_u4_predicted_ops": 3}, "[{'name': 'add_diff'}]": {"sim_u4_predicted_ops": [0.5257843490804183, 0.48502994011976047, 0.4326027789714941, 0.4833887043189369, 0.6206115515288788, 0.44930875576036866], "max_sim_u4_predicted_ops": 0.6206115515288788, "argmax_sim_u4_predicted_ops": 5}}}, "binary_analogies_data": {}, "best_analog_name": "A : B  ::  C : ?", "best_analog_type": "unary", "best_tran": "[{'name': None}]", "best_sim": null, "sim_predicted": 0.7145918148703664, "argmax_sim_predicted_ops": 6}