{"unary_analogies_data": {"A : B  ::  C : ?": {"[{'name': None}]": {"sim_u4_predicted_ops": [0.4984945427173504, 0.6333645735707591, 0.35717326521924225, 0.5414036390642406, 0.30608714455616826, 0.8702410059378275], "max_sim_u4_predicted_ops": 0.8702410059378275, "argmax_sim_u4_predicted_ops": 6}, "[{'name': 'rot_binary', 'args': {'angle': 90}}]": {"sim_u4_predicted_ops": [0.4999058203051422, 0.43605800922874094, 0.30776330632755616, 0.45461978740801307, 0.2904604208952035, 0.7283731439638477], "max_sim_u4_predicted_ops": 0.7283731439638477, "argmax_sim_u4_predicted_ops": 6}, "[{'name': 'rot_binary', 'args': {'angle': 180}}]": {"sim_u4_predicted_ops": [0.49877658573310746, 0.6333645735707591, 0.35948827292110874, 0.48197072474116387, 0.28101802757158006, 0.9477991997089851], "max_sim_u4_predicted_ops": 0.9477991997089851, "argmax_sim_u4_predicted_ops": 6}, "[{'name': 'rot_binary', 'args': {'angle': 270}}]": {"sim_u4_predicted_ops": [0.4999058203051422, 0.43605800922874094, 0.30682516909202706, 0.44550203134068483, 0.2745304916649082, 0.7283731439638477], "max_sim_u4_predicted_ops": 0.7283731439638477, "argmax_sim_u4_predicted_ops": 6}, "[{'name': 'mirror_left_right'}]": {"sim_u4_predicted_ops": [0.4984945427173504, 0.6333645735707591, 0.35717326521924225, 0.48674785100286533, 0.2811538869445328, 0.953127849717308], "max_sim_u4_predicted_ops": 0.953127849717308, "argmax_sim_u4_predicted_ops": 6}, "[{'name': 'mirror_left_right'}, {'name': 'rot_binary', 'args': {'angle': 90}}]": {"sim_u4_predicted_ops": [0.4999058203051422, 0.43605800922874094, 0.3070930709307093, 0.4539404553415061, 0.28183361629881154, 0.7283731439638477], "max_sim_u4_predicted_ops": 0.7283731439638477, "argmax_sim_u4_predicted_ops": 6}, "[{'name': 'mirror_left_right'}, {'name': 'rot_binary', 'args': {'angle': 180}}]": {"sim_u4_predicted_ops": [0.49877658573310746, 0.6333645735707591, 0.3596332231581192, 0.5362694300518135, 0.30905938448201126, 0.8653544678627417], "max_sim_u4_predicted_ops": 0.8653544678627417, "argmax_sim_u4_predicted_ops": 6}, "[{'name': 'mirror_left_right'}, {'name': 'rot_binary', 'args': {'angle': 270}}]": {"sim_u4_predicted_ops": [0.49877658573310746, 0.43605800922874094, 0.30562096856762566, 0.4448311869126349, 0.2830589484864578, 0.7283731439638477], "max_sim_u4_predicted_ops": 0.7283731439638477, "argmax_sim_u4_predicted_ops": 6}, "[{'name': 'add_diff'}]": {"sim_u4_predicted_ops": [0.5051546391752577, 0.6258100351786706, 0.3596733135341536, 0.5433925049309665, 0.30388578789179904, 0.8819420188613343], "max_sim_u4_predicted_ops": 0.8819420188613343, "argmax_sim_u4_predicted_ops": 6}}, "A : C  ::  B : ?": {"[{'name': None}]": {"sim_u4_predicted_ops": [0.4968680913780398, 0.6424870466321243, 0.3710584987790636, 0.4837685250529287, 0.28931016324381253, 0.9357193732193733], "max_sim_u4_predicted_ops": 0.9357193732193733, "argmax_sim_u4_predicted_ops": 6}, "[{'name': 'rot_binary', 'args': {'angle': 90}}]": {"sim_u4_predicted_ops": [0.5004616805170822, 0.4409090909090909, 0.3138671278868654, 0.44966674327740747, 0.2825563122053431, 0.7463453815261044], "max_sim_u4_predicted_ops": 0.7463453815261044, "argmax_sim_u4_predicted_ops": 6}, "[{'name': 'rot_binary', 'args': {'angle': 180}}]": {"sim_u4_predicted_ops": [0.49741983044600074, 0.6424870466321243, 0.37134968673675267, 0.5601038832550087, 0.318328666810252, 0.8605168577785384], "max_sim_u4_predicted_ops": 0.8605168577785384, "argmax_sim_u4_predicted_ops": 6}, "[{'name': 'rot_binary', 'args': {'angle': 270}}]": {"sim_u4_predicted_ops": [0.49797197640117996, 0.4409090909090909, 0.315071283095723, 0.4637967045718264, 0.30331097625891623, 0.7457844869118355], "max_sim_u4_predicted_ops": 0.7457844869118355, "argmax_sim_u4_predicted_ops": 6}, "[{'name': 'mirror_left_right'}]": {"sim_u4_predicted_ops": [0.4968680913780398, 0.6424870466321243, 0.37134968673675267, 0.555103550295858, 0.3223158349535537, 0.8516436722875149], "max_sim_u4_predicted_ops": 0.8516436722875149, "argmax_sim_u4_predicted_ops": 6}, "[{'name': 'mirror_left_right'}, {'name': 'rot_binary', 'args': {'angle': 90}}]": {"sim_u4_predicted_ops": [0.49797197640117996, 0.4409090909090909, 0.3123983739837398, 0.44966674327740747, 0.2917589954626992, 0.7463453815261044], "max_sim_u4_predicted_ops": 0.7463453815261044, "argmax_sim_u4_predicted_ops": 6}, "[{'name': 'mirror_left_right'}, {'name': 'rot_binary', 'args': {'angle': 180}}]": {"sim_u4_predicted_ops": [0.49741983044600074, 0.6424870466321243, 0.3710584987790636, 0.48867122964361576, 0.28890292693198566, 0.9454187544738726], "max_sim_u4_predicted_ops": 0.9454187544738726, "argmax_sim_u4_predicted_ops": 6}, "[{'name': 'mirror_left_right'}, {'name': 'rot_binary', 'args': {'angle': 270}}]": {"sim_u4_predicted_ops": [0.5004616805170822, 0.4409090909090909, 0.3123983739837398, 0.4637967045718264, 0.29394355776344994, 0.7457844869118355], "max_sim_u4_predicted_ops": 0.7457844869118355, "argmax_sim_u4_predicted_ops": 6}, "[{'name': 'add_diff'}]": {"sim_u4_predicted_ops": [0.4942937324602432, 0.6332710280373832, 0.3675872404196104, 0.4839438629876308, 0.28220338983050847, 0.9297015462064006], "max_sim_u4_predicted_ops": 0.9297015462064006, "argmax_sim_u4_predicted_ops": 6}}}, "binary_analogies_data": {}, "best_analog_name": "A : B  ::  C : ?", "best_analog_type": "unary", "best_tran": "[{'name': 'mirror_left_right'}]", "best_sim": null, "sim_predicted": 0.953127849717308, "argmax_sim_predicted_ops": 6}