{"unary_analogies_data": {"A : B  ::  C : ?": {"[{'name': None}]": {"sim_u4_predicted_ops": [0.5591783501793284, 0.6210809196775157, 0.7138775510204082, 0.951993490642799, 0.4783950617283951, 0.6694088970140158], "max_sim_u4_predicted_ops": 0.951993490642799, "argmax_sim_u4_predicted_ops": 4}, "[{'name': 'rot_binary', 'args': {'angle': 90}}]": {"sim_u4_predicted_ops": [0.40440528634361234, 0.33653372722796654, 0.33555979643765904, 0.40827707660698564, 0.27393617021276595, 0.33699365544167886], "max_sim_u4_predicted_ops": 0.40827707660698564, "argmax_sim_u4_predicted_ops": 4}, "[{'name': 'rot_binary', 'args': {'angle': 180}}]": {"sim_u4_predicted_ops": [0.9534313725490197, 0.677170219338894, 0.37087822396343456, 0.5567813108371188, 0.43241626794258375, 0.6119446896145925], "max_sim_u4_predicted_ops": 0.9534313725490197, "argmax_sim_u4_predicted_ops": 1}, "[{'name': 'rot_binary', 'args': {'angle': 270}}]": {"sim_u4_predicted_ops": [0.4093722369584439, 0.3368628416646146, 0.33048162230671735, 0.40251388482899736, 0.27359744748737036, 0.34059212136041106], "max_sim_u4_predicted_ops": 0.4093722369584439, "argmax_sim_u4_predicted_ops": 1}, "[{'name': 'mirror_left_right'}]": {"sim_u4_predicted_ops": [0.5596868884540117, 0.6210809196775157, 0.7145773785218457, 0.9354578459056071, 0.4783950617283951, 0.6699177080158488], "max_sim_u4_predicted_ops": 0.9354578459056071, "argmax_sim_u4_predicted_ops": 4}, "[{'name': 'mirror_left_right'}, {'name': 'rot_binary', 'args': {'angle': 90}}]": {"sim_u4_predicted_ops": [0.41061946902654867, 0.33653372722796654, 0.3321700507614213, 0.40456674473067916, 0.27359744748737036, 0.33699365544167886], "max_sim_u4_predicted_ops": 0.41061946902654867, "argmax_sim_u4_predicted_ops": 1}, "[{'name': 'mirror_left_right'}, {'name': 'rot_binary', 'args': {'angle': 180}}]": {"sim_u4_predicted_ops": [0.9478615071283095, 0.6802847415660787, 0.37087822396343456, 0.5572865952612788, 0.43241626794258375, 0.6119446896145925], "max_sim_u4_predicted_ops": 0.9478615071283095, "argmax_sim_u4_predicted_ops": 1}, "[{'name': 'mirror_left_right'}, {'name': 'rot_binary', 'args': {'angle': 270}}]": {"sim_u4_predicted_ops": [0.4052306788128122, 0.337192118226601, 0.33513513513513515, 0.40869054609512623, 0.27393617021276595, 0.3402641878669276], "max_sim_u4_predicted_ops": 0.40869054609512623, "argmax_sim_u4_predicted_ops": 4}, "[{'name': 'add_diff'}]": {"sim_u4_predicted_ops": [0.5707736389684813, 0.6959048146098505, 0.5557319784058431, 0.7459510955859003, 0.6712328767123288, 0.8605841613971695], "max_sim_u4_predicted_ops": 0.8605841613971695, "argmax_sim_u4_predicted_ops": 6}}, "A : C  ::  B : ?": {"[{'name': None}]": {"sim_u4_predicted_ops": [0.45166209210125036, 0.5893592004703115, 0.5906321401370906, 0.504725897920605, 0.913322632423756, 0.7614590058102001], "max_sim_u4_predicted_ops": 0.913322632423756, "argmax_sim_u4_predicted_ops": 5}, "[{'name': 'rot_binary', 'args': {'angle': 90}}]": {"sim_u4_predicted_ops": [0.27888232133261687, 0.3575194576952046, 0.23433806146572103, 0.2811158798283262, 0.3430985915492958, 0.36938519447929735], "max_sim_u4_predicted_ops": 0.36938519447929735, "argmax_sim_u4_predicted_ops": 6}, "[{'name': 'rot_binary', 'args': {'angle': 180}}]": {"sim_u4_predicted_ops": [0.504424778761062, 0.7652628142344107, 0.5283571167215514, 0.44858962693357596, 0.7181981981981982, 0.5831157528285466], "max_sim_u4_predicted_ops": 0.7652628142344107, "argmax_sim_u4_predicted_ops": 2}, "[{'name': 'rot_binary', 'args': {'angle': 270}}]": {"sim_u4_predicted_ops": [0.2816370490037695, 0.35820145692037175, 0.23106395520188625, 0.278714859437751, 0.345372460496614, 0.37041687594173783], "max_sim_u4_predicted_ops": 0.37041687594173783, "argmax_sim_u4_predicted_ops": 6}, "[{'name': 'mirror_left_right'}]": {"sim_u4_predicted_ops": [0.45077720207253885, 0.5893592004703115, 0.5906321401370906, 0.5037783375314862, 0.913322632423756, 0.7614590058102001], "max_sim_u4_predicted_ops": 0.913322632423756, "argmax_sim_u4_predicted_ops": 5}, "[{'name': 'mirror_left_right'}, {'name': 'rot_binary', 'args': {'angle': 90}}]": {"sim_u4_predicted_ops": [0.2816370490037695, 0.3561575119137196, 0.23360897814530418, 0.278714859437751, 0.345372460496614, 0.3707611152976639], "max_sim_u4_predicted_ops": 0.3707611152976639, "argmax_sim_u4_predicted_ops": 6}, "[{'name': 'mirror_left_right'}, {'name': 'rot_binary', 'args': {'angle': 180}}]": {"sim_u4_predicted_ops": [0.5049004110022131, 0.7716251638269986, 0.5283571167215514, 0.44771142770536526, 0.7181981981981982, 0.5835751596053396], "max_sim_u4_predicted_ops": 0.7716251638269986, "argmax_sim_u4_predicted_ops": 2}, "[{'name': 'mirror_left_right'}, {'name': 'rot_binary', 'args': {'angle': 270}}]": {"sim_u4_predicted_ops": [0.27888232133261687, 0.35922574157868276, 0.2317900324388086, 0.2811158798283262, 0.3430985915492958, 0.3690416457601606], "max_sim_u4_predicted_ops": 0.3690416457601606, "argmax_sim_u4_predicted_ops": 6}, "[{'name': 'add_diff'}]": {"sim_u4_predicted_ops": [0.598676293622142, 0.7353711790393013, 0.5071678878623765, 0.6745208922400251, 0.7489319750246467, 0.9216751918158568], "max_sim_u4_predicted_ops": 0.9216751918158568, "argmax_sim_u4_predicted_ops": 6}}}, "binary_analogies_data": {}, "best_analog_name": "A : B  ::  C : ?", "best_analog_type": "unary", "best_tran": "[{'name': 'rot_binary', 'args': {'angle': 180}}]", "best_sim": null, "sim_predicted": 0.9534313725490197, "argmax_sim_predicted_ops": 1}