{"unary_analogies_data": {"A : B  ::  C : ?": {"[{'name': None}]": {"sim_u4_predicted_ops": [0.146991622239147, 0.8354554358472086, 0.24360795454545456, 0.2462526766595289, 0.4299003322259136, 0.6116027531956736], "max_sim_u4_predicted_ops": 0.8354554358472086, "argmax_sim_u4_predicted_ops": 2}, "[{'name': 'rot_binary', 'args': {'angle': 90}}]": {"sim_u4_predicted_ops": [0.1452471482889734, 0.874, 0.2427253371185238, 0.2502685284640172, 0.41952506596306066, 0.6605876393110436], "max_sim_u4_predicted_ops": 0.874, "argmax_sim_u4_predicted_ops": 2}, "[{'name': 'rot_binary', 'args': {'angle': 180}}]": {"sim_u4_predicted_ops": [0.1461187214611872, 0.8211856171039844, 0.24096385542168675, 0.24758842443729903, 0.43658210947930576, 0.6292246520874751], "max_sim_u4_predicted_ops": 0.8211856171039844, "argmax_sim_u4_predicted_ops": 2}, "[{'name': 'rot_binary', 'args': {'angle': 270}}]": {"sim_u4_predicted_ops": [0.1461187214611872, 0.874, 0.24008498583569404, 0.24758842443729903, 0.45209176788124156, 0.6406406406406406], "max_sim_u4_predicted_ops": 0.874, "argmax_sim_u4_predicted_ops": 2}, "[{'name': 'mirror_left_right'}]": {"sim_u4_predicted_ops": [0.146991622239147, 0.8265107212475633, 0.2427253371185238, 0.2449197860962567, 0.43466666666666665, 0.624380574826561], "max_sim_u4_predicted_ops": 0.8265107212475633, "argmax_sim_u4_predicted_ops": 2}, "[{'name': 'mirror_left_right'}, {'name': 'rot_binary', 'args': {'angle': 90}}]": {"sim_u4_predicted_ops": [0.1452471482889734, 0.8796389167502507, 0.24096385542168675, 0.24892703862660945, 0.45209176788124156, 0.639], "max_sim_u4_predicted_ops": 0.8796389167502507, "argmax_sim_u4_predicted_ops": 2}, "[{'name': 'mirror_left_right'}, {'name': 'rot_binary', 'args': {'angle': 180}}]": {"sim_u4_predicted_ops": [0.1461187214611872, 0.8282926829268292, 0.24184397163120566, 0.24892703862660945, 0.42611000662690524, 0.6116027531956736], "max_sim_u4_predicted_ops": 0.8282926829268292, "argmax_sim_u4_predicted_ops": 2}, "[{'name': 'mirror_left_right'}, {'name': 'rot_binary', 'args': {'angle': 270}}]": {"sim_u4_predicted_ops": [0.1461187214611872, 0.8646766169154229, 0.2427253371185238, 0.24892703862660945, 0.41952506596306066, 0.6572295247724975], "max_sim_u4_predicted_ops": 0.8646766169154229, "argmax_sim_u4_predicted_ops": 2}, "[{'name': 'add_diff'}]": {"sim_u4_predicted_ops": [0.1875, 0.43415637860082307, 0.33648790746582546, 0.5066079295154186, 0.13125845737483086, 0.2035306334371755], "max_sim_u4_predicted_ops": 0.5066079295154186, "argmax_sim_u4_predicted_ops": 4}}, "A : C  ::  B : ?": {"[{'name': None}]": {"sim_u4_predicted_ops": [0.7432835820895523, 0.15056179775280898, 0.593010146561443, 0.10575635876840696, 0.44082605242255757, 0.18704379562043796], "max_sim_u4_predicted_ops": 0.7432835820895523, "argmax_sim_u4_predicted_ops": 1}, "[{'name': 'rot_binary', 'args': {'angle': 90}}]": {"sim_u4_predicted_ops": [0.8335949764521193, 0.14884068810770382, 0.5544554455445545, 0.10427807486631016, 0.4442675159235669, 0.18921389396709323], "max_sim_u4_predicted_ops": 0.8335949764521193, "argmax_sim_u4_predicted_ops": 1}, "[{'name': 'rot_binary', 'args': {'angle': 180}}]": {"sim_u4_predicted_ops": [0.7750759878419453, 0.14884068810770382, 0.613013698630137, 0.102803738317757, 0.4205168363351605, 0.18704379562043796], "max_sim_u4_predicted_ops": 0.7750759878419453, "argmax_sim_u4_predicted_ops": 1}, "[{'name': 'rot_binary', 'args': {'angle': 270}}]": {"sim_u4_predicted_ops": [0.8364779874213837, 0.1522880720180045, 0.6002265005662514, 0.10723860589812333, 0.41497659906396256, 0.1848816029143898], "max_sim_u4_predicted_ops": 0.8364779874213837, "argmax_sim_u4_predicted_ops": 1}, "[{'name': 'mirror_left_right'}]": {"sim_u4_predicted_ops": [0.7458893871449925, 0.14884068810770382, 0.5613259668508287, 0.10575635876840696, 0.44082605242255757, 0.18812785388127853], "max_sim_u4_predicted_ops": 0.7458893871449925, "argmax_sim_u4_predicted_ops": 1}, "[{'name': 'mirror_left_right'}, {'name': 'rot_binary', 'args': {'angle': 90}}]": {"sim_u4_predicted_ops": [0.8422712933753943, 0.15056179775280898, 0.5770089285714286, 0.10723860589812333, 0.43399209486166007, 0.19030192131747484], "max_sim_u4_predicted_ops": 0.8422712933753943, "argmax_sim_u4_predicted_ops": 1}, "[{'name': 'mirror_left_right'}, {'name': 'rot_binary', 'args': {'angle': 180}}]": {"sim_u4_predicted_ops": [0.7485029940119761, 0.1497005988023952, 0.613013698630137, 0.102803738317757, 0.4094794094794095, 0.18596171376481313], "max_sim_u4_predicted_ops": 0.7485029940119761, "argmax_sim_u4_predicted_ops": 1}, "[{'name': 'mirror_left_right'}, {'name': 'rot_binary', 'args': {'angle': 270}}]": {"sim_u4_predicted_ops": [0.8221528861154446, 0.15315315315315314, 0.5948081264108352, 0.10427807486631016, 0.4216300940438871, 0.18704379562043796], "max_sim_u4_predicted_ops": 0.8221528861154446, "argmax_sim_u4_predicted_ops": 1}, "[{'name': 'add_diff'}]": {"sim_u4_predicted_ops": [0.5377969762419006, 0.2736318407960199, 0.7476439790575916, 0.2699530516431925, 0.38276553106212424, 0.15162721893491124], "max_sim_u4_predicted_ops": 0.7476439790575916, "argmax_sim_u4_predicted_ops": 3}}}, "binary_analogies_data": {}, "best_analog_name": "A : B  ::  C : ?", "best_analog_type": "unary", "best_tran": "[{'name': 'mirror_left_right'}, {'name': 'rot_binary', 'args': {'angle': 90}}]", "best_sim": null, "sim_predicted": 0.8796389167502507, "argmax_sim_predicted_ops": 2}