{"unary_analogies_data": {"A : B  ::  C : ?": {"[{'name': None}]": {"sim_u4_predicted_ops": [0.4283345615327929, 0.19965683980658244, 0.17153434800493625, 0.4223085460599334, 0.5299401197604791, 0.2530446549391069], "max_sim_u4_predicted_ops": 0.5299401197604791, "argmax_sim_u4_predicted_ops": 5}, "[{'name': 'rot_binary', 'args': {'angle': 90}}]": {"sim_u4_predicted_ops": [0.33580289455547896, 0.1616070080048331, 0.14584590625628646, 0.2625615763546798, 0.3906023222060958, 0.2218373742371763], "max_sim_u4_predicted_ops": 0.3906023222060958, "argmax_sim_u4_predicted_ops": 5}, "[{'name': 'rot_binary', 'args': {'angle': 180}}]": {"sim_u4_predicted_ops": [0.4178858814923189, 0.19074160086700728, 0.14148296593186374, 0.38890895953757226, 0.5097498522749655, 0.24860947244227205], "max_sim_u4_predicted_ops": 0.5097498522749655, "argmax_sim_u4_predicted_ops": 5}, "[{'name': 'rot_binary', 'args': {'angle': 270}}]": {"sim_u4_predicted_ops": [0.33557278208441, 0.16073045578025957, 0.16126401630988788, 0.25411841461425544, 0.3906023222060958, 0.22042833607907744], "max_sim_u4_predicted_ops": 0.3906023222060958, "argmax_sim_u4_predicted_ops": 5}, "[{'name': 'mirror_left_right'}]": {"sim_u4_predicted_ops": [0.42859775198083655, 0.19685652038593215, 0.14308649407987156, 0.4121212121212121, 0.5484848484848485, 0.24839905628581058], "max_sim_u4_predicted_ops": 0.5484848484848485, "argmax_sim_u4_predicted_ops": 5}, "[{'name': 'mirror_left_right'}, {'name': 'rot_binary', 'args': {'angle': 90}}]": {"sim_u4_predicted_ops": [0.33373473249612934, 0.16742562234365513, 0.1493139628732849, 0.2535050537985002, 0.3843236409608091, 0.22042833607907744], "max_sim_u4_predicted_ops": 0.3843236409608091, "argmax_sim_u4_predicted_ops": 5}, "[{'name': 'mirror_left_right'}, {'name': 'rot_binary', 'args': {'angle': 180}}]": {"sim_u4_predicted_ops": [0.41400693051249315, 0.19092598327655622, 0.1734651833539349, 0.39369222403480153, 0.5073746312684366, 0.25177424805677595], "max_sim_u4_predicted_ops": 0.5073746312684366, "argmax_sim_u4_predicted_ops": 5}, "[{'name': 'mirror_left_right'}, {'name': 'rot_binary', 'args': {'angle': 270}}]": {"sim_u4_predicted_ops": [0.3367241379310345, 0.15549879807692307, 0.16055419722901385, 0.2629763469119579, 0.40076754385964913, 0.22163588390501318], "max_sim_u4_predicted_ops": 0.40076754385964913, "argmax_sim_u4_predicted_ops": 5}, "[{'name': 'add_diff'}]": {"sim_u4_predicted_ops": [0.41821086261980833, 0.24081632653061225, 0.24357338195077485, 0.5482171087300193, 0.45578005962239154, 0.2777777777777778], "max_sim_u4_predicted_ops": 0.5482171087300193, "argmax_sim_u4_predicted_ops": 4}}, "A : C  ::  B : ?": {"[{'name': None}]": {"sim_u4_predicted_ops": [0.1955049261083744, 0.6167890870933893, 0.4190902311707681, 0.3058663953882672, 0.20344827586206896, 0.23354388297872342], "max_sim_u4_predicted_ops": 0.6167890870933893, "argmax_sim_u4_predicted_ops": 2}, "[{'name': 'rot_binary', 'args': {'angle': 90}}]": {"sim_u4_predicted_ops": [0.19679457543535214, 0.3678977272727273, 0.19285415796071875, 0.22662844401974835, 0.18141252500384675, 0.20392602206359506], "max_sim_u4_predicted_ops": 0.3678977272727273, "argmax_sim_u4_predicted_ops": 2}, "[{'name': 'rot_binary', 'args': {'angle': 180}}]": {"sim_u4_predicted_ops": [0.2038443652146954, 0.4309063893016345, 0.2843644544431946, 0.3325259515570934, 0.19856384639400562, 0.2304758746476538], "max_sim_u4_predicted_ops": 0.4309063893016345, "argmax_sim_u4_predicted_ops": 2}, "[{'name': 'rot_binary', 'args': {'angle': 270}}]": {"sim_u4_predicted_ops": [0.1738210399032648, 0.3881081081081081, 0.2837868225770182, 0.26949068732487225, 0.16333333333333333, 0.21297809741745669], "max_sim_u4_predicted_ops": 0.3881081081081081, "argmax_sim_u4_predicted_ops": 2}, "[{'name': 'mirror_left_right'}]": {"sim_u4_predicted_ops": [0.1958731136433631, 0.472195681253583, 0.28119389587073607, 0.31748203900102634, 0.20100109494759894, 0.2339541070834719], "max_sim_u4_predicted_ops": 0.472195681253583, "argmax_sim_u4_predicted_ops": 2}, "[{'name': 'mirror_left_right'}, {'name': 'rot_binary', 'args': {'angle': 90}}]": {"sim_u4_predicted_ops": [0.18239951278928138, 0.341459167682396, 0.19360234162659418, 0.23172877019030866, 0.1795974804117376, 0.20784505208333334], "max_sim_u4_predicted_ops": 0.341459167682396, "argmax_sim_u4_predicted_ops": 2}, "[{'name': 'mirror_left_right'}, {'name': 'rot_binary', 'args': {'angle': 180}}]": {"sim_u4_predicted_ops": [0.21211175277040736, 0.5684039087947883, 0.45452229299363056, 0.29794405123019885, 0.19353334369656458, 0.22620621282220754], "max_sim_u4_predicted_ops": 0.5684039087947883, "argmax_sim_u4_predicted_ops": 2}, "[{'name': 'mirror_left_right'}, {'name': 'rot_binary', 'args': {'angle': 270}}]": {"sim_u4_predicted_ops": [0.18132035290538484, 0.4120234604105572, 0.28292134831460675, 0.2642810242941563, 0.16192493946731235, 0.219155577460161], "max_sim_u4_predicted_ops": 0.4120234604105572, "argmax_sim_u4_predicted_ops": 2}, "[{'name': 'add_diff'}]": {"sim_u4_predicted_ops": [0.14847417840375587, 0.3847437425506555, 0.535426731078905, 0.33096493238597297, 0.1381617791773273, 0.140321914981428], "max_sim_u4_predicted_ops": 0.535426731078905, "argmax_sim_u4_predicted_ops": 3}}}, "binary_analogies_data": {}, "best_analog_name": "A : C  ::  B : ?", "best_analog_type": "unary", "best_tran": "[{'name': None}]", "best_sim": null, "sim_predicted": 0.6167890870933893, "argmax_sim_predicted_ops": 2}