{"unary_analogies_data": {"A : B  ::  C : ?": {"[{'name': None}]": {"sim_u4_predicted_ops": [0.4615201334286395, 0.5553408777256418, 0.4229429107477888, 0.37833379158647235, 0.23335388409371147, 0.8828614008941877], "max_sim_u4_predicted_ops": 0.8828614008941877, "argmax_sim_u4_predicted_ops": 6}, "[{'name': 'rot_binary', 'args': {'angle': 90}}]": {"sim_u4_predicted_ops": [0.33930131004366815, 0.4778389719381065, 0.42218055183498526, 0.35194174757281554, 0.10953965612867443, 0.4582179132040628], "max_sim_u4_predicted_ops": 0.4778389719381065, "argmax_sim_u4_predicted_ops": 2}, "[{'name': 'rot_binary', 'args': {'angle': 180}}]": {"sim_u4_predicted_ops": [0.43754394187954065, 0.5391969407265774, 0.42523489932885905, 0.3859552115012441, 0.24370531551134597, 0.7571627260083449], "max_sim_u4_predicted_ops": 0.7571627260083449, "argmax_sim_u4_predicted_ops": 6}, "[{'name': 'rot_binary', 'args': {'angle': 270}}]": {"sim_u4_predicted_ops": [0.329432162982228, 0.47513089005235604, 0.42218055183498526, 0.35780065005417117, 0.1019003029468466, 0.458891454965358], "max_sim_u4_predicted_ops": 0.47513089005235604, "argmax_sim_u4_predicted_ops": 2}, "[{'name': 'mirror_left_right'}]": {"sim_u4_predicted_ops": [0.456315289648623, 0.5540540540540541, 0.42370608742290156, 0.37909215955983494, 0.2325939617991374, 0.8433031806244529], "max_sim_u4_predicted_ops": 0.8433031806244529, "argmax_sim_u4_predicted_ops": 6}, "[{'name': 'mirror_left_right'}, {'name': 'rot_binary', 'args': {'angle': 90}}]": {"sim_u4_predicted_ops": [0.3398864132809087, 0.47706422018348627, 0.42218055183498526, 0.35743298131600326, 0.1019003029468466, 0.4568726937269373], "max_sim_u4_predicted_ops": 0.47706422018348627, "argmax_sim_u4_predicted_ops": 2}, "[{'name': 'mirror_left_right'}, {'name': 'rot_binary', 'args': {'angle': 180}}]": {"sim_u4_predicted_ops": [0.4345182413470533, 0.5391969407265774, 0.42523489932885905, 0.38099173553719007, 0.24100496277915634, 0.7930740845869997], "max_sim_u4_predicted_ops": 0.7930740845869997, "argmax_sim_u4_predicted_ops": 6}, "[{'name': 'mirror_left_right'}, {'name': 'rot_binary', 'args': {'angle': 270}}]": {"sim_u4_predicted_ops": [0.3297203555170171, 0.47435897435897434, 0.42218055183498526, 0.3523064472619369, 0.10953965612867443, 0.4582179132040628], "max_sim_u4_predicted_ops": 0.47435897435897434, "argmax_sim_u4_predicted_ops": 2}, "[{'name': 'add_diff'}]": {"sim_u4_predicted_ops": [0.4728389230042513, 0.5463611859838275, 0.41279373368146216, 0.36801283765712756, 0.226240286909743, 0.8923938679245284], "max_sim_u4_predicted_ops": 0.8923938679245284, "argmax_sim_u4_predicted_ops": 6}}, "A : C  ::  B : ?": {"[{'name': None}]": {"sim_u4_predicted_ops": [0.44167260631979094, 0.56125595738716, 0.42279511533242875, 0.38338926174496646, 0.2488099016185338, 0.8788698527201683], "max_sim_u4_predicted_ops": 0.8788698527201683, "argmax_sim_u4_predicted_ops": 6}, "[{'name': 'rot_binary', 'args': {'angle': 90}}]": {"sim_u4_predicted_ops": [0.33981011260763966, 0.47211208035950303, 0.42511552052188095, 0.3658199889563777, 0.10316792823100644, 0.4574492888785265], "max_sim_u4_predicted_ops": 0.47211208035950303, "argmax_sim_u4_predicted_ops": 2}, "[{'name': 'rot_binary', 'args': {'angle': 180}}]": {"sim_u4_predicted_ops": [0.4207445563099977, 0.5503897550111359, 0.42279511533242875, 0.38222967309304273, 0.23586683417085427, 0.786510431551872], "max_sim_u4_predicted_ops": 0.786510431551872, "argmax_sim_u4_predicted_ops": 6}, "[{'name': 'rot_binary', 'args': {'angle': 270}}]": {"sim_u4_predicted_ops": [0.3383325981473313, 0.4740603493912123, 0.4231813246471227, 0.3564573622155196, 0.1115819209039548, 0.4571095571095571], "max_sim_u4_predicted_ops": 0.4740603493912123, "argmax_sim_u4_predicted_ops": 2}, "[{'name': 'mirror_left_right'}]": {"sim_u4_predicted_ops": [0.43451536643026006, 0.5652051714446318, 0.4231813246471227, 0.38338926174496646, 0.24762206721623337, 0.848314606741573], "max_sim_u4_predicted_ops": 0.848314606741573, "argmax_sim_u4_predicted_ops": 6}, "[{'name': 'mirror_left_right'}, {'name': 'rot_binary', 'args': {'angle': 90}}]": {"sim_u4_predicted_ops": [0.3404020322509388, 0.47758026001591936, 0.42434121162727517, 0.3564573622155196, 0.1115819209039548, 0.4574492888785265], "max_sim_u4_predicted_ops": 0.47758026001591936, "argmax_sim_u4_predicted_ops": 2}, "[{'name': 'mirror_left_right'}, {'name': 'rot_binary', 'args': {'angle': 180}}]": {"sim_u4_predicted_ops": [0.427428840272877, 0.5534170153417015, 0.42279511533242875, 0.38222967309304273, 0.2382001258653241, 0.8192665890570431], "max_sim_u4_predicted_ops": 0.8192665890570431, "argmax_sim_u4_predicted_ops": 6}, "[{'name': 'mirror_left_right'}, {'name': 'rot_binary', 'args': {'angle': 270}}]": {"sim_u4_predicted_ops": [0.3383325981473313, 0.47758026001591936, 0.42589067174326894, 0.36619718309859156, 0.10347728547392036, 0.4571095571095571], "max_sim_u4_predicted_ops": 0.47758026001591936, "argmax_sim_u4_predicted_ops": 2}, "[{'name': 'add_diff'}]": {"sim_u4_predicted_ops": [0.459214501510574, 0.5351925630810093, 0.40458408447077004, 0.3659957627118644, 0.23356144004760487, 0.8468133752500715], "max_sim_u4_predicted_ops": 0.8468133752500715, "argmax_sim_u4_predicted_ops": 6}}}, "binary_analogies_data": {}, "best_analog_name": "A : B  ::  C : ?", "best_analog_type": "unary", "best_tran": "[{'name': 'add_diff'}]", "best_sim": null, "sim_predicted": 0.8923938679245284, "argmax_sim_predicted_ops": 6}