{"unary_analogies_data": {"A : B  ::  C : ?": {"[{'name': None}]": {"sim_u4_predicted_ops": [0.4889758912013188, 0.7285040016416992, 0.5726342710997443, 0.31060938185006576, 0.5886792452830188, 0.9237092216799383], "max_sim_u4_predicted_ops": 0.9237092216799383, "argmax_sim_u4_predicted_ops": 6}, "[{'name': 'rot_binary', 'args': {'angle': 90}}]": {"sim_u4_predicted_ops": [0.7217059804622349, 0.5752758556199739, 0.514159074119675, 0.5742496050552922, 0.44777188708984095, 0.43798003072196623], "max_sim_u4_predicted_ops": 0.7217059804622349, "argmax_sim_u4_predicted_ops": 1}, "[{'name': 'rot_binary', 'args': {'angle': 180}}]": {"sim_u4_predicted_ops": [0.4985483201990875, 0.7489617940199336, 0.5586818757921419, 0.31032215647600264, 0.5856873822975518, 0.9192721681189133], "max_sim_u4_predicted_ops": 0.9192721681189133, "argmax_sim_u4_predicted_ops": 6}, "[{'name': 'rot_binary', 'args': {'angle': 270}}]": {"sim_u4_predicted_ops": [0.735767475378333, 0.5853566723131941, 0.5074773228732532, 0.5922769640479361, 0.44777188708984095, 0.4354993291163504], "max_sim_u4_predicted_ops": 0.735767475378333, "argmax_sim_u4_predicted_ops": 1}, "[{'name': 'mirror_left_right'}]": {"sim_u4_predicted_ops": [0.48866913885455293, 0.7438923395445135, 0.5682223922468758, 0.31032215647600264, 0.5886792452830188, 0.8997970573313039], "max_sim_u4_predicted_ops": 0.8997970573313039, "argmax_sim_u4_predicted_ops": 6}, "[{'name': 'mirror_left_right'}, {'name': 'rot_binary', 'args': {'angle': 90}}]": {"sim_u4_predicted_ops": [0.7204761904761905, 0.5820811419984974, 0.5167735569807598, 0.5750790305584826, 0.44777188708984095, 0.4421336414404005], "max_sim_u4_predicted_ops": 0.7204761904761905, "argmax_sim_u4_predicted_ops": 1}, "[{'name': 'mirror_left_right'}, {'name': 'rot_binary', 'args': {'angle': 180}}]": {"sim_u4_predicted_ops": [0.48256052523594584, 0.7334842560197572, 0.5750512295081968, 0.31060938185006576, 0.5856873822975518, 0.9401554404145078], "max_sim_u4_predicted_ops": 0.9401554404145078, "argmax_sim_u4_predicted_ops": 6}, "[{'name': 'mirror_left_right'}, {'name': 'rot_binary', 'args': {'angle': 270}}]": {"sim_u4_predicted_ops": [0.7370192307692308, 0.5883462191212521, 0.5115535889872173, 0.5931254996003198, 0.44777188708984095, 0.43165742687822595], "max_sim_u4_predicted_ops": 0.7370192307692308, "argmax_sim_u4_predicted_ops": 1}, "[{'name': 'add_diff'}]": {"sim_u4_predicted_ops": [0.607457898957498, 0.8714459788789602, 0.4761803487877499, 0.46621914248592466, 0.6650366748166259, 0.772095013909694], "max_sim_u4_predicted_ops": 0.8714459788789602, "argmax_sim_u4_predicted_ops": 2}}, "A : C  ::  B : ?": {"[{'name': None}]": {"sim_u4_predicted_ops": [0.9017708909795241, 0.6452599388379205, 0.6235294117647059, 0.6297798377752027, 0.5281303870866635, 0.479883865615927], "max_sim_u4_predicted_ops": 0.9017708909795241, "argmax_sim_u4_predicted_ops": 1}, "[{'name': 'rot_binary', 'args': {'angle': 90}}]": {"sim_u4_predicted_ops": [0.4642096293140179, 0.6136772645470906, 0.542309739222991, 0.31725591196441116, 0.46499399038461536, 0.7400633991709339], "max_sim_u4_predicted_ops": 0.7400633991709339, "argmax_sim_u4_predicted_ops": 6}, "[{'name': 'rot_binary', 'args': {'angle': 180}}]": {"sim_u4_predicted_ops": [0.8347570742124933, 0.6286579212916246, 0.6326760563380281, 0.6532471348809874, 0.512486427795874, 0.5086680761099366], "max_sim_u4_predicted_ops": 0.8347570742124933, "argmax_sim_u4_predicted_ops": 1}, "[{'name': 'rot_binary', 'args': {'angle': 270}}]": {"sim_u4_predicted_ops": [0.4638977635782748, 0.6136772645470906, 0.5410795001329434, 0.3166393634448865, 0.46499399038461536, 0.7224233647115617], "max_sim_u4_predicted_ops": 0.7224233647115617, "argmax_sim_u4_predicted_ops": 6}, "[{'name': 'mirror_left_right'}]": {"sim_u4_predicted_ops": [0.8515625, 0.616262767875025, 0.6345177664974619, 0.6517909571344686, 0.512486427795874, 0.50485027414593], "max_sim_u4_predicted_ops": 0.8515625, "argmax_sim_u4_predicted_ops": 1}, "[{'name': 'mirror_left_right'}, {'name': 'rot_binary', 'args': {'angle': 90}}]": {"sim_u4_predicted_ops": [0.4774290627687016, 0.6136772645470906, 0.5456, 0.31725591196441116, 0.46499399038461536, 0.722007722007722], "max_sim_u4_predicted_ops": 0.722007722007722, "argmax_sim_u4_predicted_ops": 6}, "[{'name': 'mirror_left_right'}, {'name': 'rot_binary', 'args': {'angle': 180}}]": {"sim_u4_predicted_ops": [0.8717320261437909, 0.6496320523303353, 0.6037631433314886, 0.6297798377752027, 0.5281303870866635, 0.4835758835758836], "max_sim_u4_predicted_ops": 0.8717320261437909, "argmax_sim_u4_predicted_ops": 1}, "[{'name': 'mirror_left_right'}, {'name': 'rot_binary', 'args': {'angle': 270}}]": {"sim_u4_predicted_ops": [0.4780645161290323, 0.6123876123876124, 0.5414893617021277, 0.3166393634448865, 0.46499399038461536, 0.7400633991709339], "max_sim_u4_predicted_ops": 0.7400633991709339, "argmax_sim_u4_predicted_ops": 6}, "[{'name': 'add_diff'}]": {"sim_u4_predicted_ops": [0.6987874920229739, 0.8596597812879708, 0.4778609625668449, 0.47655565293602103, 0.654332267397594, 0.6597585513078471], "max_sim_u4_predicted_ops": 0.8596597812879708, "argmax_sim_u4_predicted_ops": 2}}}, "binary_analogies_data": {}, "best_analog_name": "A : B  ::  C : ?", "best_analog_type": "unary", "best_tran": "[{'name': 'mirror_left_right'}, {'name': 'rot_binary', 'args': {'angle': 180}}]", "best_sim": null, "sim_predicted": 0.9401554404145078, "argmax_sim_predicted_ops": 6}