{"unary_analogies_data": {"A : B  ::  C : ?": {"[{'name': None}]": {"sim_u4_predicted_ops": [0.41693635382955774, 0.3640120210368144, 0.8607407407407407, 0.12077087794432548, 0.4985294117647059, 0.6119839240043844], "max_sim_u4_predicted_ops": 0.8607407407407407, "argmax_sim_u4_predicted_ops": 3}, "[{'name': 'rot_binary', 'args': {'angle': 90}}]": {"sim_u4_predicted_ops": [0.41388589881593113, 0.3276051188299817, 0.8821178821178821, 0.12317596566523605, 0.4970617042115573, 0.6340740740740741], "max_sim_u4_predicted_ops": 0.8821178821178821, "argmax_sim_u4_predicted_ops": 3}, "[{'name': 'rot_binary', 'args': {'angle': 180}}]": {"sim_u4_predicted_ops": [0.41388589881593113, 0.3403469915097822, 0.8896690070210632, 0.12173167595370767, 0.49632892804698975, 0.6580232995114619], "max_sim_u4_predicted_ops": 0.8896690070210632, "argmax_sim_u4_predicted_ops": 3}, "[{'name': 'rot_binary', 'args': {'angle': 270}}]": {"sim_u4_predicted_ops": [0.41540948275862066, 0.3378776713338246, 0.8515970515970516, 0.1198117244330338, 0.4992643452672879, 0.6067006554989075], "max_sim_u4_predicted_ops": 0.8515970515970516, "argmax_sim_u4_predicted_ops": 3}, "[{'name': 'mirror_left_right'}]": {"sim_u4_predicted_ops": [0.41388589881593113, 0.35283159463487335, 0.8811782326510235, 0.12269412269412269, 0.4970617042115573, 0.6220588235294118], "max_sim_u4_predicted_ops": 0.8811782326510235, "argmax_sim_u4_predicted_ops": 3}, "[{'name': 'mirror_left_right'}, {'name': 'rot_binary', 'args': {'angle': 90}}]": {"sim_u4_predicted_ops": [0.41540948275862066, 0.3271198830409357, 0.8635014836795252, 0.1193327630453379, 0.49632892804698975, 0.6286452565522332], "max_sim_u4_predicted_ops": 0.8635014836795252, "argmax_sim_u4_predicted_ops": 3}, "[{'name': 'mirror_left_right'}, {'name': 'rot_binary', 'args': {'angle': 180}}]": {"sim_u4_predicted_ops": [0.41693635382955774, 0.3478099480326652, 0.8783649052841476, 0.12077087794432548, 0.4977951984321411, 0.648729446935725], "max_sim_u4_predicted_ops": 0.8783649052841476, "argmax_sim_u4_predicted_ops": 3}, "[{'name': 'mirror_left_right'}, {'name': 'rot_binary', 'args': {'angle': 270}}]": {"sim_u4_predicted_ops": [0.41388589881593113, 0.3388643067846608, 0.859822309970385, 0.12317596566523605, 0.5, 0.610806863818912], "max_sim_u4_predicted_ops": 0.859822309970385, "argmax_sim_u4_predicted_ops": 3}, "[{'name': 'add_diff'}]": {"sim_u4_predicted_ops": [0.13505217925107427, 0.5143312101910829, 0.49201596806387227, 0.0617782909930716, 0.805863708399366, 0.35294117647058826], "max_sim_u4_predicted_ops": 0.805863708399366, "argmax_sim_u4_predicted_ops": 5}}, "A : C  ::  B : ?": {"[{'name': None}]": {"sim_u4_predicted_ops": [0.12299239222316145, 0.8726342710997442, 0.38562568405691355, 0.39096163951655283, 0.5489212242849975, 0.6123411978221416], "max_sim_u4_predicted_ops": 0.8726342710997442, "argmax_sim_u4_predicted_ops": 2}, "[{'name': 'rot_binary', 'args': {'angle': 90}}]": {"sim_u4_predicted_ops": [0.12204391891891891, 0.8259351620947631, 0.3861313868613139, 0.3983095615425251, 0.5481444332998997, 0.639719453672942], "max_sim_u4_predicted_ops": 0.8259351620947631, "argmax_sim_u4_predicted_ops": 2}, "[{'name': 'rot_binary', 'args': {'angle': 180}}]": {"sim_u4_predicted_ops": [0.12346723044397463, 0.8793634496919918, 0.40302918359807904, 0.389501312335958, 0.5496987951807228, 0.6587005227781927], "max_sim_u4_predicted_ops": 0.8793634496919918, "argmax_sim_u4_predicted_ops": 2}, "[{'name': 'rot_binary', 'args': {'angle': 270}}]": {"sim_u4_predicted_ops": [0.12299239222316145, 0.8480565371024735, 0.3861313868613139, 0.4072301967038809, 0.5520361990950227, 0.5995678790061217], "max_sim_u4_predicted_ops": 0.8480565371024735, "argmax_sim_u4_predicted_ops": 2}, "[{'name': 'mirror_left_right'}]": {"sim_u4_predicted_ops": [0.12346723044397463, 0.890036138358286, 0.38562568405691355, 0.3902310924369748, 0.5489212242849975, 0.6082548877624909], "max_sim_u4_predicted_ops": 0.890036138358286, "argmax_sim_u4_predicted_ops": 2}, "[{'name': 'mirror_left_right'}, {'name': 'rot_binary', 'args': {'angle': 90}}]": {"sim_u4_predicted_ops": [0.12251795521757498, 0.8204873197414222, 0.3861313868613139, 0.4072301967038809, 0.5481444332998997, 0.6348914243651086], "max_sim_u4_predicted_ops": 0.8204873197414222, "argmax_sim_u4_predicted_ops": 2}, "[{'name': 'mirror_left_right'}, {'name': 'rot_binary', 'args': {'angle': 180}}]": {"sim_u4_predicted_ops": [0.12251795521757498, 0.8480565371024735, 0.40302918359807904, 0.37864583333333335, 0.5496987951807228, 0.6636704119850187], "max_sim_u4_predicted_ops": 0.8480565371024735, "argmax_sim_u4_predicted_ops": 2}, "[{'name': 'mirror_left_right'}, {'name': 'rot_binary', 'args': {'angle': 270}}]": {"sim_u4_predicted_ops": [0.12346723044397463, 0.8602642276422764, 0.3861313868613139, 0.40797872340425534, 0.5520361990950227, 0.6007207207207207], "max_sim_u4_predicted_ops": 0.8602642276422764, "argmax_sim_u4_predicted_ops": 2}, "[{'name': 'add_diff'}]": {"sim_u4_predicted_ops": [0.1368937998772253, 0.5289079229122056, 0.4905378486055777, 0.06228373702422145, 0.8025276461295419, 0.35911808669656203], "max_sim_u4_predicted_ops": 0.8025276461295419, "argmax_sim_u4_predicted_ops": 5}}}, "binary_analogies_data": {}, "best_analog_name": "A : C  ::  B : ?", "best_analog_type": "unary", "best_tran": "[{'name': 'mirror_left_right'}]", "best_sim": null, "sim_predicted": 0.890036138358286, "argmax_sim_predicted_ops": 2}