{"unary_analogies_data": {"A : B  ::  C : ?": {"[{'name': None}]": {"sim_u4_predicted_ops": [0.08346512036548936, 0, 0.10028248587570622, 0.6504424778761062, 0.08311591502049943, 0.4798464491362764], "max_sim_u4_predicted_ops": 0.6504424778761062, "argmax_sim_u4_predicted_ops": 4}, "[{'name': 'rot_binary', 'args': {'angle': 90}}]": {"sim_u4_predicted_ops": [0.07627858264967709, 0, 0.09317990457479652, 0.3498190591073583, 0.07212691385353256, 0.3112244897959184], "max_sim_u4_predicted_ops": 0.3498190591073583, "argmax_sim_u4_predicted_ops": 4}, "[{'name': 'rot_binary', 'args': {'angle': 180}}]": {"sim_u4_predicted_ops": [0.08460861917326297, 0, 0.09997175939000283, 0.4704336399474376, 0.08150353554149609, 0.4181483752299203], "max_sim_u4_predicted_ops": 0.4704336399474376, "argmax_sim_u4_predicted_ops": 4}, "[{'name': 'rot_binary', 'args': {'angle': 270}}]": {"sim_u4_predicted_ops": [0.07365488420686053, 0, 0.09981646195115064, 0.36546674801708356, 0.07272056109265411, 0.35184102863822325], "max_sim_u4_predicted_ops": 0.36546674801708356, "argmax_sim_u4_predicted_ops": 4}, "[{'name': 'mirror_left_right'}]": {"sim_u4_predicted_ops": [0.08460861917326297, 0, 0.09826589595375723, 0.5906183368869936, 0.08271236959761549, 0.4732484076433121], "max_sim_u4_predicted_ops": 0.5906183368869936, "argmax_sim_u4_predicted_ops": 4}, "[{'name': 'mirror_left_right'}, {'name': 'rot_binary', 'args': {'angle': 90}}]": {"sim_u4_predicted_ops": [0.07534007673526334, 0, 0.09671969590313952, 0.37048377219840783, 0.07272056109265411, 0.3447674418604651], "max_sim_u4_predicted_ops": 0.37048377219840783, "argmax_sim_u4_predicted_ops": 4}, "[{'name': 'mirror_left_right'}, {'name': 'rot_binary', 'args': {'angle': 180}}]": {"sim_u4_predicted_ops": [0.08594575554772807, 0, 0.10449454132993052, 0.5276450511945392, 0.08150353554149609, 0.42777777777777776], "max_sim_u4_predicted_ops": 0.5276450511945392, "argmax_sim_u4_predicted_ops": 4}, "[{'name': 'mirror_left_right'}, {'name': 'rot_binary', 'args': {'angle': 270}}]": {"sim_u4_predicted_ops": [0.07459044963401883, 0, 0.09610243421978332, 0.4075471698113208, 0.07192917742530432, 0.2871452420701169], "max_sim_u4_predicted_ops": 0.4075471698113208, "argmax_sim_u4_predicted_ops": 4}, "[{'name': 'add_diff'}]": {"sim_u4_predicted_ops": [0.09256370254810192, 0, 0.10665922099678905, 0.6401933701657458, 0.09719660641829583, 0.4618138424821002], "max_sim_u4_predicted_ops": 0.6401933701657458, "argmax_sim_u4_predicted_ops": 4}}, "A : C  ::  B : ?": {"[{'name': None}]": {"sim_u4_predicted_ops": [0.08687224669603524, 0, 0.11107942392699273, 0.40791954745443115, 0.08551157580283794, 0.3467132053519488], "max_sim_u4_predicted_ops": 0.40791954745443115, "argmax_sim_u4_predicted_ops": 4}, "[{'name': 'rot_binary', 'args': {'angle': 90}}]": {"sim_u4_predicted_ops": [0.07362924281984334, 0, 0.08222222222222222, 0.3793103448275862, 0.07586972612879349, 0.38622754491017963], "max_sim_u4_predicted_ops": 0.38622754491017963, "argmax_sim_u4_predicted_ops": 6}, "[{'name': 'rot_binary', 'args': {'angle': 180}}]": {"sim_u4_predicted_ops": [0.08553326293558607, 0, 0.11377930245854774, 0.4358974358974359, 0.08693213684800898, 0.39541892706449666], "max_sim_u4_predicted_ops": 0.4358974358974359, "argmax_sim_u4_predicted_ops": 4}, "[{'name': 'rot_binary', 'args': {'angle': 270}}]": {"sim_u4_predicted_ops": [0.07456445993031359, 0, 0.08448155880306193, 0.4489003880983182, 0.07606885063853415, 0.34593023255813954], "max_sim_u4_predicted_ops": 0.4489003880983182, "argmax_sim_u4_predicted_ops": 4}, "[{'name': 'mirror_left_right'}]": {"sim_u4_predicted_ops": [0.08229513949815757, 0, 0.11218955181273195, 0.46309601567602876, 0.08551157580283794, 0.37225844694724364], "max_sim_u4_predicted_ops": 0.46309601567602876, "argmax_sim_u4_predicted_ops": 4}, "[{'name': 'mirror_left_right'}, {'name': 'rot_binary', 'args': {'angle': 90}}]": {"sim_u4_predicted_ops": [0.07009021512838307, 0, 0.08448155880306193, 0.39737991266375544, 0.0762680488707886, 0.37144549763033174], "max_sim_u4_predicted_ops": 0.39737991266375544, "argmax_sim_u4_predicted_ops": 4}, "[{'name': 'mirror_left_right'}, {'name': 'rot_binary', 'args': {'angle': 180}}]": {"sim_u4_predicted_ops": [0.08534224881224706, 0, 0.10650383413802897, 0.5258855585831063, 0.08611993274799178, 0.4237392373923739], "max_sim_u4_predicted_ops": 0.5258855585831063, "argmax_sim_u4_predicted_ops": 4}, "[{'name': 'mirror_left_right'}, {'name': 'rot_binary', 'args': {'angle': 270}}]": {"sim_u4_predicted_ops": [0.06934812760055478, 0, 0.0831248262440923, 0.43130990415335463, 0.0762680488707886, 0.3553864168618267], "max_sim_u4_predicted_ops": 0.43130990415335463, "argmax_sim_u4_predicted_ops": 4}, "[{'name': 'add_diff'}]": {"sim_u4_predicted_ops": [0.10290514525726287, 0, 0.1228219294517637, 0.45912722802704364, 0.10005548363232847, 0.3456043956043956], "max_sim_u4_predicted_ops": 0.45912722802704364, "argmax_sim_u4_predicted_ops": 4}}}, "binary_analogies_data": {}, "best_analog_name": "A : B  ::  C : ?", "best_analog_type": "unary", "best_tran": "[{'name': None}]", "best_sim": null, "sim_predicted": 0.6504424778761062, "argmax_sim_predicted_ops": 4}