{"unary_analogies_data": {"A : B  ::  C : ?": {"[{'name': None}]": {"sim_u4_predicted_ops": [0.8277969705022589, 0, 0.6978294979079498, 0, 0, 0], "max_sim_u4_predicted_ops": 0.8277969705022589, "argmax_sim_u4_predicted_ops": 1}, "[{'name': 'rot_binary', 'args': {'angle': 90}}]": {"sim_u4_predicted_ops": [0.6021430235266714, 0, 0.6092452596356426, 0, 0, 0], "max_sim_u4_predicted_ops": 0.6092452596356426, "argmax_sim_u4_predicted_ops": 3}, "[{'name': 'rot_binary', 'args': {'angle': 180}}]": {"sim_u4_predicted_ops": [0.7096694009445688, 0, 0.6239369684842421, 0, 0, 0], "max_sim_u4_predicted_ops": 0.7096694009445688, "argmax_sim_u4_predicted_ops": 1}, "[{'name': 'rot_binary', 'args': {'angle': 270}}]": {"sim_u4_predicted_ops": [0.6002791996277338, 0, 0.614848899390623, 0, 0, 0], "max_sim_u4_predicted_ops": 0.614848899390623, "argmax_sim_u4_predicted_ops": 3}, "[{'name': 'mirror_left_right'}]": {"sim_u4_predicted_ops": [0.8202990604737329, 0, 0.7087774707198315, 0, 0, 0], "max_sim_u4_predicted_ops": 0.8202990604737329, "argmax_sim_u4_predicted_ops": 1}, "[{'name': 'mirror_left_right'}, {'name': 'rot_binary', 'args': {'angle': 90}}]": {"sim_u4_predicted_ops": [0.6019564457901478, 0, 0.6106425204663856, 0, 0, 0], "max_sim_u4_predicted_ops": 0.6106425204663856, "argmax_sim_u4_predicted_ops": 3}, "[{'name': 'mirror_left_right'}, {'name': 'rot_binary', 'args': {'angle': 180}}]": {"sim_u4_predicted_ops": [0.7160678642714571, 0, 0.614848899390623, 0, 0, 0], "max_sim_u4_predicted_ops": 0.7160678642714571, "argmax_sim_u4_predicted_ops": 1}, "[{'name': 'mirror_left_right'}, {'name': 'rot_binary', 'args': {'angle': 270}}]": {"sim_u4_predicted_ops": [0.6004653868528214, 0, 0.614648097488187, 0, 0, 0], "max_sim_u4_predicted_ops": 0.614648097488187, "argmax_sim_u4_predicted_ops": 3}, "[{'name': 'add_diff'}]": {"sim_u4_predicted_ops": [0.8245983671319462, 0, 0.6914426059979317, 0, 0, 0], "max_sim_u4_predicted_ops": 0.8245983671319462, "argmax_sim_u4_predicted_ops": 1}}, "A : C  ::  B : ?": {"[{'name': None}]": {"sim_u4_predicted_ops": [0.7345844504021448, 0, 0.6157337367624811, 0, 0, 0], "max_sim_u4_predicted_ops": 0.7345844504021448, "argmax_sim_u4_predicted_ops": 1}, "[{'name': 'rot_binary', 'args': {'angle': 90}}]": {"sim_u4_predicted_ops": [0.5894946186242396, 0, 0.6386651323360184, 0, 0, 0], "max_sim_u4_predicted_ops": 0.6386651323360184, "argmax_sim_u4_predicted_ops": 3}, "[{'name': 'rot_binary', 'args': {'angle': 180}}]": {"sim_u4_predicted_ops": [0.7645454545454545, 0, 0.6845425867507886, 0, 0, 0], "max_sim_u4_predicted_ops": 0.7645454545454545, "argmax_sim_u4_predicted_ops": 1}, "[{'name': 'rot_binary', 'args': {'angle': 270}}]": {"sim_u4_predicted_ops": [0.5928487690504103, 0, 0.6147158876149679, 0, 0, 0], "max_sim_u4_predicted_ops": 0.6147158876149679, "argmax_sim_u4_predicted_ops": 3}, "[{'name': 'mirror_left_right'}]": {"sim_u4_predicted_ops": [0.7146643109540636, 0, 0.6443418013856813, 0, 0, 0], "max_sim_u4_predicted_ops": 0.7146643109540636, "argmax_sim_u4_predicted_ops": 1}, "[{'name': 'mirror_left_right'}, {'name': 'rot_binary', 'args': {'angle': 90}}]": {"sim_u4_predicted_ops": [0.5870809484873263, 0, 0.62970498474059, 0, 0, 0], "max_sim_u4_predicted_ops": 0.62970498474059, "argmax_sim_u4_predicted_ops": 3}, "[{'name': 'mirror_left_right'}, {'name': 'rot_binary', 'args': {'angle': 180}}]": {"sim_u4_predicted_ops": [0.7863528793058112, 0, 0.6545313710302091, 0, 0, 0], "max_sim_u4_predicted_ops": 0.7863528793058112, "argmax_sim_u4_predicted_ops": 1}, "[{'name': 'mirror_left_right'}, {'name': 'rot_binary', 'args': {'angle': 270}}]": {"sim_u4_predicted_ops": [0.5952800281789362, 0, 0.6231003039513677, 0, 0, 0], "max_sim_u4_predicted_ops": 0.6231003039513677, "argmax_sim_u4_predicted_ops": 3}, "[{'name': 'add_diff'}]": {"sim_u4_predicted_ops": [0.7475179087595828, 0, 0.6315527950310559, 0, 0, 0], "max_sim_u4_predicted_ops": 0.7475179087595828, "argmax_sim_u4_predicted_ops": 1}}}, "binary_analogies_data": {}, "best_analog_name": "A : B  ::  C : ?", "best_analog_type": "unary", "best_tran": "[{'name': None}]", "best_sim": null, "sim_predicted": 0.8277969705022589, "argmax_sim_predicted_ops": 1}