{"unary_analogies_data": {"A : B  ::  C : ?": {"[{'name': None}]": {"sim_u4_predicted_ops": [0.16573033707865167, 0.19844035175045627, 0.1248767663489977, 0.2458955223880597, 0.10834502103786817, 0.644106965995378], "max_sim_u4_predicted_ops": 0.644106965995378, "argmax_sim_u4_predicted_ops": 6}, "[{'name': 'rot_binary', 'args': {'angle': 90}}]": {"sim_u4_predicted_ops": [0.16619831393014853, 0.17888036559490778, 0.1263573543928924, 0.2316488380671339, 0.10485844110450891, 0.5504358655043586], "max_sim_u4_predicted_ops": 0.5504358655043586, "argmax_sim_u4_predicted_ops": 6}, "[{'name': 'rot_binary', 'args': {'angle': 180}}]": {"sim_u4_predicted_ops": [0.16666666666666666, 0.1992362609995019, 0.12598684210526315, 0.2510303484451105, 0.1064053202660133, 0.6333224007871433], "max_sim_u4_predicted_ops": 0.6333224007871433, "argmax_sim_u4_predicted_ops": 6}, "[{'name': 'rot_binary', 'args': {'angle': 270}}]": {"sim_u4_predicted_ops": [0.16666666666666666, 0.17849567629303312, 0.1245072273324573, 0.22938144329896906, 0.1064053202660133, 0.5485074626865671], "max_sim_u4_predicted_ops": 0.5485074626865671, "argmax_sim_u4_predicted_ops": 6}, "[{'name': 'mirror_left_right'}]": {"sim_u4_predicted_ops": [0.1633960752903484, 0.19804279316636259, 0.1252465483234714, 0.23255813953488372, 0.10756832515767344, 0.5814544299777707], "max_sim_u4_predicted_ops": 0.5814544299777707, "argmax_sim_u4_predicted_ops": 6}, "[{'name': 'mirror_left_right'}, {'name': 'rot_binary', 'args': {'angle': 90}}]": {"sim_u4_predicted_ops": [0.16432865731462926, 0.177727050383173, 0.12561657349556066, 0.22039473684210525, 0.10834502103786817, 0.5192190359975595], "max_sim_u4_predicted_ops": 0.5192190359975595, "argmax_sim_u4_predicted_ops": 6}, "[{'name': 'mirror_left_right'}, {'name': 'rot_binary', 'args': {'angle': 180}}]": {"sim_u4_predicted_ops": [0.16432865731462926, 0.19586092715231787, 0.12413793103448276, 0.23712486105965172, 0.10718038528896673, 0.592071611253197], "max_sim_u4_predicted_ops": 0.592071611253197, "argmax_sim_u4_predicted_ops": 6}, "[{'name': 'mirror_left_right'}, {'name': 'rot_binary', 'args': {'angle': 270}}]": {"sim_u4_predicted_ops": [0.16432865731462926, 0.17868798955613577, 0.1252465483234714, 0.21772428884026257, 0.10601819454163751, 0.5196826365578273], "max_sim_u4_predicted_ops": 0.5196826365578273, "argmax_sim_u4_predicted_ops": 6}, "[{'name': 'add_diff'}]": {"sim_u4_predicted_ops": [0.16261755485893417, 0.19996705649810576, 0.12383102225088681, 0.24124087591240875, 0.10756013745704468, 0.6322434444804144], "max_sim_u4_predicted_ops": 0.6322434444804144, "argmax_sim_u4_predicted_ops": 6}}, "A : C  ::  B : ?": {"[{'name': None}]": {"sim_u4_predicted_ops": [0.1458712259003274, 0.20821873483255138, 0.11185207638678388, 0.2211243611584327, 0.10190876738919444, 0.6472257250945775], "max_sim_u4_predicted_ops": 0.6472257250945775, "argmax_sim_u4_predicted_ops": 6}, "[{'name': 'rot_binary', 'args': {'angle': 90}}]": {"sim_u4_predicted_ops": [0.14712308812818645, 0.17717528373266078, 0.10183238209672574, 0.18872305140961856, 0.10119624959586163, 0.5467732386027235], "max_sim_u4_predicted_ops": 0.5467732386027235, "argmax_sim_u4_predicted_ops": 6}, "[{'name': 'rot_binary', 'args': {'angle': 180}}]": {"sim_u4_predicted_ops": [0.1462882096069869, 0.19852351147488365, 0.12343032159264931, 0.21656483367277665, 0.10262220783425056, 0.4958488405382193], "max_sim_u4_predicted_ops": 0.4958488405382193, "argmax_sim_u4_predicted_ops": 6}, "[{'name': 'rot_binary', 'args': {'angle': 270}}]": {"sim_u4_predicted_ops": [0.14754098360655737, 0.17458320226486315, 0.10748792270531402, 0.19426857714095302, 0.1022653721682848, 0.484375], "max_sim_u4_predicted_ops": 0.484375, "argmax_sim_u4_predicted_ops": 6}, "[{'name': 'mirror_left_right'}]": {"sim_u4_predicted_ops": [0.14545454545454545, 0.20704703410376596, 0.12411890897946674, 0.20714045133041428, 0.10262220783425056, 0.4542165321458391], "max_sim_u4_predicted_ops": 0.4542165321458391, "argmax_sim_u4_predicted_ops": 6}, "[{'name': 'mirror_left_right'}, {'name': 'rot_binary', 'args': {'angle': 90}}]": {"sim_u4_predicted_ops": [0.14754098360655737, 0.17476797231398458, 0.1031578947368421, 0.1820580474934037, 0.10262220783425056, 0.5088073924343055], "max_sim_u4_predicted_ops": 0.5088073924343055, "argmax_sim_u4_predicted_ops": 6}, "[{'name': 'mirror_left_right'}, {'name': 'rot_binary', 'args': {'angle': 180}}]": {"sim_u4_predicted_ops": [0.1458712259003274, 0.20335159523042218, 0.11185207638678388, 0.2157394843962008, 0.10190876738919444, 0.6226708074534162], "max_sim_u4_predicted_ops": 0.6226708074534162, "argmax_sim_u4_predicted_ops": 6}, "[{'name': 'mirror_left_right'}, {'name': 'rot_binary', 'args': {'angle': 270}}]": {"sim_u4_predicted_ops": [0.14670549690571533, 0.17163476623784124, 0.11050560096881623, 0.18754141815772035, 0.10297927461139897, 0.44977802441731407], "max_sim_u4_predicted_ops": 0.44977802441731407, "argmax_sim_u4_predicted_ops": 6}, "[{'name': 'add_diff'}]": {"sim_u4_predicted_ops": [0.1607069461570078, 0.19611455367610114, 0.11214642262895175, 0.2345585449033725, 0.10552763819095477, 0.6742993848257006], "max_sim_u4_predicted_ops": 0.6742993848257006, "argmax_sim_u4_predicted_ops": 6}}}, "binary_analogies_data": {}, "best_analog_name": "A : C  ::  B : ?", "best_analog_type": "unary", "best_tran": "[{'name': 'add_diff'}]", "best_sim": null, "sim_predicted": 0.6742993848257006, "argmax_sim_predicted_ops": 6}