{"unary_analogies_data": {"A : B  ::  C : ?": {"[{'name': None}]": {"sim_u4_predicted_ops": [0.7606157112526539, 0.43833244539158234, 0.6516598453842656, 0.2552786431291104, 0.5317667536988686, 0.455026455026455], "max_sim_u4_predicted_ops": 0.7606157112526539, "argmax_sim_u4_predicted_ops": 1}, "[{'name': 'rot_binary', 'args': {'angle': 90}}]": {"sim_u4_predicted_ops": [0.29891659052343034, 0.4692517006802721, 0.34485312268575663, 0.3666855097041643, 0.3734671125975474, 0.34249743062692706], "max_sim_u4_predicted_ops": 0.4692517006802721, "argmax_sim_u4_predicted_ops": 2}, "[{'name': 'rot_binary', 'args': {'angle': 180}}]": {"sim_u4_predicted_ops": [0.7606157112526539, 0.456372218476062, 0.6516598453842656, 0.25810928013876844, 0.5359680837800773, 0.4969202120040109], "max_sim_u4_predicted_ops": 0.7606157112526539, "argmax_sim_u4_predicted_ops": 1}, "[{'name': 'rot_binary', 'args': {'angle': 270}}]": {"sim_u4_predicted_ops": [0.29959514170040485, 0.4897227203752242, 0.344687152906331, 0.3666855097041643, 0.3730079126267692, 0.3440514469453376], "max_sim_u4_predicted_ops": 0.4897227203752242, "argmax_sim_u4_predicted_ops": 2}, "[{'name': 'mirror_left_right'}]": {"sim_u4_predicted_ops": [0.7606157112526539, 0.45480264044186985, 0.6516598453842656, 0.25810928013876844, 0.5359680837800773, 0.4969202120040109], "max_sim_u4_predicted_ops": 0.7606157112526539, "argmax_sim_u4_predicted_ops": 1}, "[{'name': 'mirror_left_right'}, {'name': 'rot_binary', 'args': {'angle': 90}}]": {"sim_u4_predicted_ops": [0.29959514170040485, 0.4897227203752242, 0.3443553362122147, 0.3666855097041643, 0.37331401181585105, 0.3438786008230453], "max_sim_u4_predicted_ops": 0.4897227203752242, "argmax_sim_u4_predicted_ops": 2}, "[{'name': 'mirror_left_right'}, {'name': 'rot_binary', 'args': {'angle': 180}}]": {"sim_u4_predicted_ops": [0.7606157112526539, 0.4406350053361793, 0.6516598453842656, 0.25506142931302994, 0.5317667536988686, 0.45725840189652767], "max_sim_u4_predicted_ops": 0.7606157112526539, "argmax_sim_u4_predicted_ops": 1}, "[{'name': 'mirror_left_right'}, {'name': 'rot_binary', 'args': {'angle': 270}}]": {"sim_u4_predicted_ops": [0.29891659052343034, 0.4692517006802721, 0.345019133440316, 0.3669430833019224, 0.3730079126267692, 0.3426699216240524], "max_sim_u4_predicted_ops": 0.4692517006802721, "argmax_sim_u4_predicted_ops": 2}, "[{'name': 'add_diff'}]": {"sim_u4_predicted_ops": [0.812428078250863, 0.6223911207624563, 0.9123252858958069, 0.3059878659984173, 0.7677137458667926, 0.4841377747564015], "max_sim_u4_predicted_ops": 0.9123252858958069, "argmax_sim_u4_predicted_ops": 3}}, "A : C  ::  B : ?": {"[{'name': None}]": {"sim_u4_predicted_ops": [0.7634742671889775, 0.6255115164269847, 0.8911252195056059, 0.3166793796084414, 0.8088425002931864, 0.49404761904761907], "max_sim_u4_predicted_ops": 0.8911252195056059, "argmax_sim_u4_predicted_ops": 3}, "[{'name': 'rot_binary', 'args': {'angle': 90}}]": {"sim_u4_predicted_ops": [0.409522781256748, 0.6022818946640544, 0.481324727542059, 0.23769120458891013, 0.557193336698637, 0.46799523448499947], "max_sim_u4_predicted_ops": 0.6022818946640544, "argmax_sim_u4_predicted_ops": 2}, "[{'name': 'rot_binary', 'args': {'angle': 180}}]": {"sim_u4_predicted_ops": [0.7634742671889775, 0.6398914838405284, 0.8243419338024498, 0.3195311504650274, 0.8812050250030492, 0.49470666078517866], "max_sim_u4_predicted_ops": 0.8812050250030492, "argmax_sim_u4_predicted_ops": 5}, "[{'name': 'rot_binary', 'args': {'angle': 270}}]": {"sim_u4_predicted_ops": [0.4099794794254239, 0.6525615119457981, 0.48179508890770534, 0.24139997602780774, 0.5573505654281099, 0.4687906371911573], "max_sim_u4_predicted_ops": 0.6525615119457981, "argmax_sim_u4_predicted_ops": 2}, "[{'name': 'mirror_left_right'}]": {"sim_u4_predicted_ops": [0.7634742671889775, 0.6408591998111649, 0.8248175182481752, 0.31936305732484077, 0.8809756097560976, 0.497514086841233], "max_sim_u4_predicted_ops": 0.8809756097560976, "argmax_sim_u4_predicted_ops": 5}, "[{'name': 'mirror_left_right'}, {'name': 'rot_binary', 'args': {'angle': 90}}]": {"sim_u4_predicted_ops": [0.4099794794254239, 0.6521687462863933, 0.48116800677105376, 0.23769120458891013, 0.557193336698637, 0.4686314877018095], "max_sim_u4_predicted_ops": 0.6521687462863933, "argmax_sim_u4_predicted_ops": 2}, "[{'name': 'mirror_left_right'}, {'name': 'rot_binary', 'args': {'angle': 180}}]": {"sim_u4_predicted_ops": [0.7634742671889775, 0.6245618135078289, 0.8911252195056059, 0.3166793796084414, 0.8088425002931864, 0.49404761904761907], "max_sim_u4_predicted_ops": 0.8911252195056059, "argmax_sim_u4_predicted_ops": 3}, "[{'name': 'mirror_left_right'}, {'name': 'rot_binary', 'args': {'angle': 270}}]": {"sim_u4_predicted_ops": [0.409522781256748, 0.6026512968299712, 0.48179508890770534, 0.24139997602780774, 0.55750782591134, 0.46799523448499947], "max_sim_u4_predicted_ops": 0.6026512968299712, "argmax_sim_u4_predicted_ops": 2}, "[{'name': 'add_diff'}]": {"sim_u4_predicted_ops": [0.7730632356966877, 0.6203334115989669, 0.9024089789214345, 0.3148717948717949, 0.8035546139359698, 0.48291446208112876], "max_sim_u4_predicted_ops": 0.9024089789214345, "argmax_sim_u4_predicted_ops": 3}}}, "binary_analogies_data": {}, "best_analog_name": "A : B  ::  C : ?", "best_analog_type": "unary", "best_tran": "[{'name': 'add_diff'}]", "best_sim": null, "sim_predicted": 0.9123252858958069, "argmax_sim_predicted_ops": 3}