{"unary_analogies_data": {"A : B  ::  C : ?": {"[{'name': None}]": {"sim_u4_predicted_ops": [0.4594291539245668, 0.3664275827356235, 0.38136112814224404, 0.3135072094995759, 0.4307788944723618, 0.3346770229082686], "max_sim_u4_predicted_ops": 0.4594291539245668, "argmax_sim_u4_predicted_ops": 1}, "[{'name': 'rot_binary', 'args': {'angle': 90}}]": {"sim_u4_predicted_ops": [0.2977701232777375, 0.31401258470474347, 0.27866061293984107, 0.31239406779661016, 0.3057784911717496, 0.39316502463054187], "max_sim_u4_predicted_ops": 0.39316502463054187, "argmax_sim_u4_predicted_ops": 6}, "[{'name': 'rot_binary', 'args': {'angle': 180}}]": {"sim_u4_predicted_ops": [0.4756751185322614, 0.3738613360323887, 0.4547215496368039, 0.31267217630853994, 0.5068801270177296, 0.33559622195985833], "max_sim_u4_predicted_ops": 0.5068801270177296, "argmax_sim_u4_predicted_ops": 5}, "[{'name': 'rot_binary', 'args': {'angle': 270}}]": {"sim_u4_predicted_ops": [0.2977701232777375, 0.2998563562365334, 0.26024332261222205, 0.31239406779661016, 0.3057784911717496, 0.39316502463054187], "max_sim_u4_predicted_ops": 0.39316502463054187, "argmax_sim_u4_predicted_ops": 6}, "[{'name': 'mirror_left_right'}]": {"sim_u4_predicted_ops": [0.4756751185322614, 0.3738613360323887, 0.45448676565526147, 0.31267217630853994, 0.5068801270177296, 0.3352021245205075], "max_sim_u4_predicted_ops": 0.5068801270177296, "argmax_sim_u4_predicted_ops": 5}, "[{'name': 'mirror_left_right'}, {'name': 'rot_binary', 'args': {'angle': 90}}]": {"sim_u4_predicted_ops": [0.2977701232777375, 0.3000119717466778, 0.26024332261222205, 0.31239406779661016, 0.3060779816513762, 0.39316502463054187], "max_sim_u4_predicted_ops": 0.39316502463054187, "argmax_sim_u4_predicted_ops": 6}, "[{'name': 'mirror_left_right'}, {'name': 'rot_binary', 'args': {'angle': 180}}]": {"sim_u4_predicted_ops": [0.4594291539245668, 0.3664275827356235, 0.38136112814224404, 0.3135072094995759, 0.4307788944723618, 0.3350708103855232], "max_sim_u4_predicted_ops": 0.4594291539245668, "argmax_sim_u4_predicted_ops": 1}, "[{'name': 'mirror_left_right'}, {'name': 'rot_binary', 'args': {'angle': 270}}]": {"sim_u4_predicted_ops": [0.2977701232777375, 0.3138535995160315, 0.27866061293984107, 0.31239406779661016, 0.30547913801008714, 0.39316502463054187], "max_sim_u4_predicted_ops": 0.39316502463054187, "argmax_sim_u4_predicted_ops": 6}, "[{'name': 'add_diff'}]": {"sim_u4_predicted_ops": [0.9736681577877185, 0.48750699235502515, 0.45263591433278416, 0.5522904829545454, 0.6139612296847464, 0.623282907320466], "max_sim_u4_predicted_ops": 0.9736681577877185, "argmax_sim_u4_predicted_ops": 1}}, "A : C  ::  B : ?": {"[{'name': None}]": {"sim_u4_predicted_ops": [0.9675724820688959, 0.487648588410104, 0.44982097186700765, 0.5543844109831709, 0.6102948331225065, 0.6260197882312099], "max_sim_u4_predicted_ops": 0.9675724820688959, "argmax_sim_u4_predicted_ops": 1}, "[{'name': 'rot_binary', 'args': {'angle': 90}}]": {"sim_u4_predicted_ops": [0.576064088040136, 0.41899193905571797, 0.3707321791275752, 0.5209741723002254, 0.5360126229812512, 0.6040239726027398], "max_sim_u4_predicted_ops": 0.6040239726027398, "argmax_sim_u4_predicted_ops": 6}, "[{'name': 'rot_binary', 'args': {'angle': 180}}]": {"sim_u4_predicted_ops": [0.7588044067184396, 0.5065362550550174, 0.44982097186700765, 0.5539714867617108, 0.6748304827446615, 0.6241872561768531], "max_sim_u4_predicted_ops": 0.7588044067184396, "argmax_sim_u4_predicted_ops": 1}, "[{'name': 'rot_binary', 'args': {'angle': 270}}]": {"sim_u4_predicted_ops": [0.5761916322732055, 0.41936912989544567, 0.3732558139534884, 0.5209741723002254, 0.5361552028218695, 0.5151637687019814], "max_sim_u4_predicted_ops": 0.5761916322732055, "argmax_sim_u4_predicted_ops": 1}, "[{'name': 'mirror_left_right'}]": {"sim_u4_predicted_ops": [0.7588044067184396, 0.5065362550550174, 0.44982097186700765, 0.554109103790294, 0.6761875822951484, 0.6260197882312099], "max_sim_u4_predicted_ops": 0.7588044067184396, "argmax_sim_u4_predicted_ops": 1}, "[{'name': 'mirror_left_right'}, {'name': 'rot_binary', 'args': {'angle': 90}}]": {"sim_u4_predicted_ops": [0.576064088040136, 0.41911764705882354, 0.37113003095975233, 0.5209741723002254, 0.5360126229812512, 0.5151637687019814], "max_sim_u4_predicted_ops": 0.576064088040136, "argmax_sim_u4_predicted_ops": 1}, "[{'name': 'mirror_left_right'}, {'name': 'rot_binary', 'args': {'angle': 180}}]": {"sim_u4_predicted_ops": [0.9675724820688959, 0.487648588410104, 0.44982097186700765, 0.5543844109831709, 0.6102948331225065, 0.6241872561768531], "max_sim_u4_predicted_ops": 0.9675724820688959, "argmax_sim_u4_predicted_ops": 1}, "[{'name': 'mirror_left_right'}, {'name': 'rot_binary', 'args': {'angle': 270}}]": {"sim_u4_predicted_ops": [0.5761916322732055, 0.4192433773367591, 0.3708647707486941, 0.5209741723002254, 0.5361552028218695, 0.6040239726027398], "max_sim_u4_predicted_ops": 0.6040239726027398, "argmax_sim_u4_predicted_ops": 6}, "[{'name': 'add_diff'}]": {"sim_u4_predicted_ops": [0.9600969794928781, 0.48091390359431596, 0.4532522420369034, 0.5519538188277087, 0.60325029194239, 0.6229779092016002], "max_sim_u4_predicted_ops": 0.9600969794928781, "argmax_sim_u4_predicted_ops": 1}}}, "binary_analogies_data": {}, "best_analog_name": "A : B  ::  C : ?", "best_analog_type": "unary", "best_tran": "[{'name': 'add_diff'}]", "best_sim": null, "sim_predicted": 0.9736681577877185, "argmax_sim_predicted_ops": 1}