{"unary_analogies_data": {"A : B  ::  C : ?": {"[{'name': None}]": {"sim_u4_predicted_ops": [0.882938026013772, 0.3763407906834202, 0.7081749049429658, 0.37788372808366655, 0.4338923556942278, 0.4339265429761454], "max_sim_u4_predicted_ops": 0.882938026013772, "argmax_sim_u4_predicted_ops": 1}, "[{'name': 'rot_binary', 'args': {'angle': 90}}]": {"sim_u4_predicted_ops": [0.28266157053509383, 0.36816450875856815, 0.36260236578707916, 0.5690017513134851, 0.4482962379357889, 0.28941096356826695], "max_sim_u4_predicted_ops": 0.5690017513134851, "argmax_sim_u4_predicted_ops": 4}, "[{'name': 'rot_binary', 'args': {'angle': 180}}]": {"sim_u4_predicted_ops": [0.40387906446092414, 0.708904109589041, 0.37553582363747706, 0.38000616142945165, 0.40538990825688076, 0.44901473120336716], "max_sim_u4_predicted_ops": 0.708904109589041, "argmax_sim_u4_predicted_ops": 2}, "[{'name': 'rot_binary', 'args': {'angle': 270}}]": {"sim_u4_predicted_ops": [0.28422334319012005, 0.3662914511712808, 0.3648792343916148, 0.35804153403062, 0.27856025039123633, 0.45709888418622546], "max_sim_u4_predicted_ops": 0.45709888418622546, "argmax_sim_u4_predicted_ops": 6}, "[{'name': 'mirror_left_right'}]": {"sim_u4_predicted_ops": [0.4425556858147714, 0.3814211011996309, 0.37658955109544967, 0.7100591715976331, 0.8868360277136259, 0.42074657662727444], "max_sim_u4_predicted_ops": 0.8868360277136259, "argmax_sim_u4_predicted_ops": 5}, "[{'name': 'mirror_left_right'}, {'name': 'rot_binary', 'args': {'angle': 90}}]": {"sim_u4_predicted_ops": [0.2777777777777778, 0.5768960674157303, 0.35868743384243157, 0.36590943741424, 0.2895475271834444, 0.29492220892460247], "max_sim_u4_predicted_ops": 0.5768960674157303, "argmax_sim_u4_predicted_ops": 2}, "[{'name': 'mirror_left_right'}, {'name': 'rot_binary', 'args': {'angle': 180}}]": {"sim_u4_predicted_ops": [0.4119334480780264, 0.37951159576101984, 0.3782788771283939, 0.3749232658072437, 0.3957858769931663, 0.9121433981317849], "max_sim_u4_predicted_ops": 0.9121433981317849, "argmax_sim_u4_predicted_ops": 6}, "[{'name': 'mirror_left_right'}, {'name': 'rot_binary', 'args': {'angle': 270}}]": {"sim_u4_predicted_ops": [0.43498542274052476, 0.3609090909090909, 0.568336533426427, 0.36341500532643434, 0.2875153213097531, 0.3002575107296137], "max_sim_u4_predicted_ops": 0.568336533426427, "argmax_sim_u4_predicted_ops": 3}, "[{'name': 'add_diff'}]": {"sim_u4_predicted_ops": [0.7526463599049471, 0.4460988683740322, 0.7228231956020571, 0.44396423248882266, 0.42381539545534613, 0.42606903657908296], "max_sim_u4_predicted_ops": 0.7526463599049471, "argmax_sim_u4_predicted_ops": 1}}, "A : C  ::  B : ?": {"[{'name': None}]": {"sim_u4_predicted_ops": [0.361633281972265, 0.9813935826846402, 0.498564455928797, 0.49633568041385256, 0.3654263565891473, 0.3749619250685349], "max_sim_u4_predicted_ops": 0.9813935826846402, "argmax_sim_u4_predicted_ops": 2}, "[{'name': 'rot_binary', 'args': {'angle': 90}}]": {"sim_u4_predicted_ops": [0.34423486461819286, 0.4859746547059661, 0.48133957712501774, 0.4839675074818298, 0.34355453852021356, 0.5698139454007999], "max_sim_u4_predicted_ops": 0.5698139454007999, "argmax_sim_u4_predicted_ops": 6}, "[{'name': 'rot_binary', 'args': {'angle': 180}}]": {"sim_u4_predicted_ops": [0.6579737335834897, 0.4989945417983338, 0.983846446218168, 0.49633568041385256, 0.3662736580825318, 0.3812729498164015], "max_sim_u4_predicted_ops": 0.983846446218168, "argmax_sim_u4_predicted_ops": 3}, "[{'name': 'rot_binary', 'args': {'angle': 270}}]": {"sim_u4_predicted_ops": [0.34710365853658537, 0.4859746547059661, 0.48133957712501774, 0.7845758354755784, 0.5538108680310515, 0.3588199879590608], "max_sim_u4_predicted_ops": 0.7845758354755784, "argmax_sim_u4_predicted_ops": 4}, "[{'name': 'mirror_left_right'}]": {"sim_u4_predicted_ops": [0.3572415911534326, 0.49856404365307294, 0.494488188976378, 0.496550732969244, 0.35721991061796887, 0.6818181818181818], "max_sim_u4_predicted_ops": 0.6818181818181818, "argmax_sim_u4_predicted_ops": 6}, "[{'name': 'mirror_left_right'}, {'name': 'rot_binary', 'args': {'angle': 90}}]": {"sim_u4_predicted_ops": [0.540083652840711, 0.48682148454195756, 0.7838345864661654, 0.48291085160922814, 0.3555487147914422, 0.36539624924379915], "max_sim_u4_predicted_ops": 0.7838345864661654, "argmax_sim_u4_predicted_ops": 3}, "[{'name': 'mirror_left_right'}, {'name': 'rot_binary', 'args': {'angle': 180}}]": {"sim_u4_predicted_ops": [0.35912027068594277, 0.49856404365307294, 0.494488188976378, 0.9868345735546652, 0.681687989306855, 0.3753808653260207], "max_sim_u4_predicted_ops": 0.9868345735546652, "argmax_sim_u4_predicted_ops": 4}, "[{'name': 'mirror_left_right'}, {'name': 'rot_binary', 'args': {'angle': 270}}]": {"sim_u4_predicted_ops": [0.34423486461819286, 0.7965226372869685, 0.48703703703703705, 0.48291085160922814, 0.3513886757710603, 0.36415835599879115], "max_sim_u4_predicted_ops": 0.7965226372869685, "argmax_sim_u4_predicted_ops": 2}, "[{'name': 'add_diff'}]": {"sim_u4_predicted_ops": [0.42084562438544737, 0.6759734093067427, 0.4322570176861918, 0.35171248656120413, 0.30794401017996725, 0.30448548812664905], "max_sim_u4_predicted_ops": 0.6759734093067427, "argmax_sim_u4_predicted_ops": 2}}}, "binary_analogies_data": {}, "best_analog_name": "A : C  ::  B : ?", "best_analog_type": "unary", "best_tran": "[{'name': 'mirror_left_right'}, {'name': 'rot_binary', 'args': {'angle': 180}}]", "best_sim": null, "sim_predicted": 0.9868345735546652, "argmax_sim_predicted_ops": 4}