{"unary_analogies_data": {"A : B  ::  C : ?": {"[{'name': None}]": {"sim_u4_predicted_ops": [0.4485981308411215, 0.9159322033898305, 0.08504724847137299, 0.5938543754175016, 0.6553323029366306, 0.28509951586874666], "max_sim_u4_predicted_ops": 0.9159322033898305, "argmax_sim_u4_predicted_ops": 2}, "[{'name': 'rot_binary', 'args': {'angle': 90}}]": {"sim_u4_predicted_ops": [0.45161290322580644, 0.7852179406190777, 0.08264004437049362, 0.540348612007747, 0.5529241179313679, 0.2948509485094851], "max_sim_u4_predicted_ops": 0.7852179406190777, "argmax_sim_u4_predicted_ops": 2}, "[{'name': 'rot_binary', 'args': {'angle': 180}}]": {"sim_u4_predicted_ops": [0.4607329842931937, 0.8579881656804734, 0.0838423098278734, 0.5938543754175016, 0.6161971830985915, 0.2761752136752137], "max_sim_u4_predicted_ops": 0.8579881656804734, "argmax_sim_u4_predicted_ops": 2}, "[{'name': 'rot_binary', 'args': {'angle': 270}}]": {"sim_u4_predicted_ops": [0.43297380585516176, 0.7795969773299748, 0.08084163898117387, 0.5373711340206185, 0.55819592628516, 0.29274891774891776], "max_sim_u4_predicted_ops": 0.7795969773299748, "argmax_sim_u4_predicted_ops": 2}, "[{'name': 'mirror_left_right'}]": {"sim_u4_predicted_ops": [0.4478463933575506, 0.8579881656804734, 0.08504724847137299, 0.5938543754175016, 0.6243680485338726, 0.27685729556386957], "max_sim_u4_predicted_ops": 0.8579881656804734, "argmax_sim_u4_predicted_ops": 2}, "[{'name': 'mirror_left_right'}, {'name': 'rot_binary', 'args': {'angle': 90}}]": {"sim_u4_predicted_ops": [0.4501039501039501, 0.7852179406190777, 0.08264004437049362, 0.540348612007747, 0.5536750483558994, 0.29836956521739133], "max_sim_u4_predicted_ops": 0.7852179406190777, "argmax_sim_u4_predicted_ops": 2}, "[{'name': 'mirror_left_right'}, {'name': 'rot_binary', 'args': {'angle': 180}}]": {"sim_u4_predicted_ops": [0.46149816657936094, 0.9172320217096337, 0.08324084350721421, 0.5938543754175016, 0.6519280205655527, 0.28165236051502146], "max_sim_u4_predicted_ops": 0.9172320217096337, "argmax_sim_u4_predicted_ops": 2}, "[{'name': 'mirror_left_right'}, {'name': 'rot_binary', 'args': {'angle': 270}}]": {"sim_u4_predicted_ops": [0.43297380585516176, 0.7795969773299748, 0.08084163898117387, 0.5373711340206185, 0.5574406204556471, 0.2934488359501895], "max_sim_u4_predicted_ops": 0.7795969773299748, "argmax_sim_u4_predicted_ops": 2}, "[{'name': 'add_diff'}]": {"sim_u4_predicted_ops": [0.5266881028938907, 0.6350067842605156, 0.0847457627118644, 0.7892824704813806, 0.452987012987013, 0.17791044776119402], "max_sim_u4_predicted_ops": 0.7892824704813806, "argmax_sim_u4_predicted_ops": 4}}, "A : C  ::  B : ?": {"[{'name': None}]": {"sim_u4_predicted_ops": [0.19904931669637552, 0.08048395581273014, 0.9032258064516129, 0.08394895903290799, 0.16459923664122136, 0.4807692307692308], "max_sim_u4_predicted_ops": 0.9032258064516129, "argmax_sim_u4_predicted_ops": 3}, "[{'name': 'rot_binary', 'args': {'angle': 90}}]": {"sim_u4_predicted_ops": [0.19337670017740982, 0.08162190626645603, 0.8351477449455676, 0.0846774193548387, 0.16962146621945376, 0.4834862385321101], "max_sim_u4_predicted_ops": 0.8351477449455676, "argmax_sim_u4_predicted_ops": 3}, "[{'name': 'rot_binary', 'args': {'angle': 180}}]": {"sim_u4_predicted_ops": [0.19976218787158145, 0.08105263157894736, 0.8971061093247589, 0.08394895903290799, 0.16072277698525916, 0.48621323529411764], "max_sim_u4_predicted_ops": 0.8971061093247589, "argmax_sim_u4_predicted_ops": 3}, "[{'name': 'rot_binary', 'args': {'angle': 270}}]": {"sim_u4_predicted_ops": [0.19478981645944346, 0.08162190626645603, 0.8322981366459627, 0.0846774193548387, 0.16962146621945376, 0.4834862385321101], "max_sim_u4_predicted_ops": 0.8322981366459627, "argmax_sim_u4_predicted_ops": 3}, "[{'name': 'mirror_left_right'}]": {"sim_u4_predicted_ops": [0.19691577698695137, 0.08048395581273014, 0.8849840255591054, 0.08394895903290799, 0.1685016754427956, 0.48758049678012877], "max_sim_u4_predicted_ops": 0.8849840255591054, "argmax_sim_u4_predicted_ops": 3}, "[{'name': 'mirror_left_right'}, {'name': 'rot_binary', 'args': {'angle': 90}}]": {"sim_u4_predicted_ops": [0.19478981645944346, 0.08162190626645603, 0.838006230529595, 0.0846774193548387, 0.162934730824202, 0.49032258064516127], "max_sim_u4_predicted_ops": 0.838006230529595, "argmax_sim_u4_predicted_ops": 3}, "[{'name': 'mirror_left_right'}, {'name': 'rot_binary', 'args': {'angle': 180}}]": {"sim_u4_predicted_ops": [0.1962062833432128, 0.08105263157894736, 0.9032258064516129, 0.08394895903290799, 0.16962146621945376, 0.4834862385321101], "max_sim_u4_predicted_ops": 0.9032258064516129, "argmax_sim_u4_predicted_ops": 3}, "[{'name': 'mirror_left_right'}, {'name': 'rot_binary', 'args': {'angle': 270}}]": {"sim_u4_predicted_ops": [0.1940828402366864, 0.08162190626645603, 0.8322981366459627, 0.0846774193548387, 0.16127497621313036, 0.4821264894592117], "max_sim_u4_predicted_ops": 0.8322981366459627, "argmax_sim_u4_predicted_ops": 3}, "[{'name': 'add_diff'}]": {"sim_u4_predicted_ops": [0.5189599133261105, 0.4737934613388687, 0.403283369022127, 0.5434083601286174, 0.4850437183617119, 0.2898550724637681], "max_sim_u4_predicted_ops": 0.5434083601286174, "argmax_sim_u4_predicted_ops": 4}}}, "binary_analogies_data": {}, "best_analog_name": "A : B  ::  C : ?", "best_analog_type": "unary", "best_tran": "[{'name': 'mirror_left_right'}, {'name': 'rot_binary', 'args': {'angle': 180}}]", "best_sim": null, "sim_predicted": 0.9172320217096337, "argmax_sim_predicted_ops": 2}