{"unary_analogies_data": {"A : B  ::  C : ?": {"[{'name': None}]": {"sim_u4_predicted_ops": [0.4996688741721854, 0.31003505696757233, 0.07261326860841424, 0.149211833297344, 0.9785323110624315, 0.5050053248136315], "max_sim_u4_predicted_ops": 0.9785323110624315, "argmax_sim_u4_predicted_ops": 5}, "[{'name': 'rot_binary', 'args': {'angle': 90}}]": {"sim_u4_predicted_ops": [0.5236333052985702, 0.33818263205013427, 0.08092132083163474, 0.0832485243232241, 0.5285158233203587, 0.3630401234567901], "max_sim_u4_predicted_ops": 0.5285158233203587, "argmax_sim_u4_predicted_ops": 5}, "[{'name': 'rot_binary', 'args': {'angle': 180}}]": {"sim_u4_predicted_ops": [0.9717022202873313, 0.33818263205013427, 0.15861918287087612, 0.07104045079492856, 0.5003322259136213, 0.5018065887353879], "max_sim_u4_predicted_ops": 0.9717022202873313, "argmax_sim_u4_predicted_ops": 1}, "[{'name': 'rot_binary', 'args': {'angle': 270}}]": {"sim_u4_predicted_ops": [0.5228648285137861, 0.33818263205013427, 0.08180334557323542, 0.08258746948738813, 0.5282571912013536, 0.36093990755007704], "max_sim_u4_predicted_ops": 0.5282571912013536, "argmax_sim_u4_predicted_ops": 5}, "[{'name': 'mirror_left_right'}]": {"sim_u4_predicted_ops": [0.9725609756097561, 0.33818263205013427, 0.15861918287087612, 0.07104045079492856, 0.5003322259136213, 0.5018065887353879], "max_sim_u4_predicted_ops": 0.9725609756097561, "argmax_sim_u4_predicted_ops": 1}, "[{'name': 'mirror_left_right'}, {'name': 'rot_binary', 'args': {'angle': 90}}]": {"sim_u4_predicted_ops": [0.5228648285137861, 0.33818263205013427, 0.0813621533442088, 0.08236729713239781, 0.5279986465911013, 0.36093990755007704], "max_sim_u4_predicted_ops": 0.5279986465911013, "argmax_sim_u4_predicted_ops": 5}, "[{'name': 'mirror_left_right'}, {'name': 'rot_binary', 'args': {'angle': 180}}]": {"sim_u4_predicted_ops": [0.4996688741721854, 0.31003505696757233, 0.07283026502124217, 0.14946004319654427, 0.9780989925536575, 0.5050053248136315], "max_sim_u4_predicted_ops": 0.9780989925536575, "argmax_sim_u4_predicted_ops": 5}, "[{'name': 'mirror_left_right'}, {'name': 'rot_binary', 'args': {'angle': 270}}]": {"sim_u4_predicted_ops": [0.5236333052985702, 0.33818263205013427, 0.0813621533442088, 0.0832485243232241, 0.5287745429925524, 0.3630401234567901], "max_sim_u4_predicted_ops": 0.5287745429925524, "argmax_sim_u4_predicted_ops": 5}, "[{'name': 'add_diff'}]": {"sim_u4_predicted_ops": [0.6616194865042792, 0.26409655917852637, 0.10740482011875654, 0.13046569498755778, 0.7998212689901698, 0.4466262049268119], "max_sim_u4_predicted_ops": 0.7998212689901698, "argmax_sim_u4_predicted_ops": 5}}, "A : C  ::  B : ?": {"[{'name': None}]": {"sim_u4_predicted_ops": [0.9721622788088045, 0.3321609144867004, 0.1663778162911612, 0.07053695264513572, 0.5020603263556948, 0.4995803608896349], "max_sim_u4_predicted_ops": 0.9721622788088045, "argmax_sim_u4_predicted_ops": 1}, "[{'name': 'rot_binary', 'args': {'angle': 90}}]": {"sim_u4_predicted_ops": [0.525200267022697, 0.3321609144867004, 0.08090744830355351, 0.08254858745742336, 0.5310819892473119, 0.3626310772163966], "max_sim_u4_predicted_ops": 0.5310819892473119, "argmax_sim_u4_predicted_ops": 5}, "[{'name': 'rot_binary', 'args': {'angle': 180}}]": {"sim_u4_predicted_ops": [0.50139641859701, 0.3074433656957929, 0.07250996015936255, 0.16218541621854163, 0.9858356940509915, 0.5027333894028595], "max_sim_u4_predicted_ops": 0.9858356940509915, "argmax_sim_u4_predicted_ops": 5}, "[{'name': 'rot_binary', 'args': {'angle': 270}}]": {"sim_u4_predicted_ops": [0.5267290344136318, 0.3321609144867004, 0.08090744830355351, 0.08298256163559832, 0.5308247942214009, 0.3647126217299981], "max_sim_u4_predicted_ops": 0.5308247942214009, "argmax_sim_u4_predicted_ops": 5}, "[{'name': 'mirror_left_right'}]": {"sim_u4_predicted_ops": [0.50139641859701, 0.3074433656957929, 0.07272365012950786, 0.16193548387096773, 0.9858356940509915, 0.5030494216614091], "max_sim_u4_predicted_ops": 0.9858356940509915, "argmax_sim_u4_predicted_ops": 5}, "[{'name': 'mirror_left_right'}, {'name': 'rot_binary', 'args': {'angle': 90}}]": {"sim_u4_predicted_ops": [0.5259642678243446, 0.3321609144867004, 0.08047361027493478, 0.08319967923015237, 0.5315966386554621, 0.3647126217299981], "max_sim_u4_predicted_ops": 0.5315966386554621, "argmax_sim_u4_predicted_ops": 5}, "[{'name': 'mirror_left_right'}, {'name': 'rot_binary', 'args': {'angle': 180}}]": {"sim_u4_predicted_ops": [0.9730138169257341, 0.3321609144867004, 0.1666305525460455, 0.0709613478691774, 0.5020603263556948, 0.4995803608896349], "max_sim_u4_predicted_ops": 0.9730138169257341, "argmax_sim_u4_predicted_ops": 1}, "[{'name': 'mirror_left_right'}, {'name': 'rot_binary', 'args': {'angle': 270}}]": {"sim_u4_predicted_ops": [0.5259642678243446, 0.3321609144867004, 0.08134163486643904, 0.08233173076923077, 0.5303106633081445, 0.3626310772163966], "max_sim_u4_predicted_ops": 0.5303106633081445, "argmax_sim_u4_predicted_ops": 5}, "[{'name': 'add_diff'}]": {"sim_u4_predicted_ops": [0.9572723349158394, 0.3372767857142857, 0.16787519226543618, 0.07065435568044962, 0.5010788381742739, 0.49482576557550156], "max_sim_u4_predicted_ops": 0.9572723349158394, "argmax_sim_u4_predicted_ops": 1}}}, "binary_analogies_data": {}, "best_analog_name": "A : C  ::  B : ?", "best_analog_type": "unary", "best_tran": "[{'name': 'rot_binary', 'args': {'angle': 180}}]", "best_sim": null, "sim_predicted": 0.9858356940509915, "argmax_sim_predicted_ops": 5}