{"unary_analogies_data": {"A : B  ::  C : ?": {"[{'name': None}]": {"sim_u4_predicted_ops": [0.18474826206024858, 0.07686453576864535, 0.29096283783783783, 0.3010889548861547, 0.788391777509069, 0.12458219386204801], "max_sim_u4_predicted_ops": 0.788391777509069, "argmax_sim_u4_predicted_ops": 5}, "[{'name': 'rot_binary', 'args': {'angle': 90}}]": {"sim_u4_predicted_ops": [0.184, 0.0772744575561477, 0.17216257668711657, 0.2854547994969959, 0.22332506203473945, 0.12389918007895535], "max_sim_u4_predicted_ops": 0.2854547994969959, "argmax_sim_u4_predicted_ops": 4}, "[{'name': 'rot_binary', 'args': {'angle': 180}}]": {"sim_u4_predicted_ops": [0.18524762908324552, 0.07645492582731077, 0.292600422832981, 0.3010889548861547, 0.6699284907790741, 0.12458219386204801], "max_sim_u4_predicted_ops": 0.6699284907790741, "argmax_sim_u4_predicted_ops": 5}, "[{'name': 'rot_binary', 'args': {'angle': 270}}]": {"sim_u4_predicted_ops": [0.18474826206024858, 0.07809523809523809, 0.18903150525087514, 0.2854547994969959, 0.22704646017699115, 0.12492401215805471], "max_sim_u4_predicted_ops": 0.2854547994969959, "argmax_sim_u4_predicted_ops": 4}, "[{'name': 'mirror_left_right'}]": {"sim_u4_predicted_ops": [0.18499789296249472, 0.07686453576864535, 0.29096283783783783, 0.3010889548861547, 0.6693002257336343, 0.12492401215805471], "max_sim_u4_predicted_ops": 0.6693002257336343, "argmax_sim_u4_predicted_ops": 5}, "[{'name': 'mirror_left_right'}, {'name': 'rot_binary', 'args': {'angle': 90}}]": {"sim_u4_predicted_ops": [0.18449873631002528, 0.0772744575561477, 0.17216257668711657, 0.2854547994969959, 0.22535211267605634, 0.12492401215805471], "max_sim_u4_predicted_ops": 0.2854547994969959, "argmax_sim_u4_predicted_ops": 4}, "[{'name': 'mirror_left_right'}, {'name': 'rot_binary', 'args': {'angle': 180}}]": {"sim_u4_predicted_ops": [0.18474826206024858, 0.07686453576864535, 0.292600422832981, 0.3010889548861547, 0.7876712328767124, 0.12492401215805471], "max_sim_u4_predicted_ops": 0.7876712328767124, "argmax_sim_u4_predicted_ops": 5}, "[{'name': 'mirror_left_right'}, {'name': 'rot_binary', 'args': {'angle': 270}}]": {"sim_u4_predicted_ops": [0.18424931564539904, 0.07768469154607768, 0.18903150525087514, 0.2854547994969959, 0.22501380452788514, 0.12526603830951658], "max_sim_u4_predicted_ops": 0.2854547994969959, "argmax_sim_u4_predicted_ops": 4}, "[{'name': 'add_diff'}]": {"sim_u4_predicted_ops": [0.5870343085666175, 0.09556786703601108, 0.1608309990662932, 0.5718325791855203, 0.4661897069005308, 0.2665163472378805], "max_sim_u4_predicted_ops": 0.5870343085666175, "argmax_sim_u4_predicted_ops": 1}}, "A : C  ::  B : ?": {"[{'name': None}]": {"sim_u4_predicted_ops": [0.9692657939669892, 0.198373511472553, 0.06041412911084044, 0.48437279027011737, 0.18328173374613002, 0.4220261809903244], "max_sim_u4_predicted_ops": 0.9692657939669892, "argmax_sim_u4_predicted_ops": 1}, "[{'name': 'rot_binary', 'args': {'angle': 90}}]": {"sim_u4_predicted_ops": [0.9647927314026121, 0.198373511472553, 0.06041412911084044, 0.48437279027011737, 0.18303755674783326, 0.4204093234792496], "max_sim_u4_predicted_ops": 0.9647927314026121, "argmax_sim_u4_predicted_ops": 1}, "[{'name': 'rot_binary', 'args': {'angle': 180}}]": {"sim_u4_predicted_ops": [0.9659090909090909, 0.19976737423669672, 0.06041412911084044, 0.48437279027011737, 0.18303755674783326, 0.4204093234792496], "max_sim_u4_predicted_ops": 0.9659090909090909, "argmax_sim_u4_predicted_ops": 1}, "[{'name': 'rot_binary', 'args': {'angle': 270}}]": {"sim_u4_predicted_ops": [0.9659090909090909, 0.1994186046511628, 0.06041412911084044, 0.48437279027011737, 0.18254950495049505, 0.420813193062269], "max_sim_u4_predicted_ops": 0.9659090909090909, "argmax_sim_u4_predicted_ops": 1}, "[{'name': 'mirror_left_right'}]": {"sim_u4_predicted_ops": [0.9664677465188974, 0.20046552225778294, 0.06041412911084044, 0.48437279027011737, 0.18303755674783326, 0.420813193062269], "max_sim_u4_predicted_ops": 0.9664677465188974, "argmax_sim_u4_predicted_ops": 1}, "[{'name': 'mirror_left_right'}, {'name': 'rot_binary', 'args': {'angle': 90}}]": {"sim_u4_predicted_ops": [0.9659090909090909, 0.1994186046511628, 0.06041412911084044, 0.48437279027011737, 0.18254950495049505, 0.420813193062269], "max_sim_u4_predicted_ops": 0.9659090909090909, "argmax_sim_u4_predicted_ops": 1}, "[{'name': 'mirror_left_right'}, {'name': 'rot_binary', 'args': {'angle': 180}}]": {"sim_u4_predicted_ops": [0.968705547652916, 0.198373511472553, 0.06041412911084044, 0.48437279027011737, 0.18303755674783326, 0.42162162162162165], "max_sim_u4_predicted_ops": 0.968705547652916, "argmax_sim_u4_predicted_ops": 1}, "[{'name': 'mirror_left_right'}, {'name': 'rot_binary', 'args': {'angle': 270}}]": {"sim_u4_predicted_ops": [0.9647927314026121, 0.198373511472553, 0.06041412911084044, 0.48437279027011737, 0.18303755674783326, 0.4204093234792496], "max_sim_u4_predicted_ops": 0.9647927314026121, "argmax_sim_u4_predicted_ops": 1}, "[{'name': 'add_diff'}]": {"sim_u4_predicted_ops": [0.7243861134631668, 0.14825144818708433, 0.13833911446643543, 0.6498240675580577, 0.4007648953301127, 0.31731583403895003], "max_sim_u4_predicted_ops": 0.7243861134631668, "argmax_sim_u4_predicted_ops": 1}}}, "binary_analogies_data": {}, "best_analog_name": "A : C  ::  B : ?", "best_analog_type": "unary", "best_tran": "[{'name': None}]", "best_sim": null, "sim_predicted": 0.9692657939669892, "argmax_sim_predicted_ops": 1}