{"unary_analogies_data": {"A : B  ::  C : ?": {"[{'name': None}]": {"sim_u4_predicted_ops": [0.43661460225208865, 0.9687146626460611, 0.2575933225133318, 0.2559467174119886, 0.33322496749024705, 0.5178626902764834], "max_sim_u4_predicted_ops": 0.9687146626460611, "argmax_sim_u4_predicted_ops": 2}, "[{'name': 'rot_binary', 'args': {'angle': 90}}]": {"sim_u4_predicted_ops": [0.43713662790697677, 0.7404198600466512, 0.2972972972972973, 0.26953594614089926, 0.3289047310434219, 0.5131619696500465], "max_sim_u4_predicted_ops": 0.7404198600466512, "argmax_sim_u4_predicted_ops": 2}, "[{'name': 'rot_binary', 'args': {'angle': 180}}]": {"sim_u4_predicted_ops": [0.4355716878402904, 0.7468227424749164, 0.2573018080667594, 0.2556480380499406, 0.33322496749024705, 0.5178626902764834], "max_sim_u4_predicted_ops": 0.7468227424749164, "argmax_sim_u4_predicted_ops": 2}, "[{'name': 'rot_binary', 'args': {'angle': 270}}]": {"sim_u4_predicted_ops": [0.4355716878402904, 0.7346396545998007, 0.2957477305303392, 0.26649076517150394, 0.33062946138870863, 0.5159789016444306], "max_sim_u4_predicted_ops": 0.7346396545998007, "argmax_sim_u4_predicted_ops": 2}, "[{'name': 'mirror_left_right'}]": {"sim_u4_predicted_ops": [0.43713662790697677, 0.9739229024943311, 0.2575933225133318, 0.2550511053006893, 0.3336585365853659, 0.5178626902764834], "max_sim_u4_predicted_ops": 0.9739229024943311, "argmax_sim_u4_predicted_ops": 2}, "[{'name': 'mirror_left_right'}, {'name': 'rot_binary', 'args': {'angle': 90}}]": {"sim_u4_predicted_ops": [0.43661460225208865, 0.7381031613976705, 0.2979181622397703, 0.2701467404378157, 0.3280440414507772, 0.5131619696500465], "max_sim_u4_predicted_ops": 0.7381031613976705, "argmax_sim_u4_predicted_ops": 2}, "[{'name': 'mirror_left_right'}, {'name': 'rot_binary', 'args': {'angle': 180}}]": {"sim_u4_predicted_ops": [0.4355716878402904, 0.7456550802139037, 0.2575933225133318, 0.2553495007132668, 0.3327916802079948, 0.5178626902764834], "max_sim_u4_predicted_ops": 0.7456550802139037, "argmax_sim_u4_predicted_ops": 2}, "[{'name': 'mirror_left_right'}, {'name': 'rot_binary', 'args': {'angle': 270}}]": {"sim_u4_predicted_ops": [0.4355716878402904, 0.7363696808510638, 0.29512893982808025, 0.26649076517150394, 0.3310613437195716, 0.5159789016444306], "max_sim_u4_predicted_ops": 0.7363696808510638, "argmax_sim_u4_predicted_ops": 2}, "[{'name': 'add_diff'}]": {"sim_u4_predicted_ops": [0.43329737504494786, 0.975187969924812, 0.25952435927037637, 0.25853080568720377, 0.33204384268214054, 0.5138546798029556], "max_sim_u4_predicted_ops": 0.975187969924812, "argmax_sim_u4_predicted_ops": 2}}, "A : C  ::  B : ?": {"[{'name': None}]": {"sim_u4_predicted_ops": [0.43381294964028777, 0.9811463046757164, 0.25836216839677045, 0.25823264629234777, 0.3329032258064516, 0.5157213316892725], "max_sim_u4_predicted_ops": 0.9811463046757164, "argmax_sim_u4_predicted_ops": 2}, "[{'name': 'rot_binary', 'args': {'angle': 90}}]": {"sim_u4_predicted_ops": [0.43381294964028777, 0.7391592188017213, 0.2985003570578434, 0.2699665231946437, 0.32520846696600386, 0.5105990783410138], "max_sim_u4_predicted_ops": 0.7391592188017213, "argmax_sim_u4_predicted_ops": 2}, "[{'name': 'rot_binary', 'args': {'angle': 180}}]": {"sim_u4_predicted_ops": [0.43329737504494786, 0.7472564017292983, 0.2589429956150473, 0.2558524473870891, 0.33204384268214054, 0.5161887141535615], "max_sim_u4_predicted_ops": 0.7472564017292983, "argmax_sim_u4_predicted_ops": 2}, "[{'name': 'rot_binary', 'args': {'angle': 270}}]": {"sim_u4_predicted_ops": [0.43329737504494786, 0.7368595041322314, 0.2954167656138684, 0.2663328564616118, 0.32733697398008355, 0.5129230769230769], "max_sim_u4_predicted_ops": 0.7368595041322314, "argmax_sim_u4_predicted_ops": 2}, "[{'name': 'mirror_left_right'}]": {"sim_u4_predicted_ops": [0.4343288952860741, 0.9722222222222222, 0.25836216839677045, 0.2588291064233231, 0.3324733956788133, 0.5157213316892725], "max_sim_u4_predicted_ops": 0.9722222222222222, "argmax_sim_u4_predicted_ops": 2}, "[{'name': 'mirror_left_right'}, {'name': 'rot_binary', 'args': {'angle': 90}}]": {"sim_u4_predicted_ops": [0.43381294964028777, 0.7408880053015242, 0.2972651605231867, 0.2699665231946437, 0.32520846696600386, 0.5105990783410138], "max_sim_u4_predicted_ops": 0.7408880053015242, "argmax_sim_u4_predicted_ops": 2}, "[{'name': 'mirror_left_right'}, {'name': 'rot_binary', 'args': {'angle': 180}}]": {"sim_u4_predicted_ops": [0.4327821710999281, 0.7472564017292983, 0.25865251499769265, 0.2552588040652328, 0.3324733956788133, 0.5157213316892725], "max_sim_u4_predicted_ops": 0.7472564017292983, "argmax_sim_u4_predicted_ops": 2}, "[{'name': 'mirror_left_right'}, {'name': 'rot_binary', 'args': {'angle': 270}}]": {"sim_u4_predicted_ops": [0.43329737504494786, 0.7357119259993393, 0.2963403041825095, 0.2666348676365371, 0.32733697398008355, 0.5129230769230769], "max_sim_u4_predicted_ops": 0.7357119259993393, "argmax_sim_u4_predicted_ops": 2}, "[{'name': 'add_diff'}]": {"sim_u4_predicted_ops": [0.43467245747376043, 0.9728506787330317, 0.25705691809347525, 0.2562945368171021, 0.3326848249027237, 0.5154798761609907], "max_sim_u4_predicted_ops": 0.9728506787330317, "argmax_sim_u4_predicted_ops": 2}}}, "binary_analogies_data": {}, "best_analog_name": "A : C  ::  B : ?", "best_analog_type": "unary", "best_tran": "[{'name': None}]", "best_sim": null, "sim_predicted": 0.9811463046757164, "argmax_sim_predicted_ops": 2}