{"unary_analogies_data": {"A : B  ::  H : ?": {"sim_u1_trans_u2": [0.9311926605504587, 0.7914893617021277, 0.7914893617021277, 0.7689075630252101, 0.8225108225108225, 0.7254098360655737, 0.8711111111111111, 0.8546255506607929], "unary_tran": [{"name": null}], "sim_u4_predicted_ops": [0.6488222698072805, 0.217584041374215, 0.4274981217129977, 0.1449612403100775, 0.5339233038348082, 0.41540785498489424, 0.268348623853211, 0.7366597366597366], "argmax_sim_u4_predicted_ops": 8}, "B : C  ::  H : ?": {"sim_u1_trans_u2": [0.9107142857142857, 0.8059071729957806, 0.7398373983739838, 0.8135593220338984, 0.8369098712446352, 0.746938775510204, 0.7833333333333333, 0.9192825112107623], "unary_tran": [{"name": "mirror_left_right"}, {"name": "rot_binary", "args": {"angle": 270}}], "sim_u4_predicted_ops": [0.5887207702888583, 0.22074074074074074, 0.4264264264264264, 0.16299212598425197, 0.5039768618944324, 0.39955190440627336, 0.25872534142640363, 0.776045357902197], "argmax_sim_u4_predicted_ops": 8}, "D : E  ::  H : ?": {"sim_u1_trans_u2": [0.875, 0.7672413793103449, 0.7697841726618705, 0.8195266272189349, 0.8468468468468469, 0.8303571428571429, 0.7723342939481268, 0.7723342939481268], "unary_tran": [{"name": null}], "sim_u4_predicted_ops": [0.6488222698072805, 0.217584041374215, 0.4274981217129977, 0.1449612403100775, 0.5339233038348082, 0.41540785498489424, 0.268348623853211, 0.7366597366597366], "argmax_sim_u4_predicted_ops": 8}, "E : F  ::  H : ?": {"sim_u1_trans_u2": [0.8590704647676162, 0.6893732970027248, 0.8873668188736682, 0.6939890710382514, 0.8646616541353384, 0.6756756756756757, 0.8844984802431611, 0.712707182320442], "unary_tran": [{"name": "rot_binary", "args": {"angle": 180}}], "sim_u4_predicted_ops": [0.6097560975609756, 0.2153392330383481, 0.4094955489614243, 0.14763014763014762, 0.5238095238095238, 0.4186222558667676, 0.2751729438893159, 0.769774011299435], "argmax_sim_u4_predicted_ops": 8}, "G : H  ::  H : ?": {"sim_u1_trans_u2": [0.804860088365243, 0.789051094890511, 0.7212078651685393, 0.8088560885608856, 0.7969208211143695, 0.8155555555555556, 0.7224174279690794, 0.794289897510981], "unary_tran": [{"name": "mirror_left_right"}, {"name": "rot_binary", "args": {"angle": 90}}], "sim_u4_predicted_ops": [0.5986159169550173, 0.2180339985218034, 0.4264264264264264, 0.16299212598425197, 0.49640287769784175, 0.39123979213066074, 0.25681818181818183, 0.7512229210342418], "argmax_sim_u4_predicted_ops": 8}, "A : C  ::  G : ?": {"sim_u1_trans_u2": [0.8789237668161435, 0.8296943231441049, 0.7458333333333333, 0.7679324894514767, 0.7829787234042553, 0.7385892116182573, 0.8138528138528138, 0.8873873873873874], "unary_tran": [{"name": "mirror_left_right"}, {"name": "rot_binary", "args": {"angle": 270}}], "sim_u4_predicted_ops": [0.5644599303135889, 0.20830216903515333, 0.3859516616314199, 0.15359477124183007, 0.5071054599850411, 0.4099766173031956, 0.27622097678142515, 0.749820788530466], "argmax_sim_u4_predicted_ops": 8}, "D : F  ::  G : ?": {"sim_u1_trans_u2": [0.7556818181818182, 0.7631954350927247, 0.8176470588235294, 0.7507082152974505, 0.7939042089985486, 0.7433004231311706, 0.7809798270893372, 0.7733142037302726], "unary_tran": [{"name": "rot_binary", "args": {"angle": 180}}], "sim_u4_predicted_ops": [0.5933286018452804, 0.2164909638554217, 0.42137877614252517, 0.15642915642915642, 0.495916852264291, 0.40232558139534885, 0.300163132137031, 0.7974963181148749], "argmax_sim_u4_predicted_ops": 8}, "A : D  ::  F : ?": {"sim_u1_trans_u2": [0.3, 0.2737169517884914, 0.2857142857142857, 0.3125, 0.2757009345794392, 0.2979397781299525, 0.3188405797101449, 0.2836990595611285], "unary_tran": [{"name": "mirror_left_right"}, {"name": "rot_binary", "args": {"angle": 180}}], "sim_u4_predicted_ops": [0.29144178874325366, 0.16455142231947484, 0.7520775623268698, 0.2661654135338346, 0.16251005631536605, 0.07926829268292683, 0.5657492354740061, 0.4217325227963526], "argmax_sim_u4_predicted_ops": 3}, "D : G  ::  F : ?": {"sim_u1_trans_u2": [0.46472019464720193, 0.4010861132660978, 0.3978328173374613, 0.4010861132660978, 0.4265402843601896, 0.42992874109263657, 0.4242902208201893, 0.3817903596021423], "unary_tran": [{"name": null}], "sim_u4_predicted_ops": [0.28747117601844735, 0.16557161629434955, 0.7257844474761255, 0.27575757575757576, 0.1606425702811245, 0.0783289817232376, 0.5705521472392638, 0.4293353705118411], "argmax_sim_u4_predicted_ops": 3}, "B : E  ::  F : ?": {"sim_u1_trans_u2": [0.29797191887675506, 0.2780337941628264, 0.31645569620253167, 0.29595015576323985, 0.3, 0.29797191887675506, 0.3185419968304279, 0.27411944869831545], "unary_tran": [{"name": "mirror_left_right"}, {"name": "rot_binary", "args": {"angle": 180}}], "sim_u4_predicted_ops": [0.29144178874325366, 0.16455142231947484, 0.7520775623268698, 0.2661654135338346, 0.16251005631536605, 0.07926829268292683, 0.5657492354740061, 0.4217325227963526], "argmax_sim_u4_predicted_ops": 3}, "E : H  ::  F : ?": {"sim_u1_trans_u2": [0.4659890539483972, 0.37969094922737306, 0.4568764568764569, 0.3837638376383764, 0.4625585023400936, 0.3837638376383764, 0.45800933125972004, 0.3786764705882353], "unary_tran": [{"name": null}], "sim_u4_predicted_ops": [0.28747117601844735, 0.16557161629434955, 0.7257844474761255, 0.27575757575757576, 0.1606425702811245, 0.0783289817232376, 0.5705521472392638, 0.4293353705118411], "argmax_sim_u4_predicted_ops": 3}, "C : F  ::  F : ?": {"sim_u1_trans_u2": [0.2981366459627329, 0.2961240310077519, 0.2921174652241113, 0.2822085889570552, 0.3042121684867395, 0.28615384615384615, 0.28615384615384615, 0.29411764705882354], "unary_tran": [{"name": "mirror_left_right"}], "sim_u4_predicted_ops": [0.2924382716049383, 0.165061295971979, 0.7642956764295676, 0.28549618320610687, 0.156, 0.08020924149956409, 0.5468277945619335, 0.4293353705118411], "argmax_sim_u4_predicted_ops": 3}, "A : G  ::  C : ?": {"sim_u1_trans_u2": [0.15715467328370555, 0.14297385620915032, 0.1495480690221857, 0.16196013289036545, 0.1448445171849427, 0.15619834710743802, 0.1638935108153078, 0.14672131147540984], "unary_tran": [{"name": "mirror_left_right"}, {"name": "rot_binary", "args": {"angle": 180}}], "sim_u4_predicted_ops": [0.0524126455906822, 0.05383895131086142, 0.31741140215716485, 0.8382978723404255, 0.21908127208480566, 0.05874840357598978, 0.0905861456483126, 0.14858490566037735], "argmax_sim_u4_predicted_ops": 4}, "B : H  ::  C : ?": {"sim_u1_trans_u2": [0.15892997639653816, 0.14988290398126464, 0.15984251968503937, 0.14898595943837753, 0.15984251968503937, 0.15078125, 0.15984251968503937, 0.1480904130943102], "unary_tran": [{"name": "rot_binary", "args": {"angle": 180}}], "sim_u4_predicted_ops": [0.05328892589508743, 0.054332552693208434, 0.29545454545454547, 0.7925311203319502, 0.23361144219308702, 0.06010230179028133, 0.08865248226950355, 0.1476826394344069], "argmax_sim_u4_predicted_ops": 4}}, "binary_analogies_data": {"A : B : C  ::  G : H : ?": {"b1_b2_align_x": -6, "b1_b2_align_y": 0, "sim_b1_b2_trans_b3": [0.8986784140969163, 0.8909090909090909, 0.014084507042253521, 0.0514018691588785, 0.05069124423963134], "b1_b2_tran": [{"name": "unite"}], "sim_b6_predicted_ops": [0.6306122448979592, 0.2292877906976744, 0.4471959213401311, 0.1441111923920995, 0.4996539792387543, 0.3878273177636235, 0.27445255474452557, 0.713813615333774], "argmax_sim_b6_predicted_ops": 8}, "D : E : F  ::  G : H : ?": {"b1_b2_align_x": -6, "b1_b2_align_y": 0, "sim_b1_b2_trans_b3": [0.8116147308781869, 0.8, 0.06260032102728733, 0.06902086677367576, 0.06980273141122914], "b1_b2_tran": [{"name": "unite"}], "sim_b6_predicted_ops": [0.6306122448979592, 0.2292877906976744, 0.4471959213401311, 0.1441111923920995, 0.4996539792387543, 0.3878273177636235, 0.27445255474452557, 0.713813615333774], "argmax_sim_b6_predicted_ops": 8}, "A : D : G  ::  C : F : ?": {"b1_b2_align_x": 0, "b1_b2_align_y": 7, "sim_b1_b2_trans_b3": [0.16584564860426929, 0.15358931552587646, 0.014249790444258172, 0.01760268231349539, 0.01903973509933775],