{"unary_analogies_data": {"A : B  ::  H : ?": {"sim_u1_trans_u2": [0.5023547880690737, 0.45, 0.48833592534992226, 0.463302752293578, 0.5, 0.4677914110429448, 0.48833592534992226, 0.44780635400907715], "unary_tran": [{"name": null}], "sim_u4_predicted_ops": [0.1982840800762631, 0.8093189964157707, 0.17360285374554102, 0.2985849056603774, 0.2552204176334107, 0.30317613089509143, 0.19824016563146998, 0.23173681664247703], "argmax_sim_u4_predicted_ops": 2}, "B : C  ::  H : ?": {"sim_u1_trans_u2": [0.35403726708074534, 0.2976190476190476, 0.3346938775510204, 0.29376854599406527, 0.3582554517133956, 0.29504950495049503, 0.3306205493387589, 0.2976190476190476], "unary_tran": [{"name": "mirror_left_right"}], "sim_u4_predicted_ops": [0.19486692015209126, 0.8119167264895908, 0.17430101130279596, 0.29981114258734654, 0.2591155934833204, 0.30067243035542746, 0.19824016563146998, 0.22935779816513763], "argmax_sim_u4_predicted_ops": 2}, "D : E  ::  H : ?": {"sim_u1_trans_u2": [0.5077054794520548, 0.45057660626029655, 0.5, 0.44819078947368424, 0.5051282051282051, 0.44819078947368424, 0.5051282051282051, 0.44819078947368424], "unary_tran": [{"name": null}], "sim_u4_predicted_ops": [0.1982840800762631, 0.8093189964157707, 0.17360285374554102, 0.2985849056603774, 0.2552204176334107, 0.30317613089509143, 0.19824016563146998, 0.23173681664247703], "argmax_sim_u4_predicted_ops": 2}, "E : F  ::  H : ?": {"sim_u1_trans_u2": [0.35835214446952596, 0.34619686800894856, 0.35835214446952596, 0.3492152466367713, 0.35988700564971754, 0.3469501958589815, 0.3568207440811725, 0.3477043673012318], "unary_tran": [{"name": "mirror_left_right"}], "sim_u4_predicted_ops": [0.19486692015209126, 0.8119167264895908, 0.17430101130279596, 0.29981114258734654, 0.2591155934833204, 0.30067243035542746, 0.19824016563146998, 0.22935779816513763], "argmax_sim_u4_predicted_ops": 2}, "G : H  ::  H : ?": {"sim_u1_trans_u2": [0.5299212598425197, 0.21210230817217718, 0.506201550387597, 0.20235148514851486, 0.5275157232704403, 0.2053349875930521, 0.506201550387597, 0.20983810709838108], "unary_tran": [{"name": null}], "sim_u4_predicted_ops": [0.1982840800762631, 0.8093189964157707, 0.17360285374554102, 0.2985849056603774, 0.2552204176334107, 0.30317613089509143, 0.19824016563146998, 0.23173681664247703], "argmax_sim_u4_predicted_ops": 2}, "A : C  ::  G : ?": {"sim_u1_trans_u2": [0.4431977559607293, 0.4, 0.4193103448275862, 0.41346153846153844, 0.43916083916083914, 0.4212707182320442, 0.42323651452282157, 0.39620081411126185], "unary_tran": [{"name": null}], "sim_u4_predicted_ops": [0.20509633312616532, 0.503858024691358, 0.20085836909871244, 0.2277339346110485, 0.4575799721835883, 0.3699421965317919, 0.23316796598157336, 0.23651191969887075], "argmax_sim_u4_predicted_ops": 2}, "D : F  ::  G : ?": {"sim_u1_trans_u2": [0.4523449319213313, 0.22998078155028828, 0.44360902255639095, 0.23393316195372751, 0.4501510574018127, 0.23314065510597304, 0.4457831325301205, 0.23711340206185566], "unary_tran": [{"name": null}], "sim_u4_predicted_ops": [0.20509633312616532, 0.503858024691358, 0.20085836909871244, 0.2277339346110485, 0.4575799721835883, 0.3699421965317919, 0.23316796598157336, 0.23651191969887075], "argmax_sim_u4_predicted_ops": 2}, "A : D  ::  F : ?": {"sim_u1_trans_u2": [0.5038520801232665, 0.4720965309200603, 0.4900763358778626, 0.4855403348554033, 0.5108359133126935, 0.47878787878787876, 0.4946401225114854, 0.46987951807228917], "unary_tran": [{"name": "mirror_left_right"}], "sim_u4_predicted_ops": [0.7873239436619718, 0.19288389513108614, 0.1773718326458456, 0.2958469435370975, 0.2496206373292868, 0.3359413202933985, 0.19033078880407125, 0.25], "argmax_sim_u4_predicted_ops": 1}, "D : G  ::  F : ?": {"sim_u1_trans_u2": [0.36749482401656314, 0.3196803196803197, 0.35348360655737704, 0.32364729458917835, 0.35765673175745116, 0.32232232232232233, 0.35209825997952915, 0.3316532258064516], "unary_tran": [{"name": null}], "sim_u4_predicted_ops": [0.8128571428571428, 0.1945616502578528, 0.1773718326458456, 0.3013120899718838, 0.2534246575342466, 0.3333333333333333, 0.19033078880407125, 0.24455205811138014], "argmax_sim_u4_predicted_ops": 1}, "B : E  ::  F : ?": {"sim_u1_trans_u2": [0.4812925170068027, 0.4675652906486942, 0.4825531914893617, 0.47877758913412566, 0.4812925170068027, 0.4663299663299663, 0.4838160136286201, 0.47877758913412566], "unary_tran": [{"name": "mirror_left_right"}, {"name": "rot_binary", "args": {"angle": 180}}], "sim_u4_predicted_ops": [0.7760671798460462, 0.20018841262364578, 0.1773718326458456, 0.3000936329588015, 0.2611026033690659, 0.333984375, 0.19580777096114518, 0.2463627546071775], "argmax_sim_u4_predicted_ops": 1}, "E : H  ::  F : ?": {"sim_u1_trans_u2": [0.3750721292556261, 0.35860889395667045, 0.3734870317002882, 0.3624928530588908, 0.3750721292556261, 0.36093660765276986, 0.3742791234140715, 0.35860889395667045], "unary_tran": [{"name": null}], "sim_u4_predicted_ops": [0.8128571428571428, 0.1945616502578528, 0.1773718326458456, 0.3013120899718838, 0.2534246575342466, 0.3333333333333333, 0.19033078880407125, 0.24455205811138014], "argmax_sim_u4_predicted_ops": 1}, "C : F  ::  F : ?": {"sim_u1_trans_u2": [0.5003802281368821, 0.19070609535304767, 0.47129008202833705, 0.20231566118220598, 0.46909903201787045, 0.1979356405585914, 0.49356548069644207, 0.19214501510574017], "unary_tran": [{"name": null}], "sim_u4_predicted_ops": [0.8128571428571428, 0.1945616502578528, 0.1773718326458456, 0.3013120899718838, 0.2534246575342466, 0.3333333333333333, 0.19033078880407125, 0.24455205811138014], "argmax_sim_u4_predicted_ops": 1}, "A : G  ::  C : ?": {"sim_u1_trans_u2": [0.45519203413940257, 0.42877094972067037, 0.4656160458452722, 0.4449152542372881, 0.463519313304721, 0.44084507042253523, 0.453125, 0.42877094972067037], "unary_tran": [{"name": "rot_binary", "args": {"angle": 180}}], "sim_u4_predicted_ops": [0.45583832335329344, 0.20455945779420825, 0.18465430016863407, 0.2180702732849972, 0.4340136054421769, 0.4375, 0.2244039270687237, 0.24027603513174403], "argmax_sim_u4_predicted_ops": 1}, "B : H  ::  C : ?": {"sim_u1_trans_u2": [0.46640625, 0.2316272965879265, 0.44273635664873173, 0.23081967213114754, 0.45843045843045843, 0.23001310615989515, 0.44830246913580246, 0.23324572930354795], "unary_tran": [{"name": null}], "sim_u4_predicted_ops": [0.4746019711902957, 0.20085995085995087, 0.18365627632687448, 0.2304225352112676, 0.42048517520215634, 0.4375, 0.2150313152400835, 0.23717146433041303], "argmax_sim_u4_predicted_ops": 1}}, "binary_analogies_data": {"A : B : C  ::  G : H : ?": {"b1_b2_align_x": 8, "b1_b2_align_y": 0, "sim_b1_b2_trans_b3": [0.39401197604790417, 0.4490674318507891, 0.02753623188405797, 0.16855524079320114, 0.1673582295988935], "b1_b2_tran": [{"name": "intersect"}], "sim_b6_predicted_ops": [0.2034956304619226, 0.4965250965250965, 0.20069204152249134, 0.22637238256932654, 0.45646067415730335, 0.36726804123711343, 0.23060498220640568, 0.2350346565847511], "argmax_sim_b6_predicted_ops": 2}, "D : E : F  ::  G : H : ?": {"b1_b2_align_x": 8, "b1_b2_align_y": 0, "sim_b1_b2_trans_b3": [0.38598726114649684, 0.422289613343442, 0.034294621979735, 0.15975885455915598, 0.16226138032305434], "b1_b2_tran": [{"name": "intersect"}], "sim_b6_predicted_ops": [0.2034956304619226, 0.4965250965250965, 0.20069204152249134, 0.22637238256932654, 0.45646067415730335, 0.36726804123711343, 0.23060498220640568, 0.2350346565847511], "argmax_sim_b6_predicted_ops": 2}, "A : D : G  ::  C : F : ?": {"b1_b2_align_x": 0, "b1_b2_align_y": 12, "sim_b1_b2_trans_b3": [0.40799031476997577, 0.45677233429394815, 0.017543859649122806, 0.15568022440392706, 0.15469613259668508], "b1_b2_tran": [{"name": "intersect"}], "sim_b6_predicted_ops": [0.4611837048424289, 0.194375, 0.18039895923677363, 0.22076440387906446, 0.41853932584269665, 0.41937669376693765, 0.21052631578947367, 0.23042647994907703], "argmax_sim_b6_predicted_ops": 1}, "B : E : H  ::  C : F : ?": {"b1_b2_align_x": 0, "b1_b2_align_y": 12,