{"unary_analogies_data": {"A : B  ::  H : ?": {"sim_u1_trans_u2": [0.7819397993311037, 0.5275229357798165, 0.432258064516129, 0.4058047493403694, 0.7491792514773473, 0.5205479452054794, 0.44077879935100056, 0.40729001584786056], "unary_tran": [{"name": null}], "sim_u4_predicted_ops": [0.7364985163204748, 0.48451928299837044, 0.3663318986131038, 0.5347280334728034, 0.7805031446540881, 0.671358629130967, 0.4635, 0.7667238421955404], "argmax_sim_u4_predicted_ops": 5}, "B : C  ::  H : ?": {"sim_u1_trans_u2": [0.6829971181556196, 0.42874617737003057, 0.4756790903348073, 0.4270006108735492, 0.5218241042345277, 0.5709482178883658, 0.4756790903348073, 0.42874617737003057], "unary_tran": [{"name": null}], "sim_u4_predicted_ops": [0.7364985163204748, 0.48451928299837044, 0.3663318986131038, 0.5347280334728034, 0.7805031446540881, 0.671358629130967, 0.4635, 0.7667238421955404], "argmax_sim_u4_predicted_ops": 5}, "D : E  ::  H : ?": {"sim_u1_trans_u2": [0.7767527675276753, 0.4853470437017995, 0.34309623430962344, 0.38428366075706755, 0.6085746102449888, 0.6094707520891365, 0.44884653961885657, 0.29203935599284436], "unary_tran": [{"name": null}], "sim_u4_predicted_ops": [0.7364985163204748, 0.48451928299837044, 0.3663318986131038, 0.5347280334728034, 0.7805031446540881, 0.671358629130967, 0.4635, 0.7667238421955404], "argmax_sim_u4_predicted_ops": 5}, "E : F  ::  H : ?": {"sim_u1_trans_u2": [0.6854304635761589, 0.4584527220630373, 0.41388888888888886, 0.34656084656084657, 0.3975837451949478, 0.5926157697121401, 0.547112462006079, 0.34584875727128506], "unary_tran": [{"name": null}], "sim_u4_predicted_ops": [0.7364985163204748, 0.48451928299837044, 0.3663318986131038, 0.5347280334728034, 0.7805031446540881, 0.671358629130967, 0.4635, 0.7667238421955404], "argmax_sim_u4_predicted_ops": 5}, "G : H  ::  H : ?": {"sim_u1_trans_u2": [0.8028419182948491, 0.5456852791878173, 0.4051684356252884, 0.44655581947743467, 0.5044466403162056, 0.6730769230769231, 0.6450567260940032, 0.34615384615384615], "unary_tran": [{"name": null}], "sim_u4_predicted_ops": [0.7364985163204748, 0.48451928299837044, 0.3663318986131038, 0.5347280334728034, 0.7805031446540881, 0.671358629130967, 0.4635, 0.7667238421955404], "argmax_sim_u4_predicted_ops": 5}, "A : C  ::  G : ?": {"sim_u1_trans_u2": [0.6720884840598569, 0.48726851851851855, 0.47277936962750716, 0.3699360341151386, 0.6634304207119741, 0.48554913294797686, 0.47277936962750716, 0.3677488025545503], "unary_tran": [{"name": null}], "sim_u4_predicted_ops": [0.6841252699784017, 0.4322075379344102, 0.45445875059608964, 0.6422798809017439, 0.656986301369863, 0.6127964699393271, 0.56, 0.7434944237918215], "argmax_sim_u4_predicted_ops": 8}, "D : F  ::  G : ?": {"sim_u1_trans_u2": [0.678921568627451, 0.477088948787062, 0.42337662337662335, 0.2845757149554618, 0.5341545352743561, 0.4723267060720043, 0.5384615384615384, 0.271461716937355], "unary_tran": [{"name": null}], "sim_u4_predicted_ops": [0.6841252699784017, 0.4322075379344102, 0.45445875059608964, 0.6422798809017439, 0.656986301369863, 0.6127964699393271, 0.56, 0.7434944237918215], "argmax_sim_u4_predicted_ops": 8}, "A : D  ::  F : ?": {"sim_u1_trans_u2": [0.7604473219540906, 0.4792284866468843, 0.39505597014925375, 0.3770718232044199, 0.7189655172413794, 0.4792284866468843, 0.40620592383638926, 0.37643810400368155], "unary_tran": [{"name": null}], "sim_u4_predicted_ops": [0.704358812381554, 0.40730337078651685, 0.42958129418162044, 0.46382978723404256, 0.691358024691358, 0.8020158387329014, 0.42352320675105487, 0.681551116333725], "argmax_sim_u4_predicted_ops": 6}, "D : G  ::  F : ?": {"sim_u1_trans_u2": [0.839930151338766, 0.4882297551789077, 0.3845816907577749, 0.39435377150419054, 0.6086513994910941, 0.594853683148335, 0.5464774951076321, 0.31379883624272653], "unary_tran": [{"name": null}], "sim_u4_predicted_ops": [0.704358812381554, 0.40730337078651685, 0.42958129418162044, 0.46382978723404256, 0.691358024691358, 0.8020158387329014, 0.42352320675105487, 0.681551116333725], "argmax_sim_u4_predicted_ops": 6}, "B : E  ::  F : ?": {"sim_u1_trans_u2": [0.7023255813953488, 0.5350509286998203, 0.49213744903902157, 0.4146880176697957, 0.5756457564575646, 0.6944444444444444, 0.45899772209567197, 0.412348401323043], "unary_tran": [{"name": null}], "sim_u4_predicted_ops": [0.704358812381554, 0.40730337078651685, 0.42958129418162044, 0.46382978723404256, 0.691358024691358, 0.8020158387329014, 0.42352320675105487, 0.681551116333725], "argmax_sim_u4_predicted_ops": 6}, "E : H  ::  F : ?": {"sim_u1_trans_u2": [0.8207485226526592, 0.5604952166572875, 0.34742468415937805, 0.4412681912681913, 0.4510727367870225, 0.7075123152709359, 0.6456973293768546, 0.3363855421686747], "unary_tran": [{"name": null}], "sim_u4_predicted_ops": [0.704358812381554, 0.40730337078651685, 0.42958129418162044, 0.46382978723404256, 0.691358024691358, 0.8020158387329014, 0.42352320675105487, 0.681551116333725], "argmax_sim_u4_predicted_ops": 6}, "C : F  ::  F : ?": {"sim_u1_trans_u2": [0.8032659409020217, 0.352975495915986, 0.5840163934426229, 0.356140350877193, 0.6026261230131306, 0.4789540816326531, 0.5818553888130968, 0.356140350877193], "unary_tran": [{"name": null}], "sim_u4_predicted_ops": [0.704358812381554, 0.40730337078651685, 0.42958129418162044, 0.46382978723404256, 0.691358024691358, 0.8020158387329014, 0.42352320675105487, 0.681551116333725], "argmax_sim_u4_predicted_ops": 6}, "A : G  ::  C : ?": {"sim_u1_trans_u2": [0.7101449275362319, 0.5773778920308483, 0.4396996715157203, 0.3672014260249554, 0.6692056583242655, 0.5741405849153411, 0.4567901234567901, 0.365376056964842], "unary_tran": [{"name": null}], "sim_u4_predicted_ops": [0.6599113362887904, 0.4400948991696323, 0.4624641833810888, 0.3995006242197253, 0.6213093709884467, 0.7072484166080225, 0.5060310166570936, 0.6334310850439883], "argmax_sim_u4_predicted_ops": 6}, "B : H  ::  C : ?": {"sim_u1_trans_u2": [0.6454828660436137, 0.6232329440688383, 0.40404040404040403, 0.3662700465597517, 0.5292414591777649, 0.6232329440688383, 0.5152036718301779, 0.36768513723459345], "unary_tran": [{"name": null}], "sim_u4_predicted_ops": [0.6599113362887904, 0.4400948991696323, 0.4624641833810888, 0.3995006242197253, 0.6213093709884467, 0.7072484166080225, 0.5060310166570936, 0.6334310850439883], "argmax_sim_u4_predicted_ops": 6}}, "binary_analogies_data": {"A : B : C  ::  G : H : ?": {"b1_b2_align_x": 3, "b1_b2_align_y": 0, "sim_b1_b2_trans_b3": [0.6577946768060836, 0.7000742390497402, 0.13349514563106796, 0.040106951871657755, 0.12958626073380172], "b1_b2_tran": [{"name": "intersect"}], "sim_b6_predicted_ops": [0.6979785969084423, 0.49271300448430494, 0.347027549540841, 0.5428816466552315, 0.7608418367346939, 0.6365313653136532, 0.43640020110608346, 0.7796110783736004], "argmax_sim_b6_predicted_ops": 8}, "D : E : F  ::  G : H : ?": {"b1_b2_align_x": 3, "b1_b2_align_y": 0, "sim_b1_b2_trans_b3": [0.6466472303206997, 0.7245970567624387, 0.12576219512195122, 0.06833333333333333, 0.12140804597701149], "b1_b2_tran": [{"name": "intersect"}], "sim_b6_predicted_ops": [0.6979785969084423, 0.49271300448430494, 0.347027549540841, 0.5428816466552315, 0.7608418367346939, 0.6365313653136532, 0.43640020110608346, 0.7796110783736004], "argmax_sim_b6_predicted_ops": 8}, "A : D : G  ::  C : F : ?": {"b1_b2_align_x": 0, "b1_b2_align_y": -2, "sim_b1_b2_trans_b3": [0.7781350482315113, 0.7685297691373025, 0.0962962962962963, 0.1417226634086744, 0.1724537037037037], "b1_b2_tran": [{"name": "unite"}], "sim_b6_predicted_ops": [0.7510999371464487, 0.40086439762290654, 0.4225130890052356, 0.46390041493775935, 0.7216890595009597, 0.8106219426974144, 0.46222455403987406, 0.7271662763466042], "argmax_sim_b6_predicted_ops": 6}, "B : E : H  ::  C : F : ?": {"b1_b2_align_x": 0, "b1_b2_align_y": -3, "sim_b1_b2_trans_b3": [0.7446428571428572, 0.6454605699138503, 0.11002102312543798, 0.19166666666666668, 0.19287078294080204], "b1_b2_tran": [{"name": "unite"}],