{"unary_analogies_data": {"A : B  ::  H : ?": {"sim_u1_trans_u2": [0.47085714285714286, 0.22338403041825095, 0.47085714285714286, 0.225130890052356, 0.47085714285714286, 0.2216421452301851, 0.47085714285714286, 0.2239657631954351], "unary_tran": [{"name": null}], "sim_u4_predicted_ops": [0.6459478842935692, 0.7309828543829993, 0.647741663149008, 0.5587244999009705, 0.8785225718194254, 0.646139913968757, 0.6047805481145683, 0.5182453416149069], "argmax_sim_u4_predicted_ops": 5}, "B : C  ::  H : ?": {"sim_u1_trans_u2": [0.4444444444444444, 0.32299100217188953, 0.34553486904386244, 0.2563347083087802, 0.47085201793721976, 0.33542123394926404, 0.26303317535545023, 0.3980327868852459], "unary_tran": [{"name": "mirror_left_right"}], "sim_u4_predicted_ops": [0.40452876376988983, 0.42504970178926443, 0.515333850931677, 0.4981915096135542, 0.40667895922966607, 0.426525407102217, 0.5184246441801521, 0.4913250714966635], "argmax_sim_u4_predicted_ops": 7}, "D : E  ::  H : ?": {"sim_u1_trans_u2": [0.6104540251812285, 0.2790909090909091, 0.4183467741935484, 0.2740718382130999, 0.28924862553451436, 0.3236124176857949, 0.2963759213759214, 0.41930060524546064], "unary_tran": [{"name": null}], "sim_u4_predicted_ops": [0.6459478842935692, 0.7309828543829993, 0.647741663149008, 0.5587244999009705, 0.8785225718194254, 0.646139913968757, 0.6047805481145683, 0.5182453416149069], "argmax_sim_u4_predicted_ops": 5}, "E : F  ::  H : ?": {"sim_u1_trans_u2": [0.5518394648829431, 0.2426864441697569, 0.46763990267639904, 0.2619246861924686, 0.2850447379633575, 0.388901680865761, 0.3207795051456098, 0.47770700636942676], "unary_tran": [{"name": null}], "sim_u4_predicted_ops": [0.6459478842935692, 0.7309828543829993, 0.647741663149008, 0.5587244999009705, 0.8785225718194254, 0.646139913968757, 0.6047805481145683, 0.5182453416149069], "argmax_sim_u4_predicted_ops": 5}, "G : H  ::  H : ?": {"sim_u1_trans_u2": [0.6933856502242153, 0.3716231555051078, 0.5011180124223602, 0.43311195445920303, 0.3753699066697018, 0.4604786076867295, 0.49851190476190477, 0.4054431263084438], "unary_tran": [{"name": null}], "sim_u4_predicted_ops": [0.6459478842935692, 0.7309828543829993, 0.647741663149008, 0.5587244999009705, 0.8785225718194254, 0.646139913968757, 0.6047805481145683, 0.5182453416149069], "argmax_sim_u4_predicted_ops": 5}, "A : C  ::  G : ?": {"sim_u1_trans_u2": [0.3297463489623367, 0.17367706919945725, 0.3297463489623367, 0.17487266553480477, 0.3297463489623367, 0.17367706919945725, 0.3297463489623367, 0.17527173913043478], "unary_tran": [{"name": null}], "sim_u4_predicted_ops": [0.5070214338507022, 0.6330696606277112, 0.5569564255695643, 0.4275376884422111, 0.6826710816777042, 0.5431893687707641, 0.46158650843222987, 0.4181745074386811], "argmax_sim_u4_predicted_ops": 5}, "D : F  ::  G : ?": {"sim_u1_trans_u2": [0.4211692989747853, 0.23829068083051666, 0.3430217334380728, 0.2857859112559539, 0.25067056815410876, 0.25895925380461465, 0.3895963153616906, 0.33428720083246616], "unary_tran": [{"name": null}], "sim_u4_predicted_ops": [0.5070214338507022, 0.6330696606277112, 0.5569564255695643, 0.4275376884422111, 0.6826710816777042, 0.5431893687707641, 0.46158650843222987, 0.4181745074386811], "argmax_sim_u4_predicted_ops": 5}, "A : D  ::  F : ?": {"sim_u1_trans_u2": [0.37439222042139386, 0.20855106888361044, 0.3826086956521739, 0.21316165951359084, 0.37439222042139386, 0.210851975249881, 0.3826086956521739, 0.20912547528517111], "unary_tran": [{"name": "rot_binary", "args": {"angle": 180}}], "sim_u4_predicted_ops": [0.3814351023653349, 0.38271840948193464, 0.4968625213918996, 0.4957587181903864, 0.3793034825870647, 0.4680808485091055, 0.48197773164748065, 0.5664349553128103], "argmax_sim_u4_predicted_ops": 8}, "D : G  ::  F : ?": {"sim_u1_trans_u2": [0.45676500508647, 0.2691285081240768, 0.3943524829600779, 0.33499067743940336, 0.3057750759878419, 0.34460093896713617, 0.45676500508647, 0.403004572175049], "unary_tran": [{"name": null}], "sim_u4_predicted_ops": [0.8236683285226974, 0.6578042631217053, 0.5208655332302936, 0.6839983022071308, 0.6296731718786739, 0.6338530066815145, 0.4921147634429033, 0.5461674181533033], "argmax_sim_u4_predicted_ops": 1}, "B : E  ::  F : ?": {"sim_u1_trans_u2": [0.5307886208138278, 0.30840258541089566, 0.439552996952252, 0.26105013349154554, 0.28623298033282907, 0.3152846534653465, 0.28896300788356577, 0.4011206328279499], "unary_tran": [{"name": null}], "sim_u4_predicted_ops": [0.8236683285226974, 0.6578042631217053, 0.5208655332302936, 0.6839983022071308, 0.6296731718786739, 0.6338530066815145, 0.4921147634429033, 0.5461674181533033], "argmax_sim_u4_predicted_ops": 1}, "E : H  ::  F : ?": {"sim_u1_trans_u2": [0.5673758865248227, 0.2636594663278272, 0.4525316455696203, 0.25225603357817417, 0.29239766081871343, 0.3854190852101231, 0.30998902305159165, 0.5049180327868853], "unary_tran": [{"name": null}], "sim_u4_predicted_ops": [0.8236683285226974, 0.6578042631217053, 0.5208655332302936, 0.6839983022071308, 0.6296731718786739, 0.6338530066815145, 0.4921147634429033, 0.5461674181533033], "argmax_sim_u4_predicted_ops": 1}, "C : F  ::  F : ?": {"sim_u1_trans_u2": [0.6426630434782609, 0.40810621942697417, 0.45417368294443106, 0.3415446071904128, 0.4650993698497334, 0.45452358036573626, 0.3523489932885906, 0.35659784560143626], "unary_tran": [{"name": null}], "sim_u4_predicted_ops": [0.8236683285226974, 0.6578042631217053, 0.5208655332302936, 0.6839983022071308, 0.6296731718786739, 0.6338530066815145, 0.4921147634429033, 0.5461674181533033], "argmax_sim_u4_predicted_ops": 1}, "A : G  ::  C : ?": {"sim_u1_trans_u2": [0.28119316114950893, 0.19268540467321368, 0.2854014598540146, 0.19511367492365117, 0.28119316114950893, 0.1943031536113937, 0.2844638949671772, 0.19470827679782904], "unary_tran": [{"name": "rot_binary", "args": {"angle": 180}}], "sim_u4_predicted_ops": [0.4430409914204004, 0.4553386911595867, 0.41234817813765184, 0.4145067309624272, 0.38950276243093923, 0.39960886571056065, 0.3943887775551102, 0.406841046277666], "argmax_sim_u4_predicted_ops": 2}, "B : H  ::  C : ?": {"sim_u1_trans_u2": [0.40176114474408364, 0.32174364296834457, 0.3328100470957614, 0.23401162790697674, 0.35083532219570407, 0.2693745327685024, 0.260267194458189, 0.3335078534031414], "unary_tran": [{"name": null}], "sim_u4_predicted_ops": [0.6069532908704883, 0.6135437881873728, 0.4169374492282697, 0.49691686157771636, 0.4837758112094395, 0.5412778176597272, 0.41365298659081673, 0.3900596421471173], "argmax_sim_u4_predicted_ops": 2}}, "binary_analogies_data": {"A : B : C  ::  G : H : ?": {"b1_b2_align_x": -2, "b1_b2_align_y": 0, "sim_b1_b2_trans_b3": [0.44022644022644025, 0.30630284396617985, 0.023689320388349516, 0.30798479087452474, 0.30585602387168964], "b1_b2_tran": [{"name": "unite"}], "sim_b6_predicted_ops": [0.6618721999528413, 0.7614127823161941, 0.6409306156063413, 0.5806768988587171, 0.8699122106943336, 0.6601161232693167, 0.6163854441959747, 0.5276449206045533], "argmax_sim_b6_predicted_ops": 5}, "D : E : F  ::  G : H : ?": {"b1_b2_align_x": -2, "b1_b2_align_y": 0, "sim_b1_b2_trans_b3": [0.551056786350904, 0.42096412556053814, 0.01553956834532374, 0.2509173017217048, 0.25341892269048283], "b1_b2_tran": [{"name": "unite"}], "sim_b6_predicted_ops": [0.6618721999528413, 0.7614127823161941, 0.6409306156063413, 0.5806768988587171, 0.8699122106943336, 0.6601161232693167, 0.6163854441959747, 0.5276449206045533], "argmax_sim_b6_predicted_ops": 5}, "A : D : G  ::  C : F : ?": {"b1_b2_align_x": 0, "b1_b2_align_y": -3, "sim_b1_b2_trans_b3": [0.5106024907438573, 0.24346527259148618, 0.07281001137656427, 0.34741959611069556, 0.4019209456963428], "b1_b2_tran": [{"name": "unite"}], "sim_b6_predicted_ops": [0.8203786746387643, 0.7113866967305524, 0.5468045112781955, 0.7037189233614136, 0.6593806921675774, 0.6767654751525719, 0.5209336791404223, 0.5796129526729259], "argmax_sim_b6_predicted_ops": 1}, "B : E : H  ::  C : F : ?": {"b1_b2_align_x": 0, "b1_b2_align_y": -2,