{"unary_analogies_data": {"A : B  ::  H : ?": {"sim_u1_trans_u2": [0.4236760124610592, 0.32848837209302323, 0.4236760124610592, 0.32463768115942027, 0.4236760124610592, 0.32463768115942027, 0.4236760124610592, 0.32848837209302323], "unary_tran": [{"name": null}], "sim_u4_predicted_ops": [0.18814139110604333, 0.4379610999329309, 0.42354124748490946, 0.2717436537661257, 0.4418604651162791, 0.6688888888888889, 0.2589382448537378, 0.3593898951382269], "argmax_sim_u4_predicted_ops": 6}, "B : C  ::  H : ?": {"sim_u1_trans_u2": [0.3474320241691843, 0.4003139717425432, 0.3474320241691843, 0.4003139717425432, 0.3474320241691843, 0.4003139717425432, 0.3474320241691843, 0.4003139717425432], "unary_tran": [{"name": "rot_binary", "args": {"angle": 90}}], "sim_u4_predicted_ops": [0.18814139110604333, 0.5457822638788753, 0.5264293419633226, 0.3310104529616725, 0.4418604651162791, 0.5793901156677181, 0.2589382448537378, 0.34148635936030103], "argmax_sim_u4_predicted_ops": 6}, "D : E  ::  H : ?": {"sim_u1_trans_u2": [0.35267857142857145, 0.41368584758942456, 0.35267857142857145, 0.41368584758942456, 0.35267857142857145, 0.41368584758942456, 0.35267857142857145, 0.41368584758942456], "unary_tran": [{"name": "rot_binary", "args": {"angle": 90}}], "sim_u4_predicted_ops": [0.18814139110604333, 0.5457822638788753, 0.5264293419633226, 0.3310104529616725, 0.4418604651162791, 0.5793901156677181, 0.2589382448537378, 0.34148635936030103], "argmax_sim_u4_predicted_ops": 6}, "E : F  ::  H : ?": {"sim_u1_trans_u2": [0.4594059405940594, 0.5614406779661016, 0.4594059405940594, 0.5614406779661016, 0.4594059405940594, 0.5614406779661016, 0.4594059405940594, 0.5614406779661016], "unary_tran": [{"name": "rot_binary", "args": {"angle": 90}}], "sim_u4_predicted_ops": [0.18814139110604333, 0.5457822638788753, 0.5264293419633226, 0.3310104529616725, 0.4418604651162791, 0.5793901156677181, 0.2589382448537378, 0.34148635936030103], "argmax_sim_u4_predicted_ops": 6}, "G : H  ::  H : ?": {"sim_u1_trans_u2": [0.449, 0.556390977443609, 0.449, 0.556390977443609, 0.449, 0.556390977443609, 0.449, 0.556390977443609], "unary_tran": [{"name": "rot_binary", "args": {"angle": 90}}], "sim_u4_predicted_ops": [0.18814139110604333, 0.5457822638788753, 0.5264293419633226, 0.3310104529616725, 0.4418604651162791, 0.5793901156677181, 0.2589382448537378, 0.34148635936030103], "argmax_sim_u4_predicted_ops": 6}, "A : C  ::  G : ?": {"sim_u1_trans_u2": [0.22770700636942676, 0.22575516693163752, 0.22770700636942676, 0.22575516693163752, 0.22770700636942676, 0.22575516693163752, 0.22770700636942676, 0.22575516693163752], "unary_tran": [{"name": null}], "sim_u4_predicted_ops": [0.25774877650897227, 0.3330960854092527, 0.8511326860841424, 0.20043103448275862, 0.6176961602671118, 0.5842985842985843, 0.3603053435114504, 0.4119804400977995], "argmax_sim_u4_predicted_ops": 3}, "D : F  ::  G : ?": {"sim_u1_trans_u2": [0.2532051282051282, 0.26264800861141013, 0.2572347266881029, 0.25858369098712447, 0.2532051282051282, 0.26264800861141013, 0.2572347266881029, 0.2572347266881029], "unary_tran": [{"name": "rot_binary", "args": {"angle": 90}}], "sim_u4_predicted_ops": [0.255700325732899, 0.3302556818181818, 0.4481012658227848, 0.20043103448275862, 0.47938931297709925, 0.5349127182044888, 0.42788461538461536, 0.2636761487964989], "argmax_sim_u4_predicted_ops": 6}, "A : D  ::  F : ?": {"sim_u1_trans_u2": [0.4259818731117825, 0.3147632311977716, 0.4259818731117825, 0.3111111111111111, 0.4259818731117825, 0.3111111111111111, 0.4259818731117825, 0.3147632311977716], "unary_tran": [{"name": null}], "sim_u4_predicted_ops": [0.18623024830699775, 0.44013377926421404, 0.42685370741482964, 0.27708333333333335, 0.4372842347525892, 0.6640969162995595, 0.25643776824034337, 0.3653663177925785], "argmax_sim_u4_predicted_ops": 6}, "D : G  ::  F : ?": {"sim_u1_trans_u2": [0.3550834597875569, 0.41971383147853736, 0.3550834597875569, 0.42197452229299365, 0.353030303030303, 0.42197452229299365, 0.3550834597875569, 0.41971383147853736], "unary_tran": [{"name": "rot_binary", "args": {"angle": 270}}], "sim_u4_predicted_ops": [0.18623024830699775, 0.5500359971202304, 0.516506922257721, 0.3384279475982533, 0.4372842347525892, 0.5772442588726514, 0.26185344827586204, 0.33986928104575165], "argmax_sim_u4_predicted_ops": 6}, "B : E  ::  F : ?": {"sim_u1_trans_u2": [0.3463855421686747, 0.39906103286384975, 0.3463855421686747, 0.39906103286384975, 0.3463855421686747, 0.39906103286384975, 0.3463855421686747, 0.39906103286384975], "unary_tran": [{"name": "rot_binary", "args": {"angle": 90}}], "sim_u4_predicted_ops": [0.18623024830699775, 0.5500359971202304, 0.5148936170212766, 0.3384279475982533, 0.4372842347525892, 0.5658031088082901, 0.26185344827586204, 0.33986928104575165], "argmax_sim_u4_predicted_ops": 6}, "E : H  ::  F : ?": {"sim_u1_trans_u2": [0.4577114427860697, 0.5668449197860963, 0.4577114427860697, 0.5668449197860963, 0.4577114427860697, 0.5668449197860963, 0.4577114427860697, 0.5668449197860963], "unary_tran": [{"name": "rot_binary", "args": {"angle": 90}}], "sim_u4_predicted_ops": [0.18623024830699775, 0.5500359971202304, 0.5148936170212766, 0.3384279475982533, 0.4372842347525892, 0.5658031088082901, 0.26185344827586204, 0.33986928104575165], "argmax_sim_u4_predicted_ops": 6}, "C : F  ::  F : ?": {"sim_u1_trans_u2": [0.4559841740850643, 0.5642933049946866, 0.4559841740850643, 0.5642933049946866, 0.4559841740850643, 0.5642933049946866, 0.4559841740850643, 0.5642933049946866], "unary_tran": [{"name": "rot_binary", "args": {"angle": 90}}], "sim_u4_predicted_ops": [0.18623024830699775, 0.5500359971202304, 0.5148936170212766, 0.3384279475982533, 0.4372842347525892, 0.5658031088082901, 0.26185344827586204, 0.33986928104575165], "argmax_sim_u4_predicted_ops": 6}, "A : G  ::  C : ?": {"sim_u1_trans_u2": [0.23289902280130292, 0.2288961038961039, 0.23089430894308943, 0.2288961038961039, 0.23289902280130292, 0.2288961038961039, 0.23089430894308943, 0.2288961038961039], "unary_tran": [{"name": null}], "sim_u4_predicted_ops": [0.2539936102236422, 0.3373493975903614, 0.8647342995169082, 0.20335339638865005, 0.6221122112211221, 0.5900383141762452, 0.3568215892053973, 0.4186893203883495], "argmax_sim_u4_predicted_ops": 3}, "B : H  ::  C : ?": {"sim_u1_trans_u2": [0.250272034820457, 0.250272034820457, 0.250272034820457, 0.250272034820457, 0.250272034820457, 0.250272034820457, 0.250272034820457, 0.250272034820457], "unary_tran": [{"name": null}], "sim_u4_predicted_ops": [0.2539936102236422, 0.3373493975903614, 0.8647342995169082, 0.20335339638865005, 0.6221122112211221, 0.5900383141762452, 0.3568215892053973, 0.4186893203883495], "argmax_sim_u4_predicted_ops": 3}}, "binary_analogies_data": {"A : B : C  ::  G : H : ?": {"b1_b2_align_x": -3, "b1_b2_align_y": 1, "sim_b1_b2_trans_b3": [0.28526148969889065, 0.21947194719471946, 0.03927986906710311, 0.0628099173553719, 0.08346709470304976], "b1_b2_tran": [{"name": "unite"}], "sim_b6_predicted_ops": [0.24390243902439024, 0.3984375, 0.791907514450867, 0.2418103448275862, 0.5547445255474452, 0.6282208588957056, 0.3319838056680162, 0.4264538198403649], "argmax_sim_b6_predicted_ops": 3}, "D : E : F  ::  G : H : ?": {"b1_b2_align_x": -3, "b1_b2_align_y": 0, "sim_b1_b2_trans_b3": [0.32051282051282054, 0.2727272727272727, 0.04581005586592179, 0.07249712313003452, 0.09659714599341383], "b1_b2_tran": [{"name": "unite"}], "sim_b6_predicted_ops": [0.24849397590361447, 0.37339971550497864, 0.8239757207890743, 0.2254310344827586, 0.5873261205564142, 0.6568123393316195, 0.33661971830985915, 0.4423305588585018], "argmax_sim_b6_predicted_ops": 3}, "A : D : G  ::  C : F : ?": {"b1_b2_align_x": 1, "b1_b2_align_y": -2, "sim_b1_b2_trans_b3": [0.29079159935379645, 0.22483221476510068, 0.03355704697986577, 0.06587837837837837, 0.08045977011494253], "b1_b2_tran": [{"name": "unite"}],