{"unary_analogies_data": {"A : B  ::  H : ?": {"sim_u1_trans_u2": [0.48564593301435405, 0.4750593824228028, 0.4768133174791914, 0.4803337306317044, 0.4785714285714286, 0.4821002386634845, 0.4821002386634845, 0.4750593824228028], "unary_tran": [{"name": null}], "sim_u4_predicted_ops": [0.28530362917714697, 0.481143310837634, 0.6308690012970168, 0.2444113263785395, 0.3640416047548291, 0.28263103802672146, 0.5948808473080318, 0.16419703644373249], "argmax_sim_u4_predicted_ops": 3}, "B : C  ::  H : ?": {"sim_u1_trans_u2": [0.647196261682243, 0.24558303886925795, 0.6408068269976727, 0.24558303886925795, 0.6433566433566433, 0.24558303886925795, 0.6433566433566433, 0.24338624338624337], "unary_tran": [{"name": null}], "sim_u4_predicted_ops": [0.28530362917714697, 0.481143310837634, 0.6308690012970168, 0.2444113263785395, 0.3640416047548291, 0.28263103802672146, 0.5948808473080318, 0.16419703644373249], "argmax_sim_u4_predicted_ops": 3}, "D : E  ::  H : ?": {"sim_u1_trans_u2": [0.48895522388059703, 0.4854079809410363, 0.4845238095238095, 0.4809976247030879, 0.48364069006543725, 0.4809976247030879, 0.4880668257756563, 0.4845238095238095], "unary_tran": [{"name": null}], "sim_u4_predicted_ops": [0.28530362917714697, 0.481143310837634, 0.6308690012970168, 0.2444113263785395, 0.3640416047548291, 0.28263103802672146, 0.5948808473080318, 0.16419703644373249], "argmax_sim_u4_predicted_ops": 3}, "E : F  ::  H : ?": {"sim_u1_trans_u2": [0.6402961808261887, 0.6371061843640606, 0.6282398452611219, 0.6371061843640606, 0.6377431906614786, 0.6301316808675446, 0.6313953488372093, 0.643498633346349], "unary_tran": [{"name": "mirror_left_right"}, {"name": "rot_binary", "args": {"angle": 270}}], "sim_u4_predicted_ops": [0.2869221082928584, 0.2808101613456917, 0.6419430660746931, 0.23960807600950118, 0.3591945513769618, 0.47634069400630913, 0.4292117057737938, 0.16559743384121892], "argmax_sim_u4_predicted_ops": 3}, "G : H  ::  H : ?": {"sim_u1_trans_u2": [0.48660535785685727, 0.27766323024054984, 0.48068498606133014, 0.2798623063683305, 0.48127490039840637, 0.2794218857536132, 0.48482428115015974, 0.27810244070127194], "unary_tran": [{"name": null}], "sim_u4_predicted_ops": [0.28530362917714697, 0.481143310837634, 0.6308690012970168, 0.2444113263785395, 0.3640416047548291, 0.28263103802672146, 0.5948808473080318, 0.16419703644373249], "argmax_sim_u4_predicted_ops": 3}, "A : C  ::  G : ?": {"sim_u1_trans_u2": [0.31644583008573657, 0.3174726989079563, 0.31542056074766356, 0.31644583008573657, 0.31644583008573657, 0.3174726989079563, 0.31542056074766356, 0.31542056074766356], "unary_tran": [{"name": "rot_binary", "args": {"angle": 90}}], "sim_u4_predicted_ops": [0.16518650088809947, 0.19855072463768117, 0.3192771084337349, 0.3803680981595092, 0.3180741910023678, 0.9545454545454546, 0.41485753052917235, 0.323482428115016], "argmax_sim_u4_predicted_ops": 6}, "D : F  ::  G : ?": {"sim_u1_trans_u2": [0.3196400625978091, 0.3237833594976452, 0.3180930050801094, 0.32119075597336466, 0.317578125, 0.32170846394984326, 0.3206734534064213, 0.3222265778126225], "unary_tran": [{"name": "rot_binary", "args": {"angle": 90}}], "sim_u4_predicted_ops": [0.16518650088809947, 0.19855072463768117, 0.3192771084337349, 0.3803680981595092, 0.3180741910023678, 0.9545454545454546, 0.41485753052917235, 0.323482428115016], "argmax_sim_u4_predicted_ops": 6}, "A : D  ::  F : ?": {"sim_u1_trans_u2": [0.4796650717703349, 0.48677884615384615, 0.47437425506555425, 0.4849939975990396, 0.47437425506555425, 0.4849939975990396, 0.4796650717703349, 0.48677884615384615], "unary_tran": [{"name": "rot_binary", "args": {"angle": 90}}], "sim_u4_predicted_ops": [0.28614726332679624, 0.4705197827773468, 0.6278532957168504, 0.23939127889961956, 0.3564760793465578, 0.28037697744867046, 0.5813618003462204, 0.16398587681443702], "argmax_sim_u4_predicted_ops": 3}, "D : G  ::  F : ?": {"sim_u1_trans_u2": [0.6438247011952192, 0.2457729468599034, 0.6347068145800316, 0.24652567975830816, 0.6360031720856463, 0.24502112251056127, 0.6412092283214001, 0.2457729468599034], "unary_tran": [{"name": null}], "sim_u4_predicted_ops": [0.28340152997687246, 0.28074324324324323, 0.632039084597583, 0.2430290578221309, 0.36483710008805403, 0.4818854694195559, 0.4318181818181818, 0.16216216216216217], "argmax_sim_u4_predicted_ops": 3}, "B : E  ::  F : ?": {"sim_u1_trans_u2": [0.48045023696682465, 0.4955116696588869, 0.4822064056939502, 0.47869822485207103, 0.47782377291543465, 0.4830860534124629, 0.4946172248803828, 0.48132780082987553], "unary_tran": [{"name": "rot_binary", "args": {"angle": 90}}], "sim_u4_predicted_ops": [0.28614726332679624, 0.4705197827773468, 0.6278532957168504, 0.23939127889961956, 0.3564760793465578, 0.28037697744867046, 0.5813618003462204, 0.16398587681443702], "argmax_sim_u4_predicted_ops": 3}, "E : H  ::  F : ?": {"sim_u1_trans_u2": [0.6451229183187946, 0.6366863905325444, 0.6503579952267303, 0.6497017892644135, 0.6438193343898574, 0.6431683168316832, 0.658273381294964, 0.6386255924170616], "unary_tran": [{"name": "mirror_left_right"}, {"name": "rot_binary", "args": {"angle": 180}}], "sim_u4_predicted_ops": [0.2831732479544646, 0.27987846049966236, 0.6224437627811861, 0.24522199353131433, 0.3608428446005268, 0.4795799299883314, 0.4262295081967213, 0.16581532416502948], "argmax_sim_u4_predicted_ops": 3}, "C : F  ::  F : ?": {"sim_u1_trans_u2": [0.48716951788491447, 0.2809778968519759, 0.4831329972857697, 0.27798195790177077, 0.4791183294663573, 0.27883650952858574, 0.4929742388758782, 0.28012048192771083], "unary_tran": [{"name": "mirror_left_right"}, {"name": "rot_binary", "args": {"angle": 180}}], "sim_u4_predicted_ops": [0.2831732479544646, 0.27987846049966236, 0.6224437627811861, 0.24522199353131433, 0.3608428446005268, 0.4795799299883314, 0.4262295081967213, 0.16581532416502948], "argmax_sim_u4_predicted_ops": 3}, "A : G  ::  C : ?": {"sim_u1_trans_u2": [0.32955465587044536, 0.3263327948303716, 0.319935691318328, 0.3263327948303716, 0.319935691318328, 0.32740501212611156, 0.32955465587044536, 0.3252623083131558], "unary_tran": [{"name": null}], "sim_u4_predicted_ops": [0.16412363067292646, 0.195837275307474, 0.32464825429911415, 0.39530516431924884, 0.3297997644287397, 0.9606481481481481, 0.4182918628110289, 0.3291731669266771], "argmax_sim_u4_predicted_ops": 6}, "B : H  ::  C : ?": {"sim_u1_trans_u2": [0.3277310924369748, 0.3256092688773472, 0.3229665071770335, 0.3256092688773472, 0.3256092688773472, 0.32826261008807045, 0.3240223463687151, 0.3240223463687151], "unary_tran": [{"name": "mirror_left_right"}, {"name": "rot_binary", "args": {"angle": 90}}], "sim_u4_predicted_ops": [0.16275889019148104, 0.9476117103235747, 0.32154925916298416, 0.38425710293432697, 0.31482919254658387, 0.2008506616257089, 0.40975935828877, 0.3291731669266771], "argmax_sim_u4_predicted_ops": 2}}, "binary_analogies_data": {"A : B : C  ::  G : H : ?": {"b1_b2_align_x": 9, "b1_b2_align_y": 0, "sim_b1_b2_trans_b3": [0.6376360808709176, 0.31693989071038253, 0.00156128024980484, 0.323460639127046, 0.3229571984435798], "b1_b2_tran": [{"name": "unite"}], "sim_b6_predicted_ops": [0.2852788237403622, 0.4872915011914218, 0.6311157131762879, 0.24413424413424414, 0.361324659964518, 0.2825938566552901, 0.5971201880693505, 0.16420884814667197], "argmax_sim_b6_predicted_ops": 3}, "D : E : F  ::  G : H : ?": {"b1_b2_align_x": 9, "b1_b2_align_y": 0, "sim_b1_b2_trans_b3": [0.6390831390831391, 0.3198587127158556, 0.003930817610062893, 0.324736225087925, 0.32450331125827814], "b1_b2_tran": [{"name": "unite"}], "sim_b6_predicted_ops": [0.2852788237403622, 0.4872915011914218, 0.6311157131762879, 0.24413424413424414, 0.361324659964518, 0.2825938566552901, 0.5971201880693505, 0.16420884814667197], "argmax_sim_b6_predicted_ops": 3}, "A : D : G  ::  C : F : ?": {"b1_b2_align_x": 0, "b1_b2_align_y": -12, "sim_b1_b2_trans_b3": [0.32903225806451614, 0.3249594813614263, 0.005672609400324149, 0.004862236628849271, 0.008084074373484237], "b1_b2_tran": [{"name": "unite"}],