{"unary_analogies_data": {"A : B  ::  H : ?": {"sim_u1_trans_u2": [0.4735973597359736, 0.5476603119584056, 0.48092868988391374, 0.5557491289198606, 0.471169686985173, 0.5557491289198606, 0.4833887043189369, 0.5476603119584056], "unary_tran": [{"name": "rot_binary", "args": {"angle": 270}}], "sim_u4_predicted_ops": [0.5203619909502263, 0.6643495531281033, 0.5036674816625917, 0.8173652694610778, 0.4790739091718611, 0.30791962174940896, 0.341995841995842, 0.5995045417010735], "argmax_sim_u4_predicted_ops": 4}, "B : C  ::  H : ?": {"sim_u1_trans_u2": [0.6575, 0.35306122448979593, 0.6554307116104869, 0.3572159672466735, 0.6575, 0.35306122448979593, 0.6554307116104869, 0.3572159672466735], "unary_tran": [{"name": null}], "sim_u4_predicted_ops": [0.47627416520210897, 0.6115384615384616, 0.9001029866117405, 0.5406091370558376, 0.5834127740705434, 0.24676056338028168, 0.3241025641025641, 0.5916187345932621], "argmax_sim_u4_predicted_ops": 3}, "D : E  ::  H : ?": {"sim_u1_trans_u2": [0.561035758323058, 0.5785536159600998, 0.561035758323058, 0.5944584382871536, 0.5746268656716418, 0.5825, 0.5571955719557196, 0.5944584382871536], "unary_tran": [{"name": "rot_binary", "args": {"angle": 270}}], "sim_u4_predicted_ops": [0.5203619909502263, 0.6643495531281033, 0.5036674816625917, 0.8173652694610778, 0.4790739091718611, 0.30791962174940896, 0.341995841995842, 0.5995045417010735], "argmax_sim_u4_predicted_ops": 4}, "E : F  ::  H : ?": {"sim_u1_trans_u2": [0.6133971291866028, 0.6305609284332688, 0.6057142857142858, 0.635305528612997, 0.5981042654028436, 0.6337209302325582, 0.6305609284332688, 0.6337209302325582], "unary_tran": [{"name": "rot_binary", "args": {"angle": 270}}], "sim_u4_predicted_ops": [0.5203619909502263, 0.6643495531281033, 0.5036674816625917, 0.8173652694610778, 0.4790739091718611, 0.30791962174940896, 0.341995841995842, 0.5995045417010735], "argmax_sim_u4_predicted_ops": 4}, "G : H  ::  H : ?": {"sim_u1_trans_u2": [0.5642023346303502, 0.4738771769019248, 0.5314285714285715, 0.47522935779816516, 0.5314285714285715, 0.48202764976958523, 0.5672514619883041, 0.4725274725274725], "unary_tran": [{"name": "mirror_left_right"}, {"name": "rot_binary", "args": {"angle": 180}}], "sim_u4_predicted_ops": [0.4723926380368098, 0.6115384615384616, 0.8903688524590164, 0.5289672544080605, 0.5819047619047619, 0.24605855855855857, 0.3241025641025641, 0.590311986863711], "argmax_sim_u4_predicted_ops": 3}, "A : C  ::  G : ?": {"sim_u1_trans_u2": [0.39724310776942356, 0.435006435006435, 0.41139240506329117, 0.435006435006435, 0.4060529634300126, 0.435006435006435, 0.3954943679599499, 0.435006435006435], "unary_tran": [{"name": "rot_binary", "args": {"angle": 90}}], "sim_u4_predicted_ops": [0.8266494178525227, 0.46361746361746364, 0.4669767441860465, 0.51364522417154, 0.3590243902439024, 0.28129117259552044, 0.42877094972067037, 0.5368324125230203], "argmax_sim_u4_predicted_ops": 1}, "D : F  ::  G : ?": {"sim_u1_trans_u2": [0.5150259067357513, 0.41529525653436594, 0.5308900523560209, 0.42217898832684825, 0.5260960334029228, 0.41529525653436594, 0.5150259067357513, 0.4207968901846453], "unary_tran": [{"name": "rot_binary", "args": {"angle": 180}}], "sim_u4_predicted_ops": [0.34990439770554493, 0.4396728016359918, 0.5521653543307087, 0.4847036328871893, 0.724009900990099, 0.22404027690371303, 0.45519203413940257, 0.6330724070450098], "argmax_sim_u4_predicted_ops": 5}, "A : D  ::  F : ?": {"sim_u1_trans_u2": [0.5392857142857143, 0.5787545787545788, 0.4991304347826087, 0.5787545787545788, 0.4991304347826087, 0.5787545787545788, 0.512280701754386, 0.5787545787545788], "unary_tran": [{"name": "rot_binary", "args": {"angle": 90}}], "sim_u4_predicted_ops": [0.43112244897959184, 0.6509341199606686, 0.8666666666666667, 0.4889795918367347, 0.6046287367405979, 0.24845070422535212, 0.33539731682146545, 0.5914684167350287], "argmax_sim_u4_predicted_ops": 3}, "D : G  ::  F : ?": {"sim_u1_trans_u2": [0.5712401055408971, 0.3721198156682028, 0.5795755968169761, 0.3705408515535098, 0.5733157199471598, 0.3721198156682028, 0.5712401055408971, 0.3721198156682028], "unary_tran": [{"name": "rot_binary", "args": {"angle": 180}}], "sim_u4_predicted_ops": [0.6403508771929824, 0.5869565217391305, 0.5147540983606558, 0.8149253731343283, 0.44947735191637633, 0.3206197854588796, 0.34232365145228216, 0.6139767054908486], "argmax_sim_u4_predicted_ops": 4}, "B : E  ::  F : ?": {"sim_u1_trans_u2": [0.5422116527942925, 0.544047619047619, 0.5514354066985646, 0.5312868949232585, 0.5458879618593564, 0.5422116527942925, 0.5477326968973747, 0.5312868949232585], "unary_tran": [{"name": "rot_binary", "args": {"angle": 180}}], "sim_u4_predicted_ops": [0.6403508771929824, 0.5869565217391305, 0.5147540983606558, 0.8149253731343283, 0.44947735191637633, 0.3206197854588796, 0.34232365145228216, 0.6139767054908486], "argmax_sim_u4_predicted_ops": 4}, "E : H  ::  F : ?": {"sim_u1_trans_u2": [0.6323957322987391, 0.6532416502946955, 0.6355685131195336, 0.6663366336633664, 0.6339805825242718, 0.6614017769002961, 0.6339805825242718, 0.6597633136094675], "unary_tran": [{"name": "rot_binary", "args": {"angle": 270}}], "sim_u4_predicted_ops": [0.4496124031007752, 0.6509341199606686, 0.8260869565217391, 0.5149501661129569, 0.5609756097560976, 0.2505643340857788, 0.33127572016460904, 0.6371308016877637], "argmax_sim_u4_predicted_ops": 3}, "C : F  ::  F : ?": {"sim_u1_trans_u2": [0.5968342644320298, 0.4436026936026936, 0.6650485436893204, 0.4570943075615973, 0.6118421052631579, 0.4533898305084746, 0.6458733205374281, 0.4484797297297297], "unary_tran": [{"name": "rot_binary", "args": {"angle": 180}}], "sim_u4_predicted_ops": [0.6403508771929824, 0.5869565217391305, 0.5147540983606558, 0.8149253731343283, 0.44947735191637633, 0.3206197854588796, 0.34232365145228216, 0.6139767054908486], "argmax_sim_u4_predicted_ops": 4}, "A : G  ::  C : ?": {"sim_u1_trans_u2": [0.46098265895953755, 0.43607954545454547, 0.4442857142857143, 0.42595204513399154, 0.442225392296719, 0.4340425531914894, 0.4442857142857143, 0.42998585572843], "unary_tran": [{"name": null}], "sim_u4_predicted_ops": [0.9312101910828026, 0.4386298763082778, 0.4982174688057041, 0.5457089552238806, 0.3759191176470588, 0.3159922928709056, 0.4176100628930818, 0.5676392572944297], "argmax_sim_u4_predicted_ops": 1}, "B : H  ::  C : ?": {"sim_u1_trans_u2": [0.5700737618545838, 0.41500474833808165, 0.5684210526315789, 0.4109848484848485, 0.5684210526315789, 0.41634980988593157, 0.5717299578059072, 0.4109848484848485], "unary_tran": [{"name": "mirror_left_right"}, {"name": "rot_binary", "args": {"angle": 180}}], "sim_u4_predicted_ops": [0.8243080625752106, 0.4372623574144487, 0.5008928571428571, 0.6056201550387597, 0.3746556473829201, 0.31430404105195636, 0.4158291457286432, 0.5746003552397868], "argmax_sim_u4_predicted_ops": 1}}, "binary_analogies_data": {"A : B : C  ::  G : H : ?": {"b1_b2_align_x": 8, "b1_b2_align_y": -7, "sim_b1_b2_trans_b3": [0.6899128268991283, 0.3690322580645161, 0.06701030927835051, 0.30927835051546393, 0.3700384122919334], "b1_b2_tran": [{"name": "unite"}], "sim_b6_predicted_ops": [0.501779359430605, 0.5435380384967919, 0.7647619047619048, 0.5369747899159664, 0.6978636826042727, 0.24845418774592468, 0.3461139896373057, 0.6767241379310345], "argmax_sim_b6_predicted_ops": 3}, "D : E : F  ::  G : H : ?": {"b1_b2_align_x": 8, "b1_b2_align_y": 8, "sim_b1_b2_trans_b3": [0.6679841897233202, 0.4819532908704883, 0.06673728813559322, 0.23622881355932204, 0.2607361963190184], "b1_b2_tran": [{"name": "unite"}], "sim_b6_predicted_ops": [0.4712543554006969, 0.543040293040293, 0.7490566037735849, 0.5926892950391645, 0.7040816326530612, 0.24481792717086834, 0.35135135135135137, 0.6907037358818419], "argmax_sim_b6_predicted_ops": 3}, "A : D : G  ::  C : F : ?": {"b1_b2_align_x": -8, "b1_b2_align_y": 9, "sim_b1_b2_trans_b3": [0.510718789407314, 0.4294117647058823, 0.058208955223880594, 0.27719821162444114, 0.28735632183908044], "b1_b2_tran": [{"name": "unite"}],