{"unary_analogies_data": {"A : B  ::  H : ?": {"sim_u1_trans_u2": [0.4918347742555235, 0.3965827338129496, 0.3990990990990991, 0.43530499075785584, 0.4904030710172745, 0.3965827338129496, 0.3990990990990991, 0.4339796860572484], "unary_tran": [{"name": null}], "sim_u4_predicted_ops": [0.6190661478599222, 0.6071549105636179, 0.24025036109773712, 0.5794285714285714, 0.5625216487703498, 0.38936006168080184, 0.7585034013605442, 0.9597728348319924], "argmax_sim_u4_predicted_ops": 8}, "B : C  ::  H : ?": {"sim_u1_trans_u2": [0.6411543287327478, 0.3617907339927121, 0.3667711598746082, 0.5388235294117647, 0.3381074168797954, 0.3753943217665615, 0.4217391304347826, 0.4880546075085324], "unary_tran": [{"name": null}], "sim_u4_predicted_ops": [0.6190661478599222, 0.6071549105636179, 0.24025036109773712, 0.5794285714285714, 0.5625216487703498, 0.38936006168080184, 0.7585034013605442, 0.9597728348319924], "argmax_sim_u4_predicted_ops": 8}, "D : E  ::  H : ?": {"sim_u1_trans_u2": [0.6460459183673469, 0.3359213250517598, 0.3562795585916973, 0.4997094712376525, 0.6397712833545108, 0.4997094712376525, 0.3562795585916973, 0.33661315380631796], "unary_tran": [{"name": null}], "sim_u4_predicted_ops": [0.6190661478599222, 0.6071549105636179, 0.24025036109773712, 0.5794285714285714, 0.5625216487703498, 0.38936006168080184, 0.7585034013605442, 0.9597728348319924], "argmax_sim_u4_predicted_ops": 8}, "E : F  ::  H : ?": {"sim_u1_trans_u2": [0.7243346007604563, 0.4216300940438871, 0.5010343400910219, 0.47840260798696005, 0.7284421152929966, 0.41996086105675146, 0.5028997514498758, 0.47840260798696005], "unary_tran": [{"name": "mirror_left_right"}], "sim_u4_predicted_ops": [0.6134160527336177, 0.5958445040214477, 0.24324324324324326, 0.9410112359550562, 0.55712806351398, 0.39311944337069965, 0.754524886877828, 0.5835564053537284], "argmax_sim_u4_predicted_ops": 4}, "G : H  ::  H : ?": {"sim_u1_trans_u2": [0.724287783679382, 0.4593379648549244, 0.480514096185738, 0.4885368903709879, 0.4036949685534591, 0.5208688245315162, 0.3419767004885381, 0.3851823118696664], "unary_tran": [{"name": null}], "sim_u4_predicted_ops": [0.6190661478599222, 0.6071549105636179, 0.24025036109773712, 0.5794285714285714, 0.5625216487703498, 0.38936006168080184, 0.7585034013605442, 0.9597728348319924], "argmax_sim_u4_predicted_ops": 8}, "A : C  ::  G : ?": {"sim_u1_trans_u2": [0.31972361809045224, 0.26948640483383685, 0.2772036474164134, 0.2937192118226601, 0.32055311125078567, 0.26948640483383685, 0.2764277035236938, 0.2929230769230769], "unary_tran": [{"name": "mirror_left_right"}], "sim_u4_predicted_ops": [0.4533813525410164, 0.4305508617776276, 0.31979368149580917, 0.7061320754716981, 0.4251968503937008, 0.48050072219547424, 0.5716463414634146, 0.3919075144508671], "argmax_sim_u4_predicted_ops": 4}, "D : F  ::  G : ?": {"sim_u1_trans_u2": [0.4840703756538279, 0.37367957746478875, 0.33319094404100813, 0.38711111111111113, 0.49258727881396464, 0.38097345132743365, 0.3846495119787045, 0.4141368373357499], "unary_tran": [{"name": "mirror_left_right"}], "sim_u4_predicted_ops": [0.4533813525410164, 0.4305508617776276, 0.31979368149580917, 0.7061320754716981, 0.4251968503937008, 0.48050072219547424, 0.5716463414634146, 0.3919075144508671], "argmax_sim_u4_predicted_ops": 4}, "A : D  ::  F : ?": {"sim_u1_trans_u2": [0.4932821497120921, 0.43410138248847924, 0.40054005400540055, 0.39802336028751123, 0.4932821497120921, 0.4354243542435424, 0.40054005400540055, 0.39802336028751123], "unary_tran": [{"name": null}], "sim_u4_predicted_ops": [0.6190659976842918, 0.6104768300873069, 0.24880382775119617, 0.9369786839666358, 0.5645438898450946, 0.39761813292354975, 0.7666792310591782, 0.5880562951692658], "argmax_sim_u4_predicted_ops": 4}, "D : G  ::  F : ?": {"sim_u1_trans_u2": [0.6376440460947503, 0.5484261501210653, 0.362087326943557, 0.3563096500530223, 0.33437663015127805, 0.48548199767711964, 0.4258639910813824, 0.370112479914301], "unary_tran": [{"name": null}], "sim_u4_predicted_ops": [0.6190659976842918, 0.6104768300873069, 0.24880382775119617, 0.9369786839666358, 0.5645438898450946, 0.39761813292354975, 0.7666792310591782, 0.5880562951692658], "argmax_sim_u4_predicted_ops": 4}, "B : E  ::  F : ?": {"sim_u1_trans_u2": [0.6557482337829159, 0.4962275101567034, 0.3589878755930416, 0.33852544132917967, 0.6536241180243746, 0.3378308251167618, 0.3589878755930416, 0.4962275101567034], "unary_tran": [{"name": null}], "sim_u4_predicted_ops": [0.6190659976842918, 0.6104768300873069, 0.24880382775119617, 0.9369786839666358, 0.5645438898450946, 0.39761813292354975, 0.7666792310591782, 0.5880562951692658], "argmax_sim_u4_predicted_ops": 4}, "E : H  ::  F : ?": {"sim_u1_trans_u2": [0.7345559845559846, 0.4777960526315789, 0.5012531328320802, 0.41775147928994083, 0.7303803562831006, 0.4784039489921843, 0.5006263048016701, 0.4194312796208531], "unary_tran": [{"name": null}], "sim_u4_predicted_ops": [0.6190659976842918, 0.6104768300873069, 0.24880382775119617, 0.9369786839666358, 0.5645438898450946, 0.39761813292354975, 0.7666792310591782, 0.5880562951692658], "argmax_sim_u4_predicted_ops": 4}, "C : F  ::  F : ?": {"sim_u1_trans_u2": [0.7243650047036688, 0.48601540332387516, 0.5024590163934426, 0.45591739475774423, 0.39603960396039606, 0.4013761467889908, 0.34236543390699375, 0.5211618257261411], "unary_tran": [{"name": null}], "sim_u4_predicted_ops": [0.6190659976842918, 0.6104768300873069, 0.24880382775119617, 0.9369786839666358, 0.5645438898450946, 0.39761813292354975, 0.7666792310591782, 0.5880562951692658], "argmax_sim_u4_predicted_ops": 4}, "A : G  ::  C : ?": {"sim_u1_trans_u2": [0.3152804642166344, 0.30185067007019784, 0.2814070351758794, 0.2781954887218045, 0.3152804642166344, 0.30268199233716475, 0.2822124450031427, 0.2781954887218045], "unary_tran": [{"name": null}], "sim_u4_predicted_ops": [0.4637336504161712, 0.43708165997322623, 0.33080808080808083, 0.7162855809612693, 0.4301379554297842, 0.49689737470167067, 0.5816326530612245, 0.394457099468489], "argmax_sim_u4_predicted_ops": 4}, "B : H  ::  C : ?": {"sim_u1_trans_u2": [0.48841698841698844, 0.3829596412556054, 0.3270223752151463, 0.3780160857908847, 0.4812680115273775, 0.4153281321707205, 0.3848226313426134, 0.37617135207496655], "unary_tran": [{"name": null}], "sim_u4_predicted_ops": [0.4637336504161712, 0.43708165997322623, 0.33080808080808083, 0.7162855809612693, 0.4301379554297842, 0.49689737470167067, 0.5816326530612245, 0.394457099468489], "argmax_sim_u4_predicted_ops": 4}}, "binary_analogies_data": {"A : B : C  ::  G : H : ?": {"b1_b2_align_x": 1, "b1_b2_align_y": -1, "sim_b1_b2_trans_b3": [0.3592964824120603, 0.3169811320754717, 0.004424778761061947, 0.03982300884955752, 0.043588123815540114], "b1_b2_tran": [{"name": "unite"}], "sim_b6_predicted_ops": [0.47776911076443057, 0.4584717607973422, 0.29876252209781967, 0.4166666666666667, 0.466690290574061, 0.4684234438891413, 0.6075854299662036, 0.7424872861766065], "argmax_sim_b6_predicted_ops": 8}, "D : E : F  ::  G : H : ?": {"b1_b2_align_x": 1, "b1_b2_align_y": 0, "sim_b1_b2_trans_b3": [0.5080188679245283, 0.47687172150691465, 0.011031175059952039, 0.036468330134357005, 0.04148783977110158], "b1_b2_tran": [{"name": "unite"}], "sim_b6_predicted_ops": [0.4785348562426152, 0.46042924211938296, 0.30505415162454874, 0.41628787878787876, 0.4599786552828175, 0.4705611775528979, 0.5998492840994725, 0.7604903347477605], "argmax_sim_b6_predicted_ops": 8}, "A : D : G  ::  C : F : ?": {"b1_b2_align_x": 1, "b1_b2_align_y": -10, "sim_b1_b2_trans_b3": [0.35154241645244216, 0.31375080697224017, 0.003287310979618672, 0.04142011834319527, 0.044707429322813935], "b1_b2_tran": [{"name": "unite"}], "sim_b6_predicted_ops": [0.4842417500926956, 0.44597989949748745, 0.277337559429477, 0.6970212765957446, 0.48922340061580566, 0.45155855096882896, 0.5849788434414669, 0.40742049469964664], "argmax_sim_b6_predicted_ops": 4}, "B : E : H  ::  C : F : ?": {"b1_b2_align_x": 1, "b1_b2_align_y": -9,