{"unary_analogies_data": {"A : B  ::  H : ?": {"sim_u1_trans_u2": [0.7992759452936444, 0.5131935047361299, 0.5086003372681281, 0.5086003372681281, 0.5086003372681281, 0.7992759452936444, 0.5131935047361299, 0.5086003372681281], "unary_tran": [{"name": null}], "sim_u4_predicted_ops": [0.6532364597093792, 0.40984908657664815, 0.29327902240325865, 0.5571705426356589, 0.3812045003309067, 0.4983099951714148, 0.6749509483322433, 0.6406752411575563], "argmax_sim_u4_predicted_ops": 7}, "B : C  ::  H : ?": {"sim_u1_trans_u2": [0.7536231884057971, 0.42932790224032585, 0.7536231884057971, 0.42932790224032585, 0.7536231884057971, 0.42932790224032585, 0.7536231884057971, 0.42932790224032585], "unary_tran": [{"name": null}], "sim_u4_predicted_ops": [0.6532364597093792, 0.40984908657664815, 0.29327902240325865, 0.5571705426356589, 0.3812045003309067, 0.4983099951714148, 0.6749509483322433, 0.6406752411575563], "argmax_sim_u4_predicted_ops": 7}, "D : E  ::  H : ?": {"sim_u1_trans_u2": [0.75, 0.4671717171717172, 0.46964586846543, 0.4671717171717172, 0.46964586846543, 0.7300248138957817, 0.46964586846543, 0.4671717171717172], "unary_tran": [{"name": null}], "sim_u4_predicted_ops": [0.6532364597093792, 0.40984908657664815, 0.29327902240325865, 0.5571705426356589, 0.3812045003309067, 0.4983099951714148, 0.6749509483322433, 0.6406752411575563], "argmax_sim_u4_predicted_ops": 7}, "E : F  ::  H : ?": {"sim_u1_trans_u2": [0.6900937081659974, 0.671078755790867, 0.6900937081659974, 0.671078755790867, 0.6900937081659974, 0.671078755790867, 0.6900937081659974, 0.671078755790867], "unary_tran": [{"name": null}], "sim_u4_predicted_ops": [0.6532364597093792, 0.40984908657664815, 0.29327902240325865, 0.5571705426356589, 0.3812045003309067, 0.4983099951714148, 0.6749509483322433, 0.6406752411575563], "argmax_sim_u4_predicted_ops": 7}, "G : H  ::  H : ?": {"sim_u1_trans_u2": [0.6592252133946159, 0.2892857142857143, 0.6592252133946159, 0.2892857142857143, 0.6592252133946159, 0.2892857142857143, 0.6592252133946159, 0.2892857142857143], "unary_tran": [{"name": null}], "sim_u4_predicted_ops": [0.6532364597093792, 0.40984908657664815, 0.29327902240325865, 0.5571705426356589, 0.3812045003309067, 0.4983099951714148, 0.6749509483322433, 0.6406752411575563], "argmax_sim_u4_predicted_ops": 7}, "A : C  ::  G : ?": {"sim_u1_trans_u2": [0.6106623586429726, 0.6106623586429726, 0.6106623586429726, 0.6106623586429726, 0.6106623586429726, 0.6106623586429726, 0.6106623586429726, 0.6106623586429726], "unary_tran": [{"name": null}], "sim_u4_predicted_ops": [0.9839464882943144, 0.5886777513855899, 0.23326488706365503, 0.3772455089820359, 0.2859304084720121, 0.43097913322632425, 0.5112443778110944, 0.4507531865585168], "argmax_sim_u4_predicted_ops": 1}, "D : F  ::  G : ?": {"sim_u1_trans_u2": [0.517570281124498, 0.517570281124498, 0.517570281124498, 0.517570281124498, 0.517570281124498, 0.517570281124498, 0.517570281124498, 0.517570281124498], "unary_tran": [{"name": null}], "sim_u4_predicted_ops": [0.9839464882943144, 0.5886777513855899, 0.23326488706365503, 0.3772455089820359, 0.2859304084720121, 0.43097913322632425, 0.5112443778110944, 0.4507531865585168], "argmax_sim_u4_predicted_ops": 1}, "A : D  ::  F : ?": {"sim_u1_trans_u2": [0.8045234248788369, 0.513550135501355, 0.5238744884038199, 0.513550135501355, 0.5238744884038199, 0.7900641025641025, 0.5238744884038199, 0.513550135501355], "unary_tran": [{"name": null}], "sim_u4_predicted_ops": [0.28307692307692306, 0.4094519459888801, 0.6836870026525199, 0.5577109602327837, 0.9772511848341232, 0.49782713664896183, 0.6742969260954872, 0.6177636796193497], "argmax_sim_u4_predicted_ops": 5}, "D : G  ::  F : ?": {"sim_u1_trans_u2": [0.7435, 0.40434957712444625, 0.7435, 0.40434957712444625, 0.7505020080321285, 0.40434957712444625, 0.7505020080321285, 0.40434957712444625], "unary_tran": [{"name": "mirror_left_right"}], "sim_u4_predicted_ops": [0.28307692307692306, 0.4094519459888801, 0.6836870026525199, 0.5577109602327837, 0.9772511848341232, 0.49782713664896183, 0.6742969260954872, 0.6177636796193497], "argmax_sim_u4_predicted_ops": 5}, "B : E  ::  F : ?": {"sim_u1_trans_u2": [0.7463731865932967, 0.468040370058873, 0.468040370058873, 0.468040370058873, 0.46742328709541825, 0.7472472472472472, 0.468040370058873, 0.4686579722339083], "unary_tran": [{"name": "mirror_left_right"}, {"name": "rot_binary", "args": {"angle": 90}}], "sim_u4_predicted_ops": [0.6536682088565764, 0.4094519459888801, 0.293428425878757, 0.5577109602327837, 0.38145695364238413, 0.49782713664896183, 0.6742969260954872, 0.6411906677393403], "argmax_sim_u4_predicted_ops": 7}, "E : H  ::  F : ?": {"sim_u1_trans_u2": [0.671740569159497, 0.6907630522088354, 0.671740569159497, 0.6907630522088354, 0.671740569159497, 0.6907630522088354, 0.671740569159497, 0.6907630522088354], "unary_tran": [{"name": "rot_binary", "args": {"angle": 90}}], "sim_u4_predicted_ops": [0.6536682088565764, 0.4094519459888801, 0.293428425878757, 0.5577109602327837, 0.38145695364238413, 0.49782713664896183, 0.6742969260954872, 0.6411906677393403], "argmax_sim_u4_predicted_ops": 7}, "C : F  ::  F : ?": {"sim_u1_trans_u2": [0.6818783068783069, 0.29283172343670566, 0.6818783068783069, 0.29283172343670566, 0.6818783068783069, 0.29283172343670566, 0.6818783068783069, 0.29283172343670566], "unary_tran": [{"name": null}], "sim_u4_predicted_ops": [0.28307692307692306, 0.4094519459888801, 0.6836870026525199, 0.5577109602327837, 0.9772511848341232, 0.49782713664896183, 0.6742969260954872, 0.6177636796193497], "argmax_sim_u4_predicted_ops": 5}, "A : G  ::  C : ?": {"sim_u1_trans_u2": [0.5986312399355878, 0.5915831663326653, 0.5986312399355878, 0.5915831663326653, 0.6037964458804523, 0.5864962045545346, 0.6037964458804523, 0.5864962045545346], "unary_tran": [{"name": "mirror_left_right"}], "sim_u4_predicted_ops": [0.22706705059646237, 0.6004765687053217, 0.9960343688037012, 0.3802910052910053, 0.6977513227513228, 0.43148222133439873, 0.5304479114242576, 0.447187141216992], "argmax_sim_u4_predicted_ops": 3}, "B : H  ::  C : ?": {"sim_u1_trans_u2": [0.516016016016016, 0.5167751627441162, 0.516016016016016, 0.5167751627441162, 0.516016016016016, 0.5167751627441162, 0.516016016016016, 0.5167751627441162], "unary_tran": [{"name": "rot_binary", "args": {"angle": 90}}], "sim_u4_predicted_ops": [0.9445893089960886, 0.6004765687053217, 0.23618501841997544, 0.3802910052910053, 0.28930185836263184, 0.4459241323648103, 0.5281407035175879, 0.4622969837587007], "argmax_sim_u4_predicted_ops": 1}}, "binary_analogies_data": {"A : B : C  ::  G : H : ?": {"b1_b2_align_x": 3, "b1_b2_align_y": 1, "sim_b1_b2_trans_b3": [0.6084507042253521, 0.7574083375188347, 0.31644736842105264, 0.005952380952380952, 0.3145846958796599], "b1_b2_tran": [{"name": "intersect"}], "sim_b6_predicted_ops": [0.6500672947510094, 0.38959491660047657, 0.29500520291363164, 0.5733063700707786, 0.3859768550034037, 0.47368421052631576, 0.6415958142576847, 0.641914191419142], "argmax_sim_b6_predicted_ops": 1}, "D : E : F  ::  G : H : ?": {"b1_b2_align_x": 4, "b1_b2_align_y": 0, "sim_b1_b2_trans_b3": [0.517570281124498, 0.6900937081659974, 0.4603629417382999, 0, 0.4603629417382999], "b1_b2_tran": [{"name": "intersect"}], "sim_b6_predicted_ops": [0.6532970768184908, 0.3816521048451152, 0.2819314641744548, 0.5468277945619335, 0.36863543788187375, 0.46402704007725737, 0.6285153695225638, 0.6240725474031328], "argmax_sim_b6_predicted_ops": 1}, "A : D : G  ::  C : F : ?": {"b1_b2_align_x": -1, "b1_b2_align_y": -4, "sim_b1_b2_trans_b3": [0.5986312399355878, 0.7435, 0.3237458193979933, 0, 0.3237458193979933], "b1_b2_tran": [{"name": "intersect"}], "sim_b6_predicted_ops": [0.2739513205592957, 0.3927720413026211, 0.6558355437665783, 0.5454545454545454, 0.9374407582938389, 0.47754707870593915, 0.6468279921517331, 0.6112903225806452], "argmax_sim_b6_predicted_ops": 5}, "B : E : H  ::  C : F : ?": {"b1_b2_align_x": 0, "b1_b2_align_y": -4,