{"unary_analogies_data": {"A : B  ::  H : ?": {"sim_u1_trans_u2": [0.6395582329317269, 0.4632616487455197, 0.5016091954022989, 0.5176579925650557, 0.6354531797696544, 0.5190697674418605, 0.503683241252302, 0.46129753914988814], "unary_tran": [{"name": null}], "sim_u4_predicted_ops": [0.5521616541353384, 0.6019690576652602, 0.526613283089967, 0.4777382012466607, 0.6068376068376068, 0.38628411476557034, 0.468833481745325, 0.9042792792792793], "argmax_sim_u4_predicted_ops": 8}, "B : C  ::  H : ?": {"sim_u1_trans_u2": [0.5393474088291746, 0.5153519130845536, 0.4976657329598506, 0.6023976023976024, 0.5400864138262121, 0.518220539517274, 0.49417792268281324, 0.6007984031936128], "unary_tran": [{"name": "rot_binary", "args": {"angle": 270}}], "sim_u4_predicted_ops": [0.6080817916260954, 0.520017793594306, 0.5201688555347092, 0.6010612638687892, 0.4872033503955328, 0.3605769230769231, 0.4981834695731153, 0.46533795493934144], "argmax_sim_u4_predicted_ops": 1}, "D : E  ::  H : ?": {"sim_u1_trans_u2": [0.517439293598234, 0.6090823970037453, 0.5187803800265135, 0.6105904404873477, 0.5194518125552609, 0.6045751633986928, 0.5161005734450816, 0.6128578132332239], "unary_tran": [{"name": "mirror_left_right"}, {"name": "rot_binary", "args": {"angle": 270}}], "sim_u4_predicted_ops": [0.6049562682215743, 0.5039612676056338, 0.5187441424554826, 0.5910834132310643, 0.48928238583411, 0.3605769230769231, 0.49478930675124605, 0.4666088464874241], "argmax_sim_u4_predicted_ops": 1}, "E : F  ::  H : ?": {"sim_u1_trans_u2": [0.5147526100771675, 0.6136363636363636, 0.5133786848072562, 0.6144170295113691, 0.5126926563916591, 0.6128564523924601, 0.5147526100771675, 0.6089681774349084], "unary_tran": [{"name": "rot_binary", "args": {"angle": 270}}], "sim_u4_predicted_ops": [0.6080817916260954, 0.520017793594306, 0.5201688555347092, 0.6010612638687892, 0.4872033503955328, 0.3605769230769231, 0.4981834695731153, 0.46533795493934144], "argmax_sim_u4_predicted_ops": 1}, "G : H  ::  H : ?": {"sim_u1_trans_u2": [0.5362523540489642, 0.6282435129740519, 0.4804900181488203, 0.5071593533487297, 0.5369759773904852, 0.5029940119760479, 0.483856298317417, 0.6217693836978131], "unary_tran": [{"name": "rot_binary", "args": {"angle": 90}}], "sim_u4_predicted_ops": [0.4972801450589302, 0.5079435127978817, 0.4778841769265846, 0.8804532577903683, 0.5146919431279621, 0.3605769230769231, 0.6061343719571568, 0.4685193226226661], "argmax_sim_u4_predicted_ops": 4}, "A : C  ::  G : ?": {"sim_u1_trans_u2": [0.5405940594059406, 0.5375494071146245, 0.5413571074789499, 0.8545887961859356, 0.6713211600429646, 0.591002044989775, 0.5143552311435523, 0.5901890648952478], "unary_tran": [{"name": "rot_binary", "args": {"angle": 270}}], "sim_u4_predicted_ops": [0.5372549019607843, 0.5130353817504656, 0.9057656540607564, 0.5183044315992292, 0.5469867211440245, 0.3661305581835383, 0.5285505124450952, 0.5273159144893111], "argmax_sim_u4_predicted_ops": 3}, "D : F  ::  G : ?": {"sim_u1_trans_u2": [0.6227575602255254, 0.49976314542870676, 0.9352078239608802, 0.49976314542870676, 0.928136419001218, 0.49976314542870676, 0.6277634961439589, 0.49976314542870676], "unary_tran": [{"name": "rot_binary", "args": {"angle": 180}}], "sim_u4_predicted_ops": [0.534997552618698, 0.4813126709206928, 0.5393089634451678, 0.6554621848739496, 0.5313447927199191, 0.32629161882893226, 0.9062690200852099, 0.5058548009367682], "argmax_sim_u4_predicted_ops": 7}, "A : D  ::  F : ?": {"sim_u1_trans_u2": [0.5367717287488061, 0.6122244488977956, 0.4898148148148148, 0.5122180451127819, 0.4898148148148148, 0.6106106106106106, 0.5367717287488061, 0.5122180451127819], "unary_tran": [{"name": "rot_binary", "args": {"angle": 90}}], "sim_u4_predicted_ops": [0.5048216007714561, 0.6538854805725971, 0.6236730360934183, 0.5096246390760346, 0.5520082389289392, 0.360651865847898, 0.5702770780856423, 0.5992003998001], "argmax_sim_u4_predicted_ops": 2}, "D : G  ::  F : ?": {"sim_u1_trans_u2": [0.6456285566476979, 0.5693142575234337, 0.5322736030828517, 0.5090132827324478, 0.533012048192771, 0.5082977714556662, 0.6413828689370485, 0.5700888450148075], "unary_tran": [{"name": null}], "sim_u4_predicted_ops": [0.5397138628515047, 0.5360873694207028, 0.5121107266435986, 0.9533001245330013, 0.5747126436781609, 0.3207244383310408, 0.641390205371248, 0.49672591206735267], "argmax_sim_u4_predicted_ops": 4}, "B : E  ::  F : ?": {"sim_u1_trans_u2": [0.6216845044206608, 0.5008613264427217, 0.6096997690531177, 0.5073529411764706, 0.60451197053407, 0.5047495682210709, 0.6201766620176662, 0.5053995680345572], "unary_tran": [{"name": null}], "sim_u4_predicted_ops": [0.5397138628515047, 0.5360873694207028, 0.5121107266435986, 0.9533001245330013, 0.5747126436781609, 0.3207244383310408, 0.641390205371248, 0.49672591206735267], "argmax_sim_u4_predicted_ops": 4}, "E : H  ::  F : ?": {"sim_u1_trans_u2": [0.6157024793388429, 0.5064212328767124, 0.5988187187641981, 0.5077120822622108, 0.6053832116788321, 0.5103004291845493, 0.6149609912804038, 0.5032037590773174], "unary_tran": [{"name": null}], "sim_u4_predicted_ops": [0.5397138628515047, 0.5360873694207028, 0.5121107266435986, 0.9533001245330013, 0.5747126436781609, 0.3207244383310408, 0.641390205371248, 0.49672591206735267], "argmax_sim_u4_predicted_ops": 4}, "C : F  ::  F : ?": {"sim_u1_trans_u2": [0.6630434782608695, 0.5315315315315315, 0.5548780487804879, 0.6181914331041777, 0.5548780487804879, 0.5315315315315315, 0.6630434782608695, 0.6181914331041777], "unary_tran": [{"name": null}], "sim_u4_predicted_ops": [0.5397138628515047, 0.5360873694207028, 0.5121107266435986, 0.9533001245330013, 0.5747126436781609, 0.3207244383310408, 0.641390205371248, 0.49672591206735267], "argmax_sim_u4_predicted_ops": 4}, "A : G  ::  C : ?": {"sim_u1_trans_u2": [0.5223517978620019, 0.8896260554885405, 0.5253164556962026, 0.5335291238374938, 0.4983261597321856, 0.5927808845958312, 0.6498156924697209, 0.583923154701719], "unary_tran": [{"name": "rot_binary", "args": {"angle": 90}}], "sim_u4_predicted_ops": [0.5543912175648703, 0.5166744950681071, 0.8799261083743842, 0.5363101079489696, 0.5505154639175258, 0.3598771266540643, 0.5485316077650573, 0.5422501207146306], "argmax_sim_u4_predicted_ops": 3}, "B : H  ::  C : ?": {"sim_u1_trans_u2": [0.5951150775011742, 0.44572158365261816, 0.9121621621621622, 0.44387755102040816, 0.575139146567718, 0.44572158365261816, 0.956221198156682, 0.44387755102040816], "unary_tran": [{"name": "mirror_left_right"}, {"name": "rot_binary", "args": {"angle": 180}}], "sim_u4_predicted_ops": [0.6031909418425115, 0.4942156409069875, 0.5310932798395186, 0.6636556854410202, 0.6860986547085202, 0.31995412844036697, 0.5978428351309707, 0.578843302026693], "argmax_sim_u4_predicted_ops": 5}}, "binary_analogies_data": {"A : B : C  ::  G : H : ?": {"b1_b2_align_x": 13, "b1_b2_align_y": 0, "sim_b1_b2_trans_b3": [0.4927797833935018, 0.638970157987127, 0.13107692307692306, 0.11161290322580646, 0.18462434478741993], "b1_b2_tran": [{"name": "intersect"}], "sim_b6_predicted_ops": [0.7133878064110623, 0.5786548082267927, 0.6414048059149723, 0.6205673758865248, 0.6951456310679611, 0.26915799432355725, 0.6173499702911468, 0.6796407185628742], "argmax_sim_b6_predicted_ops": 1}, "D : E : F  ::  G : H : ?": {"b1_b2_align_x": 13, "b1_b2_align_y": 1, "sim_b1_b2_trans_b3": [0.5302245250431779, 0.6718170580964153, 0.20265379975874548, 0.17455439459127228, 0.24973656480505796], "b1_b2_tran": [{"name": "intersect"}], "sim_b6_predicted_ops": [0.7133878064110623, 0.5595826468973092, 0.6184690157958688, 0.5923344947735192, 0.6973428386260532, 0.26915799432355725, 0.5890251021599533, 0.6796407185628742], "argmax_sim_b6_predicted_ops": 1}, "A : D : G  ::  C : F : ?": {"b1_b2_align_x": -1, "b1_b2_align_y": 12, "sim_b1_b2_trans_b3": [0.5213032581453634, 0.6731371321227301, 0.1859504132231405, 0.272108843537415, 0.24530168150346193], "b1_b2_tran": [{"name": "intersect"}],