{"unary_analogies_data": {"A : B  ::  H : ?": {"sim_u1_trans_u2": [0.3046694405917707, 0.2116788321167883, 0.33617424242424243, 0.17387687188019968, 0.3046694405917707, 0.18721076987799748, 0.3355418835778514, 0.1972846839202376], "unary_tran": [{"name": "rot_binary", "args": {"angle": 180}}], "sim_u4_predicted_ops": [0.683947157726181, 0.6057259713701432, 0.36169274851223276, 0.5596707818930041, 0.7592725532424025, 0.5943225286893498, 0.7351970063834471, 0.45715509854327335], "argmax_sim_u4_predicted_ops": 5}, "B : C  ::  H : ?": {"sim_u1_trans_u2": [0.5182807703042144, 0.2781954887218045, 0.43082588111520254, 0.30361849988018214, 0.37235116044399597, 0.41372141372141374, 0.3596600849787553, 0.4027849406910779], "unary_tran": [{"name": null}], "sim_u4_predicted_ops": [0.7745201434296561, 0.8766730401529637, 0.3983703033046627, 0.5823061630218688, 0.5259443752594437, 0.6692664418212478, 0.580076167568651, 0.4742089293454703], "argmax_sim_u4_predicted_ops": 2}, "D : E  ::  H : ?": {"sim_u1_trans_u2": [0.6522284996861268, 0.5178777393310265, 0.45494748479823105, 0.41581495427649273, 0.5135135135135135, 0.41543425652057003, 0.3651452282157676, 0.3306370070778564], "unary_tran": [{"name": null}], "sim_u4_predicted_ops": [0.7745201434296561, 0.8766730401529637, 0.3983703033046627, 0.5823061630218688, 0.5259443752594437, 0.6692664418212478, 0.580076167568651, 0.4742089293454703], "argmax_sim_u4_predicted_ops": 2}, "E : F  ::  H : ?": {"sim_u1_trans_u2": [0.672888250777698, 0.42180191173479764, 0.4671563483735572, 0.5734863830744992, 0.5910332271279017, 0.49252775405636207, 0.48555036124096895, 0.4730299199325748], "unary_tran": [{"name": null}], "sim_u4_predicted_ops": [0.7745201434296561, 0.8766730401529637, 0.3983703033046627, 0.5823061630218688, 0.5259443752594437, 0.6692664418212478, 0.580076167568651, 0.4742089293454703], "argmax_sim_u4_predicted_ops": 2}, "G : H  ::  H : ?": {"sim_u1_trans_u2": [0.7545226130653266, 0.46640067198656027, 0.67578593712503, 0.46670867464818316, 0.5459375691830861, 0.6602472658107466, 0.505605864596809, 0.6705741626794258], "unary_tran": [{"name": null}], "sim_u4_predicted_ops": [0.7745201434296561, 0.8766730401529637, 0.3983703033046627, 0.5823061630218688, 0.5259443752594437, 0.6692664418212478, 0.580076167568651, 0.4742089293454703], "argmax_sim_u4_predicted_ops": 2}, "A : C  ::  G : ?": {"sim_u1_trans_u2": [0.20620710235750522, 0.13667041619797526, 0.20405123622281798, 0.1303131991051454, 0.20083184789067143, 0.13189582749929993, 0.2094554159186116, 0.13380084151472652], "unary_tran": [{"name": "mirror_left_right"}, {"name": "rot_binary", "args": {"angle": 180}}], "sim_u4_predicted_ops": [0.5987551867219917, 0.5099323753169906, 0.3763522012578616, 0.4992764109985528, 0.601590744757773, 0.625422582826234, 0.5532467532467532, 0.4224037339556593], "argmax_sim_u4_predicted_ops": 6}, "D : F  ::  G : ?": {"sim_u1_trans_u2": [0.49950956351152526, 0.3841104572204617, 0.38285843509724105, 0.39707562257253826, 0.5043050430504306, 0.32560156080641667, 0.38599274705349046, 0.33137382974091006], "unary_tran": [{"name": "mirror_left_right"}], "sim_u4_predicted_ops": [0.6444728979940247, 0.5532608695652174, 0.3770450541152781, 0.49958643507030603, 0.5467877094972067, 0.7328207592503604, 0.5037720033528919, 0.41810144253140996], "argmax_sim_u4_predicted_ops": 6}, "A : D  ::  F : ?": {"sim_u1_trans_u2": [0.3060674157303371, 0.1774716369529984, 0.31493212669683257, 0.18854805725971371, 0.31493212669683257, 0.18322475570032573, 0.3060674157303371, 0.18130081300813009], "unary_tran": [{"name": "rot_binary", "args": {"angle": 180}}], "sim_u4_predicted_ops": [0.6813230342642107, 0.5948501307583988, 0.3429246295898647, 0.5269859369061194, 0.6268068331143233, 0.6135216952573158, 0.6256127450980392, 0.4525871172122492], "argmax_sim_u4_predicted_ops": 1}, "D : G  ::  F : ?": {"sim_u1_trans_u2": [0.547301218804411, 0.2957472660996355, 0.46604344239758044, 0.30080507440839227, 0.35847133757961785, 0.44264069264069267, 0.3817051049494688, 0.4352624495289367], "unary_tran": [{"name": null}], "sim_u4_predicted_ops": [0.7800377437617949, 0.6482328482328482, 0.40098566308243727, 0.6134538152610441, 0.569737954353339, 0.842590458631021, 0.5658075939405862, 0.44860994102780116], "argmax_sim_u4_predicted_ops": 6}, "B : E  ::  F : ?": {"sim_u1_trans_u2": [0.6454891994917408, 0.4258188824662813, 0.4465233175090757, 0.44410370783384445, 0.348607133558969, 0.39509830325882034, 0.4665911664779162, 0.3288866085171883], "unary_tran": [{"name": null}], "sim_u4_predicted_ops": [0.7800377437617949, 0.6482328482328482, 0.40098566308243727, 0.6134538152610441, 0.569737954353339, 0.842590458631021, 0.5658075939405862, 0.44860994102780116], "argmax_sim_u4_predicted_ops": 6}, "E : H  ::  F : ?": {"sim_u1_trans_u2": [0.7374371859296482, 0.5900206944125086, 0.4397251717676452, 0.4397251717676452, 0.5588367899008115, 0.5127980748195143, 0.5563808237677245, 0.5019548218940052], "unary_tran": [{"name": null}], "sim_u4_predicted_ops": [0.7800377437617949, 0.6482328482328482, 0.40098566308243727, 0.6134538152610441, 0.569737954353339, 0.842590458631021, 0.5658075939405862, 0.44860994102780116], "argmax_sim_u4_predicted_ops": 6}, "C : F  ::  F : ?": {"sim_u1_trans_u2": [0.7754652301665035, 0.4710894704808278, 0.6261493608432384, 0.47079107505070994, 0.5664290343486714, 0.6149220489977728, 0.4953598680140235, 0.6116914869971105], "unary_tran": [{"name": null}], "sim_u4_predicted_ops": [0.7800377437617949, 0.6482328482328482, 0.40098566308243727, 0.6134538152610441, 0.569737954353339, 0.842590458631021, 0.5658075939405862, 0.44860994102780116], "argmax_sim_u4_predicted_ops": 6}, "A : G  ::  C : ?": {"sim_u1_trans_u2": [0.22299872935196952, 0.1353583013860218, 0.21489428841905964, 0.14311163895486936, 0.22261035249285488, 0.1417556346381969, 0.21489428841905964, 0.1353583013860218], "unary_tran": [{"name": null}], "sim_u4_predicted_ops": [0.6648397976391232, 0.555437778248887, 0.3781942078364566, 0.5077982580514483, 0.5496373526745241, 0.7278879813302217, 0.5126257442003695, 0.43538812785388126], "argmax_sim_u4_predicted_ops": 6}, "B : H  ::  C : ?": {"sim_u1_trans_u2": [0.5144964394710071, 0.3959212376933896, 0.39559409421138975, 0.38940737284181054, 0.45634629493763756, 0.32362747277172704, 0.4335580163697641, 0.3259853039412158], "unary_tran": [{"name": null}], "sim_u4_predicted_ops": [0.6648397976391232, 0.555437778248887, 0.3781942078364566, 0.5077982580514483, 0.5496373526745241, 0.7278879813302217, 0.5126257442003695, 0.43538812785388126], "argmax_sim_u4_predicted_ops": 6}}, "binary_analogies_data": {"A : B : C  ::  G : H : ?": {"b1_b2_align_x": 2, "b1_b2_align_y": 1, "sim_b1_b2_trans_b3": [0.5338177752934601, 0.19252615844544096, 0.015915915915915915, 0.3743884892086331, 0.375], "b1_b2_tran": [{"name": "unite"}], "sim_b6_predicted_ops": [0.8192408868846298, 0.7506717850287908, 0.377543470218276, 0.656137832017229, 0.6180555555555556, 0.7097134350576851, 0.7036485480268057, 0.5148273273273273], "argmax_sim_b6_predicted_ops": 1}, "D : E : F  ::  G : H : ?": {"b1_b2_align_x": 2, "b1_b2_align_y": 1, "sim_b1_b2_trans_b3": [0.6894912030432715, 0.4783144406111385, 0.029321774604793474, 0.22984476715072608, 0.2541780992766276], "b1_b2_tran": [{"name": "unite"}], "sim_b6_predicted_ops": [0.8192408868846298, 0.7506717850287908, 0.377543470218276, 0.656137832017229, 0.6180555555555556, 0.7097134350576851, 0.7036485480268057, 0.5148273273273273], "argmax_sim_b6_predicted_ops": 1}, "A : D : G  ::  C : F : ?": {"b1_b2_align_x": 1, "b1_b2_align_y": -4, "sim_b1_b2_trans_b3": [0.5300925925925926, 0.21315120711562896, 0.009878903760356916, 0.3837314786815845, 0.38016776512881967], "b1_b2_tran": [{"name": "unite"}], "sim_b6_predicted_ops": [0.7953788509575354, 0.6430317848410758, 0.40100855075641306, 0.6254227173264373, 0.5844155844155844, 0.8602150537634409, 0.5739840559984445, 0.46736401673640166], "argmax_sim_b6_predicted_ops": 6}, "B : E : H  ::  C : F : ?": {"b1_b2_align_x": 1,