{"unary_analogies_data": {"A : B  ::  H : ?": {"sim_u1_trans_u2": [0.37144790257104193, 0.3576691225720027, 0.3695945945945946, 0.36223118279569894, 0.36498316498316496, 0.36866981769074947, 0.37144790257104193, 0.35404141616566465], "unary_tran": [{"name": null}], "sim_u4_predicted_ops": [0.42243589743589743, 0.2785714285714286, 0.41273779983457404, 0.26613816534541335, 0.28095238095238095, 0.37183098591549296, 0.44437340153452687, 0.8538205980066446], "argmax_sim_u4_predicted_ops": 8}, "B : C  ::  H : ?": {"sim_u1_trans_u2": [0.3991769547325103, 0.4049586776859504, 0.42160278745644597, 0.40592694693314957, 0.40981340704906705, 0.41863699582753827, 0.4030261348005502, 0.39630390143737165], "unary_tran": [{"name": "rot_binary", "args": {"angle": 180}}], "sim_u4_predicted_ops": [0.2651083238312429, 0.2688113413304253, 0.12962962962962962, 0.27698458023986294, 0.28324388789505067, 0.28023133543638273, 0.26271660145332587, 0.24276169265033407], "argmax_sim_u4_predicted_ops": 5}, "D : E  ::  H : ?": {"sim_u1_trans_u2": [0.42034883720930233, 0.3755630630630631, 0.3717012914093206, 0.3717012914093206, 0.3701626472237802, 0.3717012914093206, 0.4121387283236994, 0.3755630630630631], "unary_tran": [{"name": null}], "sim_u4_predicted_ops": [0.42243589743589743, 0.2785714285714286, 0.41273779983457404, 0.26613816534541335, 0.28095238095238095, 0.37183098591549296, 0.44437340153452687, 0.8538205980066446], "argmax_sim_u4_predicted_ops": 8}, "E : F  ::  H : ?": {"sim_u1_trans_u2": [0.5122828040742959, 0.48209042865531415, 0.5334143377885784, 0.48209042865531415, 0.5168269230769231, 0.46403712296983757, 0.5324833029751063, 0.5032757593805837], "unary_tran": [{"name": "rot_binary", "args": {"angle": 180}}], "sim_u4_predicted_ops": [0.2651083238312429, 0.2688113413304253, 0.12962962962962962, 0.27698458023986294, 0.28324388789505067, 0.28023133543638273, 0.26271660145332587, 0.24276169265033407], "argmax_sim_u4_predicted_ops": 5}, "G : H  ::  H : ?": {"sim_u1_trans_u2": [0.3621203097081596, 0.19114583333333332, 0.18069179143004646, 0.22824919441460795, 0.3113532110091743, 0.21005291005291005, 0.2322198275862069, 0.1905257678292556], "unary_tran": [{"name": null}], "sim_u4_predicted_ops": [0.42243589743589743, 0.2785714285714286, 0.41273779983457404, 0.26613816534541335, 0.28095238095238095, 0.37183098591549296, 0.44437340153452687, 0.8538205980066446], "argmax_sim_u4_predicted_ops": 8}, "A : C  ::  G : ?": {"sim_u1_trans_u2": [0.36574074074074076, 0.3612392880685564, 0.35587655942219304, 0.3648380700594845, 0.3612392880685564, 0.35944700460829493, 0.3603425559947299, 0.3675496688741722], "unary_tran": [{"name": "mirror_left_right"}, {"name": "rot_binary", "args": {"angle": 270}}], "sim_u4_predicted_ops": [0.1673511293634497, 0.1981891348088531, 0.11865482233502538, 0.19260801665799063, 0.21799116997792495, 0.1817750355956336, 0.1897172236503856, 0.18866943866943867], "argmax_sim_u4_predicted_ops": 5}, "D : F  ::  G : ?": {"sim_u1_trans_u2": [0.3787114845938375, 0.38258426966292136, 0.36646307606885065, 0.37486033519553075, 0.37716843872411865, 0.37948430493273544, 0.36874304783092327, 0.3725599553820413], "unary_tran": [{"name": "rot_binary", "args": {"angle": 90}}], "sim_u4_predicted_ops": [0.1709577754891864, 0.19879214896829392, 0.11794546607482562, 0.19822175732217573, 0.22136137244050913, 0.1845861084681256, 0.19094184251158003, 0.19176654507556018], "argmax_sim_u4_predicted_ops": 5}, "A : D  ::  F : ?": {"sim_u1_trans_u2": [0.43896103896103894, 0.2590909090909091, 0.2590909090909091, 0.2590909090909091, 0.259806708357021, 0.2590909090909091, 0.425997425997426, 0.259806708357021], "unary_tran": [{"name": null}], "sim_u4_predicted_ops": [0.477286869943995, 0.900459418070444, 0.2011605415860735, 0.6696927374301676, 0.4214417744916821, 0.4114441416893733, 0.32710280373831774, 0.2730666666666667], "argmax_sim_u4_predicted_ops": 2}, "D : G  ::  F : ?": {"sim_u1_trans_u2": [0.22015503875968992, 0.16305418719211823, 0.15170731707317073, 0.15170731707317073, 0.15114578254509994, 0.15170731707317073, 0.27209051724137934, 0.15565345080763582], "unary_tran": [{"name": "mirror_left_right"}, {"name": "rot_binary", "args": {"angle": 180}}], "sim_u4_predicted_ops": [0.4582309582309582, 0.8746223564954683, 0.1806083650190114, 0.701779359430605, 0.4153374233128834, 0.39622641509433965, 0.2964554242749731, 0.25499474237644587], "argmax_sim_u4_predicted_ops": 2}, "B : E  ::  F : ?": {"sim_u1_trans_u2": [0.40348692403486924, 0.31812865497076026, 0.3360995850622407, 0.3173582700175336, 0.3360995850622407, 0.315820198482195, 0.399130974549969, 0.3188999414862493], "unary_tran": [{"name": null}], "sim_u4_predicted_ops": [0.477286869943995, 0.900459418070444, 0.2011605415860735, 0.6696927374301676, 0.4214417744916821, 0.4114441416893733, 0.32710280373831774, 0.2730666666666667], "argmax_sim_u4_predicted_ops": 2}, "E : H  ::  F : ?": {"sim_u1_trans_u2": [0.3037974683544304, 0.2514527205493925, 0.2527763088313062, 0.2777777777777778, 0.25079197465681097, 0.27365591397849465, 0.30739514348785874, 0.25410269984118583], "unary_tran": [{"name": "mirror_left_right"}, {"name": "rot_binary", "args": {"angle": 180}}], "sim_u4_predicted_ops": [0.4582309582309582, 0.8746223564954683, 0.1806083650190114, 0.701779359430605, 0.4153374233128834, 0.39622641509433965, 0.2964554242749731, 0.25499474237644587], "argmax_sim_u4_predicted_ops": 2}, "C : F  ::  F : ?": {"sim_u1_trans_u2": [0.43656716417910446, 0.4383561643835616, 0.43478260869565216, 0.42153846153846153, 0.4464621164683782, 0.42945544554455445, 0.4276885043263288, 0.42945544554455445], "unary_tran": [{"name": "mirror_left_right"}], "sim_u4_predicted_ops": [0.49779179810725555, 0.8303834808259587, 0.2011605415860735, 0.665041782729805, 0.4329192546583851, 0.4091403699673558, 0.3263736263736264, 0.2696808510638298], "argmax_sim_u4_predicted_ops": 2}, "A : G  ::  C : ?": {"sim_u1_trans_u2": [0.2266890005583473, 0.16059165346011622, 0.16243386243386243, 0.1786480686695279, 0.16181914331041777, 0.1786480686695279, 0.22395543175487465, 0.16059165346011622], "unary_tran": [{"name": null}], "sim_u4_predicted_ops": [0.3108935128518972, 0.43038779402415767, 0.1559177888022679, 0.5388453314326443, 0.9159741458910434, 0.38461538461538464, 0.2760233918128655, 0.27665876777251186], "argmax_sim_u4_predicted_ops": 5}, "B : H  ::  C : ?": {"sim_u1_trans_u2": [0.30517879161528977, 0.3027692307692308, 0.2791540785498489, 0.3297738693467337, 0.28225317989097515, 0.32810539523212046, 0.3011677934849416, 0.30357142857142855], "unary_tran": [{"name": "rot_binary", "args": {"angle": 270}}], "sim_u4_predicted_ops": [0.29818181818181816, 0.4159848961611076, 0.15755855216465578, 0.5150877192982456, 0.8362831858407079, 0.39361702127659576, 0.2708211997670355, 0.27741553052756374], "argmax_sim_u4_predicted_ops": 5}}, "binary_analogies_data": {"A : B : C  ::  G : H : ?": {"b1_b2_align_x": -18, "b1_b2_align_y": 0, "sim_b1_b2_trans_b3": [0.32310946589106293, 0.4924812030075188, 0.3368606701940035, 0.29246935201401053, 0.2748041775456919], "b1_b2_tran": [{"name": "intersect"}], "sim_b6_predicted_ops": [0.3540268456375839, 0.1859504132231405, 0.22148394241417496, 0.19312362838332114, 0.20765027322404372, 0.2942008486562942, 0.36468646864686466, 0.429701230228471], "argmax_sim_b6_predicted_ops": 8}, "D : E : F  ::  G : H : ?": {"b1_b2_align_x": -20, "b1_b2_align_y": 0, "sim_b1_b2_trans_b3": [0.39866793529971456, 0.4947526236881559, 0.2594202898550725, 0.28487518355359764, 0.291958041958042], "b1_b2_tran": [{"name": "intersect"}], "sim_b6_predicted_ops": [0.4256926952141058, 0.21452589105581707, 0.23260643821391486, 0.22325249643366618, 0.23467070401211204, 0.35456475583864117, 0.4292763157894737, 0.4956293706293706], "argmax_sim_b6_predicted_ops": 8}, "A : D : G  ::  C : F : ?": {"b1_b2_align_x": 0, "b1_b2_align_y": 9, "sim_b1_b2_trans_b3": [0.23395539371870733, 0.20718954248366014, 0.08720514653323802, 0.13239247311827956, 0.15888382687927108],