{"unary_analogies_data": {"A : B  ::  H : ?": {"sim_u1_trans_u2": [0.9719438877755511, 0.9627659574468085, 0.974581939799331, 0.974581939799331, 0.9838709677419355, 0.9640718562874252, 0.9693128752501667, 0.9640718562874252], "unary_tran": [{"name": "mirror_left_right"}], "sim_u4_predicted_ops": [0.5433467741935484, 0.2020389249304912, 0.8571428571428571, 0.10997732426303855, 0.42585551330798477, 0.1365902293120638, 0.18370883882149047, 0.14771151178918168], "argmax_sim_u4_predicted_ops": 3}, "B : C  ::  H : ?": {"sim_u1_trans_u2": [0.9721115537848606, 0.9616908850726552, 0.9603960396039604, 0.9500984898227183, 0.973421926910299, 0.9539473684210527, 0.9642857142857143, 0.9591029023746702], "unary_tran": [{"name": "mirror_left_right"}], "sim_u4_predicted_ops": [0.5433467741935484, 0.2020389249304912, 0.8571428571428571, 0.10997732426303855, 0.42585551330798477, 0.1365902293120638, 0.18370883882149047, 0.14771151178918168], "argmax_sim_u4_predicted_ops": 3}, "D : E  ::  H : ?": {"sim_u1_trans_u2": [0.9593023255813954, 0.7877984084880637, 0.9312320916905444, 0.783068783068783, 0.9479768786127167, 0.783068783068783, 0.9423631123919308, 0.7877984084880637], "unary_tran": [{"name": null}], "sim_u4_predicted_ops": [0.5638406537282942, 0.20315398886827457, 0.909952606635071, 0.10997732426303855, 0.4247720364741641, 0.14228456913827656, 0.18473547267996532, 0.14930555555555555], "argmax_sim_u4_predicted_ops": 3}, "E : F  ::  H : ?": {"sim_u1_trans_u2": [0.8661417322834646, 0.8515625, 0.8661417322834646, 0.8467532467532467, 0.8661417322834646, 0.8515625, 0.8661417322834646, 0.8467532467532467], "unary_tran": [{"name": null}], "sim_u4_predicted_ops": [0.5638406537282942, 0.20315398886827457, 0.909952606635071, 0.10997732426303855, 0.4247720364741641, 0.14228456913827656, 0.18473547267996532, 0.14930555555555555], "argmax_sim_u4_predicted_ops": 3}, "G : H  ::  H : ?": {"sim_u1_trans_u2": [0.9413680781758957, 0.664804469273743, 0.8509316770186336, 0.6718092566619915, 0.925686591276252, 0.664804469273743, 0.8683385579937304, 0.6694677871148459], "unary_tran": [{"name": null}], "sim_u4_predicted_ops": [0.5638406537282942, 0.20315398886827457, 0.909952606635071, 0.10997732426303855, 0.4247720364741641, 0.14228456913827656, 0.18473547267996532, 0.14930555555555555], "argmax_sim_u4_predicted_ops": 3}, "A : C  ::  G : ?": {"sim_u1_trans_u2": [0.9708029197080292, 0.9513797634691196, 0.9655857048312376, 0.9565217391304348, 0.9681908548707754, 0.957811470006592, 0.9655857048312376, 0.9513797634691196], "unary_tran": [{"name": null}], "sim_u4_predicted_ops": [0.5620512820512821, 0.1979553903345725, 0.8649068322981367, 0.11098398169336385, 0.41012084592145015, 0.13768844221105528, 0.17881944444444445, 0.14454482279360667], "argmax_sim_u4_predicted_ops": 3}, "D : F  ::  G : ?": {"sim_u1_trans_u2": [0.8772845953002611, 0.8723958333333334, 0.8871391076115486, 0.8675324675324675, 0.8871391076115486, 0.8723958333333334, 0.8772845953002611, 0.8675324675324675], "unary_tran": [{"name": "rot_binary", "args": {"angle": 180}}], "sim_u4_predicted_ops": [0.5997899159663865, 0.1979553903345725, 0.8169440242057489, 0.11098398169336385, 0.4037593984962406, 0.13768844221105528, 0.17984361424847958, 0.14613778705636743], "argmax_sim_u4_predicted_ops": 3}, "A : D  ::  F : ?": {"sim_u1_trans_u2": [0.231029810298103, 0.231029810298103, 0.231029810298103, 0.231029810298103, 0.231029810298103, 0.231029810298103, 0.231029810298103, 0.231029810298103], "unary_tran": [{"name": null}], "sim_u4_predicted_ops": [0.3764458464773922, 0.08915906788247213, 0.11023622047244094, 0.9765013054830287, 0.1027351567711808, 0.1417910447761194, 0.21443736730360935, 0.3442776735459662], "argmax_sim_u4_predicted_ops": 4}, "D : G  ::  F : ?": {"sim_u1_trans_u2": [0.11203814064362336, 0.10807600950118765, 0.11336515513126491, 0.10676156583629894, 0.11203814064362336, 0.10807600950118765, 0.11336515513126491, 0.10676156583629894], "unary_tran": [{"name": "rot_binary", "args": {"angle": 180}}], "sim_u4_predicted_ops": [0.3764458464773922, 0.08915906788247213, 0.11023622047244094, 0.9713541666666666, 0.1027351567711808, 0.1417910447761194, 0.21443736730360935, 0.3442776735459662], "argmax_sim_u4_predicted_ops": 4}, "B : E  ::  F : ?": {"sim_u1_trans_u2": [0.22560975609756098, 0.22560975609756098, 0.22560975609756098, 0.22560975609756098, 0.22560975609756098, 0.22560975609756098, 0.22560975609756098, 0.22560975609756098], "unary_tran": [{"name": null}], "sim_u4_predicted_ops": [0.3764458464773922, 0.08915906788247213, 0.11023622047244094, 0.9765013054830287, 0.1027351567711808, 0.1417910447761194, 0.21443736730360935, 0.3442776735459662], "argmax_sim_u4_predicted_ops": 4}, "E : H  ::  F : ?": {"sim_u1_trans_u2": [0.11071428571428571, 0.10807600950118765, 0.11071428571428571, 0.10939357907253269, 0.11071428571428571, 0.10939357907253269, 0.11071428571428571, 0.10807600950118765], "unary_tran": [{"name": null}], "sim_u4_predicted_ops": [0.3764458464773922, 0.08915906788247213, 0.11023622047244094, 0.9765013054830287, 0.1027351567711808, 0.1417910447761194, 0.21443736730360935, 0.3442776735459662], "argmax_sim_u4_predicted_ops": 4}, "C : F  ::  F : ?": {"sim_u1_trans_u2": [0.25301204819277107, 0.25301204819277107, 0.25301204819277107, 0.25301204819277107, 0.25301204819277107, 0.25301204819277107, 0.25301204819277107, 0.25301204819277107], "unary_tran": [{"name": null}], "sim_u4_predicted_ops": [0.3764458464773922, 0.08915906788247213, 0.11023622047244094, 0.9765013054830287, 0.1027351567711808, 0.1417910447761194, 0.21443736730360935, 0.3442776735459662], "argmax_sim_u4_predicted_ops": 4}, "A : G  ::  C : ?": {"sim_u1_trans_u2": [0.1319102353585112, 0.13253012048192772, 0.1319102353585112, 0.1319102353585112, 0.1319102353585112, 0.1319102353585112, 0.13129102844638948, 0.13253012048192772], "unary_tran": [{"name": "rot_binary", "args": {"angle": 90}}], "sim_u4_predicted_ops": [0.2676424464192368, 0.336790726052471, 0.13860314022739578, 0.2536813922356091, 0.3728309370352008, 0.2143283582089552, 0.1100196463654224, 0.1916783543712015], "argmax_sim_u4_predicted_ops": 5}, "B : H  ::  C : ?": {"sim_u1_trans_u2": [0.13195201744820065, 0.13566739606126915, 0.1331877729257642, 0.13442622950819672, 0.13380666302566904, 0.13504647348277748, 0.132569558101473, 0.13442622950819672], "unary_tran": [{"name": "rot_binary", "args": {"angle": 90}}], "sim_u4_predicted_ops": [0.2676424464192368, 0.336790726052471, 0.13860314022739578, 0.2536813922356091, 0.3728309370352008, 0.2143283582089552, 0.1100196463654224, 0.1916783543712015], "argmax_sim_u4_predicted_ops": 5}}, "binary_analogies_data": {"A : B : C  ::  G : H : ?": {"b1_b2_align_x": -4, "b1_b2_align_y": 0, "sim_b1_b2_trans_b3": [0.9703557312252964, 0.9581673306772909, 0.013377926421404682, 0.014056224899598393, 0.022636484687083888], "b1_b2_tran": [{"name": "unite"}], "sim_b6_predicted_ops": [0.5701219512195121, 0.20054945054945056, 0.896124031007752, 0.11073825503355705, 0.42243975903614456, 0.14031620553359683, 0.1835334476843911, 0.14786795048143053], "argmax_sim_b6_predicted_ops": 3}, "D : E : F  ::  G : H : ?": {"b1_b2_align_x": -4, "b1_b2_align_y": 0, "sim_b1_b2_trans_b3": [0.8851174934725848, 0.8582677165354331, 0.0291005291005291, 0.007936507936507936, 0.037037037037037035], "b1_b2_tran": [{"name": "unite"}], "sim_b6_predicted_ops": [0.5701219512195121, 0.20054945054945056, 0.896124031007752, 0.11073825503355705, 0.42243975903614456, 0.14031620553359683, 0.1835334476843911, 0.14786795048143053], "argmax_sim_b6_predicted_ops": 3}, "A : D : G  ::  C : F : ?": {"b1_b2_align_x": 0, "b1_b2_align_y": 5, "sim_b1_b2_trans_b3": [0.1319102353585112, 0.11203814064362336, 0.13023560209424084, 0, 0.13023560209424084], "b1_b2_tran": [{"name": "unite"}], "sim_b6_predicted_ops": [0.2649973917579551, 0.33760683760683763, 0.13308189655172414, 0.2536813922356091, 0.37215064420218036, 0.21650717703349281, 0.1100196463654224, 0.19056515646893976], "argmax_sim_b6_predicted_ops": 5},