{"unary_analogies_data": {"A : B  ::  H : ?": {"sim_u1_trans_u2": [0.33320552147239263, 0.33320552147239263, 0.33320552147239263, 0.33320552147239263, 0.333716915995397, 0.33320552147239263, 0.3326945189727865, 0.33320552147239263], "unary_tran": [{"name": "mirror_left_right"}], "sim_u4_predicted_ops": [0.18921001926782274, 0.3024897807506503, 0.6265597147950089, 0.3620613060861839, 0.30596026490066225, 0.9248826291079812, 0.40390590324012426, 0.19162141194724594], "argmax_sim_u4_predicted_ops": 6}, "B : C  ::  H : ?": {"sim_u1_trans_u2": [0.3631198347107438, 0.36171310629514963, 0.3624161073825503, 0.36171310629514963, 0.3624161073825503, 0.36171310629514963, 0.3631198347107438, 0.36171310629514963], "unary_tran": [{"name": null}], "sim_u4_predicted_ops": [0.18875192604006163, 0.3024897807506503, 0.6272848863129737, 0.3620613060861839, 0.30596026490066225, 0.9278996865203761, 0.40390590324012426, 0.19023634250290586], "argmax_sim_u4_predicted_ops": 6}, "D : E  ::  H : ?": {"sim_u1_trans_u2": [0.23512030392570704, 0.23564189189189189, 0.23512030392570704, 0.23512030392570704, 0.2340784479122733, 0.2340784479122733, 0.23512030392570704, 0.23564189189189189], "unary_tran": [{"name": "rot_binary", "args": {"angle": 90}}], "sim_u4_predicted_ops": [0.18875192604006163, 0.30200594353640414, 0.6229435304579813, 0.3614564831261101, 0.3098638326137496, 0.8932786044125193, 0.40390590324012426, 0.17611026033690658], "argmax_sim_u4_predicted_ops": 6}, "E : F  ::  H : ?": {"sim_u1_trans_u2": [0.3276477588258628, 0.3276477588258628, 0.32712133227597145, 0.32870186581976973, 0.3281746031746032, 0.3265953230281411, 0.3281746031746032, 0.3281746031746032], "unary_tran": [{"name": "rot_binary", "args": {"angle": 270}}], "sim_u4_predicted_ops": [0.18737976144671029, 0.3039434523809524, 0.6186252771618626, 0.3614564831261101, 0.3124792013311148, 0.8865030674846626, 0.40390590324012426, 0.17611026033690658], "argmax_sim_u4_predicted_ops": 6}, "G : H  ::  H : ?": {"sim_u1_trans_u2": [0.27208480565371024, 0.2760301284891449, 0.2749003984063745, 0.2782956058588549, 0.2749003984063745, 0.2749003984063745, 0.271523178807947, 0.2794313638382941], "unary_tran": [{"name": "mirror_left_right"}, {"name": "rot_binary", "args": {"angle": 270}}], "sim_u4_predicted_ops": [0.18829418559876782, 0.3024897807506503, 0.6164747564216121, 0.3614564831261101, 0.3102990033222591, 0.8865030674846626, 0.40390590324012426, 0.17611026033690658], "argmax_sim_u4_predicted_ops": 6}, "A : C  ::  G : ?": {"sim_u1_trans_u2": [0.22234234234234235, 0.2267631103074141, 0.2219020172910663, 0.2272069464544139, 0.2219020172910663, 0.2267631103074141, 0.22234234234234235, 0.2272069464544139], "unary_tran": [{"name": "rot_binary", "args": {"angle": 270}}], "sim_u4_predicted_ops": [0.26608505997818976, 0.22093541202672606, 0.42097488921713444, 0.48612007746933505, 0.3695090439276486, 0.2732811140121845, 0.5417737789203085, 0.12530472940029255], "argmax_sim_u4_predicted_ops": 7}, "D : F  ::  G : ?": {"sim_u1_trans_u2": [0.40803844473569245, 0.40558220671609246, 0.4068092536010476, 0.406195462478185, 0.406195462478185, 0.406195462478185, 0.4074235807860262, 0.4068092536010476], "unary_tran": [{"name": null}], "sim_u4_predicted_ops": [0.29, 0.22093541202672606, 0.4258893280632411, 0.48612007746933505, 0.3754325259515571, 0.27217391304347827, 0.5659268929503917, 0.12475633528265107], "argmax_sim_u4_predicted_ops": 7}, "A : D  ::  F : ?": {"sim_u1_trans_u2": [0.30560712959524694, 0.30560712959524694, 0.30560712959524694, 0.3046382189239332, 0.3051224944320713, 0.3046382189239332, 0.3060921248142645, 0.30560712959524694], "unary_tran": [{"name": "mirror_left_right"}, {"name": "rot_binary", "args": {"angle": 180}}], "sim_u4_predicted_ops": [0.21831819976312672, 0.32865807429871113, 0.8911917098445595, 0.4761675493500241, 0.4650817236255572, 0.6155866900175131, 0.6253854059609455, 0.11668484187568157], "argmax_sim_u4_predicted_ops": 3}, "D : G  ::  F : ?": {"sim_u1_trans_u2": [0.287434554973822, 0.2867608581894296, 0.287434554973822, 0.2867608581894296, 0.287434554973822, 0.2867608581894296, 0.287434554973822, 0.2867608581894296], "unary_tran": [{"name": null}], "sim_u4_predicted_ops": [0.22121092204194698, 0.3296661608497724, 0.8766066838046273, 0.476878612716763, 0.4639940608760208, 0.6327433628318584, 0.6195596518177163, 0.11831088460138332], "argmax_sim_u4_predicted_ops": 3}, "B : E  ::  F : ?": {"sim_u1_trans_u2": [0.29230080572963296, 0.2928795342588446, 0.2899910634495085, 0.2905677246312025, 0.2911449016100179, 0.2917225950782998, 0.2928795342588446, 0.28941491737382763], "unary_tran": [{"name": "rot_binary", "args": {"angle": 90}}], "sim_u4_predicted_ops": [0.21114599686028257, 0.32865807429871113, 0.8509127789046653, 0.4761675493500241, 0.44310281741675817, 0.6198419666374012, 0.6047691527143582, 0.11831088460138332], "argmax_sim_u4_predicted_ops": 3}, "E : H  ::  F : ?": {"sim_u1_trans_u2": [0.28188433550363845, 0.28483685220729366, 0.279434250764526, 0.28237547892720305, 0.279434250764526, 0.28237547892720305, 0.28188433550363845, 0.2853302611367127], "unary_tran": [{"name": "mirror_left_right"}, {"name": "rot_binary", "args": {"angle": 270}}], "sim_u4_predicted_ops": [0.20782778864970647, 0.32865807429871113, 0.8766066838046273, 0.4754571703561116, 0.4415204678362573, 0.6205533596837944, 0.6023302938196555, 0.11912568306010929], "argmax_sim_u4_predicted_ops": 3}, "C : F  ::  F : ?": {"sim_u1_trans_u2": [0.2816377171215881, 0.27952105697770435, 0.282167976830782, 0.28004956629491945, 0.2816377171215881, 0.28004956629491945, 0.2816377171215881, 0.28004956629491945], "unary_tran": [{"name": "rot_binary", "args": {"angle": 180}}], "sim_u4_predicted_ops": [0.21735700197238658, 0.32815460401667296, 0.8853305785123967, 0.4754571703561116, 0.4650817236255572, 0.6212653778558875, 0.6245505906522856, 0.11709090909090909], "argmax_sim_u4_predicted_ops": 3}, "A : G  ::  C : ?": {"sim_u1_trans_u2": [0.26767878545745105, 0.26717252396166136, 0.26717252396166136, 0.26818545163868907, 0.26767878545745105, 0.26767878545745105, 0.26717252396166136, 0.26818545163868907], "unary_tran": [{"name": "rot_binary", "args": {"angle": 270}}], "sim_u4_predicted_ops": [0.14873417721518986, 0.21311475409836064, 0.28358825961140965, 0.428328611898017, 0.25749167591564925, 0.36858137510879024, 0.35577421025375455, 0.20851267336202775], "argmax_sim_u4_predicted_ops": 4}, "B : H  ::  C : ?": {"sim_u1_trans_u2": [0.40573951434878586, 0.40573951434878586, 0.4069818824569156, 0.40573951434878586, 0.40573951434878586, 0.40573951434878586, 0.4069818824569156, 0.40573951434878586], "unary_tran": [{"name": "rot_binary", "args": {"angle": 180}}], "sim_u4_predicted_ops": [0.1497737556561086, 0.21162505116659844, 0.2841191066997519, 0.428328611898017, 0.2579570688378979, 0.39902135231316727, 0.35647668393782384, 0.23872549019607844], "argmax_sim_u4_predicted_ops": 4}}, "binary_analogies_data": {"A : B : C  ::  G : H : ?": {"b1_b2_align_x": 7, "b1_b2_align_y": 0, "sim_b1_b2_trans_b3": [0.23137876386687797, 0.2586510263929619, 0.1751280857009781, 0.19594594594594594, 0.18553459119496854], "b1_b2_tran": [{"name": "intersect"}], "sim_b6_predicted_ops": [0.10594795539033457, 0.22240709927897948, 0.2676740420939018, 0.29970544918998526, 0.22873082287308227, 0.27074468085106385, 0.363103953147877, 0.12874442319949012], "argmax_sim_b6_predicted_ops": 7}, "D : E : F  ::  G : H : ?": {"b1_b2_align_x": 18, "b1_b2_align_y": -2, "sim_b1_b2_trans_b3": [0.44288793103448276, 0.24294670846394983, 0.21402550091074682, 0.2088724584103512, 0.28720238095238093], "b1_b2_tran": [{"name": "unite"}], "sim_b6_predicted_ops": [0.25870827285921627, 0.3161814488828707, 0.5965954077593032, 0.42051070840197696, 0.42429229756418696, 0.73171768707483, 0.4338859684593611, 0.15784182305630026], "argmax_sim_b6_predicted_ops": 6}, "A : D : G  ::  C : F : ?": {"b1_b2_align_x": -1, "b1_b2_align_y": 2,