{"unary_analogies_data": {"A : B  ::  H : ?": {"sim_u1_trans_u2": [0.1802536231884058, 0.14398595258999122, 0.1582222222222222, 0.20425138632162662, 0.17811934900542495, 0.20202952029520296, 0.1592526690391459, 0.14700704225352113], "unary_tran": [{"name": "rot_binary", "args": {"angle": 270}}], "sim_u4_predicted_ops": [0.24364123159303883, 0.2591145833333333, 0.24541284403669725, 0.17005988023952096, 0.20788177339901479, 0.2239884393063584, 0.15582655826558264, 0.20932642487046632], "argmax_sim_u4_predicted_ops": 2}, "B : C  ::  H : ?": {"sim_u1_trans_u2": [0.28884462151394424, 0.11840968020743302, 0.18065693430656934, 0.1222896790980052, 0.294, 0.12131715771230503, 0.18065693430656934, 0.12034632034632034], "unary_tran": [{"name": "mirror_left_right"}], "sim_u4_predicted_ops": [0.9194214876033058, 0.1457345971563981, 0.11728395061728394, 0.29403973509933773, 0.1045045045045045, 0.5772811918063314, 0.16689466484268126, 0.12103746397694524], "argmax_sim_u4_predicted_ops": 1}, "D : E  ::  H : ?": {"sim_u1_trans_u2": [0.2557522123893805, 0.16216216216216217, 0.16982687551525144, 0.16121112929623568, 0.2524271844660194, 0.16598192276088744, 0.16982687551525144, 0.15836734693877552], "unary_tran": [{"name": null}], "sim_u4_predicted_ops": [0.9233954451345756, 0.14845605700712589, 0.11958762886597939, 0.29747675962815406, 0.10950226244343891, 0.5772811918063314, 0.1700960219478738, 0.12103746397694524], "argmax_sim_u4_predicted_ops": 1}, "E : F  ::  H : ?": {"sim_u1_trans_u2": [0.19940179461615154, 0.10265811182401467, 0.116991643454039, 0.14790076335877864, 0.19463753723932473, 0.15451055662188098, 0.116991643454039, 0.1046831955922865], "unary_tran": [{"name": null}], "sim_u4_predicted_ops": [0.9233954451345756, 0.14845605700712589, 0.11958762886597939, 0.29747675962815406, 0.10950226244343891, 0.5772811918063314, 0.1700960219478738, 0.12103746397694524], "argmax_sim_u4_predicted_ops": 1}, "G : H  ::  H : ?": {"sim_u1_trans_u2": [0.1470281543274244, 0.12130479102956167, 0.14822546972860126, 0.12130479102956167, 0.14464099895941726, 0.12359550561797752, 0.14942528735632185, 0.1190233977619532], "unary_tran": [{"name": "mirror_left_right"}, {"name": "rot_binary", "args": {"angle": 180}}], "sim_u4_predicted_ops": [0.11390887290167866, 0.2740447957839262, 0.22989807474518686, 0.17569193742478942, 0.20788177339901479, 0.13844086021505375, 0.1798063623789765, 0.21816283924843424], "argmax_sim_u4_predicted_ops": 2}, "A : C  ::  G : ?": {"sim_u1_trans_u2": [0.13047445255474452, 0.15578358208955223, 0.18451242829827916, 0.15363128491620112, 0.13047445255474452, 0.1568627450980392, 0.18451242829827916, 0.15255813953488373], "unary_tran": [{"name": "rot_binary", "args": {"angle": 180}}], "sim_u4_predicted_ops": [0.14931650893796003, 0.15644171779141106, 0.1859582542694497, 0.16547497446373852, 0.16220735785953178, 0.11589403973509933, 0.18118466898954705, 0.17579505300353357], "argmax_sim_u4_predicted_ops": 3}, "D : F  ::  G : ?": {"sim_u1_trans_u2": [0.2484472049689441, 0.13666352497643733, 0.1585014409221902, 0.1323943661971831, 0.24715615305067218, 0.13559322033898305, 0.15738963531669867, 0.13559322033898305], "unary_tran": [{"name": null}], "sim_u4_predicted_ops": [0.14450261780104712, 0.22138228941684665, 0.16713352007469653, 0.3863912515188335, 0.2882298424467099, 0.16073478760045926, 0.5526717557251909, 0.33903420523138833], "argmax_sim_u4_predicted_ops": 7}, "A : D  ::  F : ?": {"sim_u1_trans_u2": [0.11715481171548117, 0.18561278863232683, 0.17724867724867724, 0.14690721649484537, 0.11809045226130653, 0.15086206896551724, 0.17724867724867724, 0.18666666666666668], "unary_tran": [{"name": "mirror_left_right"}, {"name": "rot_binary", "args": {"angle": 270}}], "sim_u4_predicted_ops": [0.16585365853658537, 0.13211845102505695, 0.13224821973550355, 0.09726775956284153, 0.11180124223602485, 0.1842818428184282, 0.09316770186335403, 0.10760667903525047], "argmax_sim_u4_predicted_ops": 6}, "D : G  ::  F : ?": {"sim_u1_trans_u2": [0.29633204633204635, 0.09991809991809991, 0.18221830985915494, 0.09991809991809991, 0.2988394584139265, 0.09811937857726902, 0.18221830985915494, 0.09901800327332243], "unary_tran": [{"name": "mirror_left_right"}], "sim_u4_predicted_ops": [0.2797858099062918, 0.22564734895191121, 0.20064724919093851, 0.8025134649910234, 0.18096135721017909, 0.18588873812754408, 0.5042735042735043, 0.18334985133795836], "argmax_sim_u4_predicted_ops": 4}, "B : E  ::  F : ?": {"sim_u1_trans_u2": [0.3323727185398655, 0.23398576512455516, 0.14628099173553719, 0.1096, 0.328544061302682, 0.23398576512455516, 0.1434460016488046, 0.11048839071257005], "unary_tran": [{"name": null}], "sim_u4_predicted_ops": [0.2797858099062918, 0.2301980198019802, 0.20585048754062837, 0.7960644007155635, 0.18543046357615894, 0.1875, 0.5224913494809689, 0.1880597014925373], "argmax_sim_u4_predicted_ops": 4}, "E : H  ::  F : ?": {"sim_u1_trans_u2": [0.11893434823977164, 0.20615384615384616, 0.21237113402061855, 0.12968299711815562, 0.11787072243346007, 0.13404050144648022, 0.22118380062305296, 0.2], "unary_tran": [{"name": "mirror_left_right"}, {"name": "rot_binary", "args": {"angle": 180}}], "sim_u4_predicted_ops": [0.17444717444717445, 0.1282633371169126, 0.11188811188811189, 0.328042328042328, 0.12175470008952552, 0.10913705583756345, 0.21715076071922546, 0.11380597014925373], "argmax_sim_u4_predicted_ops": 4}, "C : F  ::  F : ?": {"sim_u1_trans_u2": [0.16842105263157894, 0.13846153846153847, 0.10667996011964108, 0.1408016443987667, 0.16596638655462184, 0.13846153846153847, 0.10778443113772455, 0.13846153846153847], "unary_tran": [{"name": null}], "sim_u4_predicted_ops": [0.2797858099062918, 0.2301980198019802, 0.20585048754062837, 0.7960644007155635, 0.18543046357615894, 0.1875, 0.5224913494809689, 0.1880597014925373], "argmax_sim_u4_predicted_ops": 4}, "A : G  ::  C : ?": {"sim_u1_trans_u2": [0.17492984097287184, 0.16945996275605213, 0.18378887841658811, 0.2337917485265226, 0.17054986020503263, 0.2253658536585366, 0.17823639774859287, 0.17273576097105509], "unary_tran": [{"name": "rot_binary", "args": {"angle": 270}}], "sim_u4_predicted_ops": [0.1708378672470076, 0.17386722866174922, 0.14911463187325255, 0.14227642276422764, 0.1375310687655344, 0.1652989449003517, 0.13636363636363635, 0.14559721011333915], "argmax_sim_u4_predicted_ops": 2}, "B : H  ::  C : ?": {"sim_u1_trans_u2": [0.24, 0.13902681231380337, 0.1597573306370071, 0.1378968253968254, 0.24268689057421453, 0.14585414585414586, 0.15858585858585858, 0.13564356435643565], "unary_tran": [{"name": "mirror_left_right"}], "sim_u4_predicted_ops": [0.4046997389033943, 0.15201654601861428, 0.1301558203483043, 0.17450365726227796, 0.22808586762075134, 0.5268817204301075, 0.19617224880382775, 0.25142857142857145], "argmax_sim_u4_predicted_ops": 6}}, "binary_analogies_data": {"A : B : C  ::  G : H : ?": {"b1_b2_align_x": 13, "b1_b2_align_y": 0, "sim_b1_b2_trans_b3": [0.15793588741204065, 0.13055555555555556, 0.10992529348986126, 0.12172774869109948, 0.1265377855887522], "b1_b2_tran": [{"name": "unite"}], "sim_b6_predicted_ops": [0.32649253731343286, 0.18602761982128352, 0.16273932253313697, 0.27715030408340574, 0.23847262247838616, 0.3241106719367589, 0.3678861788617886, 0.2652439024390244], "argmax_sim_b6_predicted_ops": 7}, "D : E : F  ::  G : H : ?": {"b1_b2_align_x": -20, "b1_b2_align_y": 0, "sim_b1_b2_trans_b3": [0.2181409295352324, 0.16148148148148148, 0.21779548472775564, 0.15113350125944586, 0.16885389326334208], "b1_b2_tran": [{"name": "unite"}], "sim_b6_predicted_ops": [0.3305084745762712, 0.16921837228041903, 0.1561119293078056, 0.2782152230971129, 0.2302158273381295, 0.31133004926108376, 0.3726899383983573, 0.27195685670261943], "argmax_sim_b6_predicted_ops": 7}, "A : D : G  ::  C : F : ?": {"b1_b2_align_x": -9, "b1_b2_align_y": 40, "sim_b1_b2_trans_b3": [0.23699421965317918, 0.1044349070100143, 0.15527950310559005, 0.29523809523809524, 0.2083013066871637], "b1_b2_tran": [{"name": "backward_subtract"}],