{"unary_analogies_data": {"A : B  ::  H : ?": {"sim_u1_trans_u2": [0.15239477503628446, 0.12464589235127478, 0.15155910079767948, 0.12384996461429583, 0.1591240875912409, 0.12464589235127478, 0.15659140568099053, 0.12384996461429583], "unary_tran": [{"name": "mirror_left_right"}], "sim_u4_predicted_ops": [0.13506815365551425, 0.4152352501867065, 0.0989010989010989, 0.13838447088290545, 0.20372526193247964, 0.16252390057361377, 0.14443761524277812, 0.13595166163141995], "argmax_sim_u4_predicted_ops": 2}, "B : C  ::  H : ?": {"sim_u1_trans_u2": [0.20621683093252463, 0.12279463655610445, 0.2053030303030303, 0.12121212121212122, 0.20896656534954408, 0.12279463655610445, 0.2053030303030303, 0.12121212121212122], "unary_tran": [{"name": "mirror_left_right"}], "sim_u4_predicted_ops": [0.13506815365551425, 0.4152352501867065, 0.0989010989010989, 0.13838447088290545, 0.20372526193247964, 0.16252390057361377, 0.14443761524277812, 0.13595166163141995], "argmax_sim_u4_predicted_ops": 2}, "D : E  ::  H : ?": {"sim_u1_trans_u2": [0.1440677966101695, 0.1440677966101695, 0.14760432766615147, 0.1388036809815951, 0.130997715156131, 0.1388036809815951, 0.12329803328290469, 0.14142966948501154], "unary_tran": [{"name": "rot_binary", "args": {"angle": 180}}], "sim_u4_predicted_ops": [0.13156269302038295, 0.516, 0.10344827586206896, 0.14555765595463138, 0.19399538106235567, 0.16549520766773163, 0.13814180929095354, 0.13595166163141995], "argmax_sim_u4_predicted_ops": 2}, "E : F  ::  H : ?": {"sim_u1_trans_u2": [0.1685185185185185, 0.14519056261343014, 0.1750465549348231, 0.14727272727272728, 0.2019047619047619, 0.12177777777777778, 0.21229586935638808, 0.12078152753108348], "unary_tran": [{"name": "mirror_left_right"}, {"name": "rot_binary", "args": {"angle": 180}}], "sim_u4_predicted_ops": [0.13577185368877867, 0.424812030075188, 0.10268780151619572, 0.14411579609817496, 0.19261822376009227, 0.16549520766773163, 0.1409313725490196, 0.13595166163141995], "argmax_sim_u4_predicted_ops": 2}, "G : H  ::  H : ?": {"sim_u1_trans_u2": [0.15757575757575756, 0.125, 0.15601882985877605, 0.12133072407045009, 0.1544660846205507, 0.12206266318537859, 0.1544660846205507, 0.12721311475409836], "unary_tran": [{"name": null}], "sim_u4_predicted_ops": [0.13156269302038295, 0.5257648953301127, 0.10041265474552957, 0.14124293785310735, 0.20302501454333916, 0.16252390057361377, 0.13814180929095354, 0.13526570048309178], "argmax_sim_u4_predicted_ops": 2}, "A : C  ::  G : ?": {"sim_u1_trans_u2": [0.14845173041894352, 0.12891674127126232, 0.1442831215970962, 0.12589285714285714, 0.15582034830430797, 0.12689901697944594, 0.132973944294699, 0.12388591800356506], "unary_tran": [{"name": "mirror_left_right"}], "sim_u4_predicted_ops": [0.12924528301886792, 0.1875589066918002, 0.13663133097762073, 0.16208251473477406, 0.15285599356395815, 0.17956349206349206, 0.1553672316384181, 0.12364620938628158], "argmax_sim_u4_predicted_ops": 2}, "D : F  ::  G : ?": {"sim_u1_trans_u2": [0.1530849825378347, 0.15510204081632653, 0.1537565521258008, 0.15442890442890442, 0.1855176540993417, 0.1584795321637427, 0.18622754491017965, 0.15645067133683596], "unary_tran": [{"name": "mirror_left_right"}, {"name": "rot_binary", "args": {"angle": 180}}], "sim_u4_predicted_ops": [0.13137996219281664, 0.18867924528301888, 0.14066193853427897, 0.15753424657534246, 0.1537842190016103, 0.1807348560079444, 0.15319548872180452, 0.12364620938628158], "argmax_sim_u4_predicted_ops": 2}, "A : D  ::  F : ?": {"sim_u1_trans_u2": [0.122568093385214, 0.1182170542635659, 0.12475633528265107, 0.1203883495145631, 0.12989556135770236, 0.10748560460652591, 0.13508196721311475, 0.10607028753993611], "unary_tran": [{"name": "mirror_left_right"}, {"name": "rot_binary", "args": {"angle": 180}}], "sim_u4_predicted_ops": [0.1337767923133777, 0.17772861356932154, 0.13119026933101652, 0.5215215215215215, 0.1863270777479893, 0.18020108275328692, 0.15084621044885946, 0.14887436456063907], "argmax_sim_u4_predicted_ops": 4}, "D : G  ::  F : ?": {"sim_u1_trans_u2": [0.12141882673942701, 0.11836734693877551, 0.11760707002039429, 0.11684782608695653, 0.12295081967213115, 0.11457627118644068, 0.12141882673942701, 0.11533242876526459], "unary_tran": [{"name": "mirror_left_right"}], "sim_u4_predicted_ops": [0.1346153846153846, 0.17946824224519942, 0.12532411408815902, 0.5139442231075697, 0.1855324849296718, 0.18386346004654772, 0.15084621044885946, 0.14887436456063907], "argmax_sim_u4_predicted_ops": 4}, "B : E  ::  F : ?": {"sim_u1_trans_u2": [0.15292096219931273, 0.09551020408163265, 0.14798973481608213, 0.09640522875816994, 0.15391229578675839, 0.09372453137734311, 0.14897260273972604, 0.09461663947797716], "unary_tran": [{"name": "mirror_left_right"}], "sim_u4_predicted_ops": [0.1346153846153846, 0.17946824224519942, 0.12532411408815902, 0.5139442231075697, 0.1855324849296718, 0.18386346004654772, 0.15084621044885946, 0.14887436456063907], "argmax_sim_u4_predicted_ops": 4}, "E : H  ::  F : ?": {"sim_u1_trans_u2": [0.144534115920763, 0.10559886605244508, 0.14705882352941177, 0.1040339702760085, 0.15299334811529933, 0.10325318246110325, 0.15299334811529933, 0.1048158640226629], "unary_tran": [{"name": "mirror_left_right"}], "sim_u4_predicted_ops": [0.1346153846153846, 0.17946824224519942, 0.12532411408815902, 0.5139442231075697, 0.1855324849296718, 0.18386346004654772, 0.15084621044885946, 0.14887436456063907], "argmax_sim_u4_predicted_ops": 4}, "C : F  ::  F : ?": {"sim_u1_trans_u2": [0.15963161933998465, 0.0989090909090909, 0.15696784073506892, 0.0989090909090909, 0.1551987767584098, 0.10050983248361253, 0.15431627196333078, 0.10050983248361253], "unary_tran": [{"name": null}], "sim_u4_predicted_ops": [0.13210332103321032, 0.1812130177514793, 0.11759656652360514, 0.6432432432432432, 0.17921385742838108, 0.1912568306010929, 0.15169366715758467, 0.14804063860667635], "argmax_sim_u4_predicted_ops": 4}, "A : G  ::  C : ?": {"sim_u1_trans_u2": [0.14467253176930597, 0.12272291466922339, 0.1435546875, 0.11950286806883365, 0.1424390243902439, 0.12921890067502412, 0.13689320388349516, 0.128131021194605], "unary_tran": [{"name": null}], "sim_u4_predicted_ops": [0.10282776349614396, 0.18629173989455183, 0.11995753715498939, 0.1447841726618705, 0.15817490494296577, 0.14708520179372198, 0.14322916666666666, 0.20053956834532374], "argmax_sim_u4_predicted_ops": 8}, "B : H  ::  C : ?": {"sim_u1_trans_u2": [0.1570964247020585, 0.10103092783505155, 0.16023900054318305, 0.10159876224858175, 0.1570964247020585, 0.10501810657009829, 0.15897992403689637, 0.10673575129533679], "unary_tran": [{"name": "rot_binary", "args": {"angle": 180}}], "sim_u4_predicted_ops": [0.10757314974182444, 0.16179001721170397, 0.13807982740021574, 0.14581458145814583, 0.15641609719058466, 0.13085764809902742, 0.14322916666666666, 0.19946091644204852], "argmax_sim_u4_predicted_ops": 8}}, "binary_analogies_data": {"A : B : C  ::  G : H : ?": {"b1_b2_align_x": -2, "b1_b2_align_y": 9, "sim_b1_b2_trans_b3": [0.20361362056984017, 0.11671087533156499, 0.1399132321041215, 0.17091295116772823, 0.187207488299532], "b1_b2_tran": [{"name": "unite"}], "sim_b6_predicted_ops": [0.13196480938416422, 0.25546875, 0.13593073593073593, 0.1934477379095164, 0.22589531680440772, 0.19347319347319347, 0.1582045621780721, 0.14532374100719425], "argmax_sim_b6_predicted_ops": 2}, "D : E : F  ::  G : H : ?": {"b1_b2_align_x": 5, "b1_b2_align_y": -6, "sim_b1_b2_trans_b3": [0.18767048554282598, 0.09670781893004116, 0.1507376523412444, 0.11283643892339544, 0.17058823529411765], "b1_b2_tran": [{"name": "unite"}], "sim_b6_predicted_ops": [0.14487632508833923, 0.36607142857142855, 0.15763135946622187, 0.21299093655589124, 0.2051948051948052, 0.17664233576642335, 0.1947863866763215, 0.15592515592515593], "argmax_sim_b6_predicted_ops": 2}, "A : D : G  ::  C : F : ?": {"b1_b2_align_x": 3, "b1_b2_align_y": 0, "sim_b1_b2_trans_b3": [0.16666666666666666, 0.07817109144542773, 0.12614678899082568, 0.13173076923076923, 0.16414686825053995],