{"unary_analogies_data": {"A : B  ::  H : ?": {"sim_u1_trans_u2": [0.2721311475409836, 0.2721311475409836, 0.2721311475409836, 0.2721311475409836, 0.2721311475409836, 0.2721311475409836, 0.2721311475409836, 0.2721311475409836], "unary_tran": [{"name": null}], "sim_u4_predicted_ops": [0.6991735537190082, 0.9591836734693877, 0.2390011890606421, 0.23601398601398602, 0.25297619047619047, 0.49019607843137253, 0.3925581395348837, 0.23266745005875442], "argmax_sim_u4_predicted_ops": 2}, "B : C  ::  H : ?": {"sim_u1_trans_u2": [0.21039290240811154, 0.24511082138200782, 0.2088607594936709, 0.24025974025974026, 0.21039290240811154, 0.24348958333333334, 0.21039290240811154, 0.24348958333333334], "unary_tran": [{"name": "rot_binary", "args": {"angle": 90}}], "sim_u4_predicted_ops": [0.707641196013289, 0.9547511312217195, 0.2375296912114014, 0.23601398601398602, 0.25297619047619047, 0.4936416184971098, 0.3951537744641193, 0.23702830188679244], "argmax_sim_u4_predicted_ops": 2}, "D : E  ::  H : ?": {"sim_u1_trans_u2": [0.19843342036553524, 0.22237017310252996, 0.20157068062827224, 0.22563417890520696, 0.196870925684485, 0.22563417890520696, 0.196870925684485, 0.22237017310252996], "unary_tran": [{"name": "rot_binary", "args": {"angle": 270}}], "sim_u4_predicted_ops": [0.6963696369636964, 0.977116704805492, 0.23459715639810427, 0.23601398601398602, 0.25297619047619047, 0.49019607843137253, 0.3912639405204461, 0.23557126030624265], "argmax_sim_u4_predicted_ops": 2}, "E : F  ::  H : ?": {"sim_u1_trans_u2": [0.23289315726290516, 0.234375, 0.234375, 0.2314148681055156, 0.2314148681055156, 0.234375, 0.234375, 0.2314148681055156], "unary_tran": [{"name": "rot_binary", "args": {"angle": 90}}], "sim_u4_predicted_ops": [0.707641196013289, 0.9547511312217195, 0.2375296912114014, 0.23601398601398602, 0.25297619047619047, 0.4936416184971098, 0.3951537744641193, 0.23702830188679244], "argmax_sim_u4_predicted_ops": 2}, "G : H  ::  H : ?": {"sim_u1_trans_u2": [0.23668639053254437, 0.23522458628841608, 0.23668639053254437, 0.23231132075471697, 0.23522458628841608, 0.23522458628841608, 0.23668639053254437, 0.23231132075471697], "unary_tran": [{"name": null}], "sim_u4_predicted_ops": [0.6991735537190082, 0.9591836734693877, 0.2390011890606421, 0.23601398601398602, 0.25297619047619047, 0.49019607843137253, 0.3925581395348837, 0.23266745005875442], "argmax_sim_u4_predicted_ops": 2}, "A : C  ::  G : ?": {"sim_u1_trans_u2": [0.22887323943661972, 0.2346698113207547, 0.23176470588235293, 0.23176470588235293, 0.23031727379553465, 0.2332155477031802, 0.23176470588235293, 0.2346698113207547], "unary_tran": [{"name": "rot_binary", "args": {"angle": 90}}], "sim_u4_predicted_ops": [0.2728226652675761, 0.23411764705882354, 0.18665377176015474, 0.21691678035470668, 0.2757709251101322, 0.22776392352452202, 0.25522388059701495, 0.21099116781157998], "argmax_sim_u4_predicted_ops": 5}, "D : F  ::  G : ?": {"sim_u1_trans_u2": [0.2533557046979866, 0.2533557046979866, 0.2533557046979866, 0.2533557046979866, 0.2533557046979866, 0.2533557046979866, 0.2533557046979866, 0.2533557046979866], "unary_tran": [{"name": null}], "sim_u4_predicted_ops": [0.25699481865284973, 0.23557126030624265, 0.9112149532710281, 0.1845949535192563, 0.27352682497801234, 0.6338495575221239, 0.4677137870855148, 0.23030907278165502], "argmax_sim_u4_predicted_ops": 3}, "A : D  ::  F : ?": {"sim_u1_trans_u2": [0.25083056478405313, 0.25083056478405313, 0.25083056478405313, 0.25083056478405313, 0.25083056478405313, 0.25083056478405313, 0.25083056478405313, 0.25083056478405313], "unary_tran": [{"name": null}], "sim_u4_predicted_ops": [0.7014925373134329, 0.9725400457665904, 0.23662306777645659, 0.2390158172231986, 0.2509920634920635, 0.48105625717566014, 0.39069767441860465, 0.2346698113207547], "argmax_sim_u4_predicted_ops": 2}, "D : G  ::  F : ?": {"sim_u1_trans_u2": [0.19743589743589743, 0.22091503267973855, 0.20051413881748073, 0.22251308900523561, 0.19743589743589743, 0.22251308900523561, 0.20051413881748073, 0.22251308900523561], "unary_tran": [{"name": "rot_binary", "args": {"angle": 270}}], "sim_u4_predicted_ops": [0.7071547420965059, 0.9546485260770975, 0.2395709177592372, 0.23684210526315788, 0.2522343594836147, 0.48788927335640137, 0.3932898415657036, 0.2346698113207547], "argmax_sim_u4_predicted_ops": 2}, "B : E  ::  F : ?": {"sim_u1_trans_u2": [0.2079589216944801, 0.23978919631093545, 0.2064102564102564, 0.23653088042049936, 0.2079589216944801, 0.23978919631093545, 0.2079589216944801, 0.2381578947368421], "unary_tran": [{"name": "rot_binary", "args": {"angle": 90}}], "sim_u4_predicted_ops": [0.6958677685950413, 0.9635535307517085, 0.23662306777645659, 0.23684210526315788, 0.2509920634920635, 0.4913294797687861, 0.38940520446096655, 0.2346698113207547], "argmax_sim_u4_predicted_ops": 2}, "E : H  ::  F : ?": {"sim_u1_trans_u2": [0.23529411764705882, 0.23233532934131737, 0.23381294964028776, 0.23086124401913877, 0.23529411764705882, 0.23233532934131737, 0.23381294964028776, 0.23086124401913877], "unary_tran": [{"name": null}], "sim_u4_predicted_ops": [0.7014925373134329, 0.9725400457665904, 0.23662306777645659, 0.2390158172231986, 0.2509920634920635, 0.48105625717566014, 0.39069767441860465, 0.2346698113207547], "argmax_sim_u4_predicted_ops": 2}, "C : F  ::  F : ?": {"sim_u1_trans_u2": [0.23049645390070922, 0.2334123222748815, 0.2319526627218935, 0.2319526627218935, 0.23049645390070922, 0.23487544483985764, 0.2319526627218935, 0.2319526627218935], "unary_tran": [{"name": "mirror_left_right"}, {"name": "rot_binary", "args": {"angle": 90}}], "sim_u4_predicted_ops": [0.6958677685950413, 0.9725400457665904, 0.23809523809523808, 0.23684210526315788, 0.2522343594836147, 0.48788927335640137, 0.38940520446096655, 0.2346698113207547], "argmax_sim_u4_predicted_ops": 2}, "A : G  ::  C : ?": {"sim_u1_trans_u2": [0.23411764705882354, 0.23702830188679244, 0.23411764705882354, 0.23702830188679244, 0.23411764705882354, 0.23702830188679244, 0.23411764705882354, 0.23702830188679244], "unary_tran": [{"name": "rot_binary", "args": {"angle": 90}}], "sim_u4_predicted_ops": [0.2693920335429769, 0.23176470588235293, 0.18816682832201745, 0.21751025991792067, 0.2717678100263852, 0.22406639004149378, 0.2546676624346527, 0.20902845927379785], "argmax_sim_u4_predicted_ops": 5}, "B : H  ::  C : ?": {"sim_u1_trans_u2": [0.27182866556836904, 0.27182866556836904, 0.27182866556836904, 0.27182866556836904, 0.27182866556836904, 0.27182866556836904, 0.27182866556836904, 0.27182866556836904], "unary_tran": [{"name": null}], "sim_u4_predicted_ops": [0.2536231884057971, 0.23176470588235293, 0.8121301775147929, 0.18666666666666668, 0.2740088105726872, 0.6535874439461884, 0.5080789946140036, 0.22709163346613545], "argmax_sim_u4_predicted_ops": 3}}, "binary_analogies_data": {"A : B : C  ::  G : H : ?": {"b1_b2_align_x": -2, "b1_b2_align_y": 0, "sim_b1_b2_trans_b3": [0.22807017543859648, 0.18209408194233687, 0.1857335127860027, 0.004893964110929853, 0.18498659517426275], "b1_b2_tran": [{"name": "unite"}], "sim_b6_predicted_ops": [0.4159378036929057, 0.4930715935334873, 0.6811428571428572, 0.17598343685300208, 0.3075734157650695, 0.670873786407767, 0.40686632578524473, 0.2863359442993908], "argmax_sim_b6_predicted_ops": 3}, "D : E : F  ::  G : H : ?": {"b1_b2_align_x": -8, "b1_b2_align_y": 7, "sim_b1_b2_trans_b3": [0.26153846153846155, 0.23142250530785563, 0.1420345489443378, 0.17256011315417255, 0.20435308343409916], "b1_b2_tran": [{"name": "unite"}], "sim_b6_predicted_ops": [0.414324569356301, 0.4466321243523316, 0.6094069529652352, 0.16776625824693686, 0.2757640369580668, 0.5497026338147833, 0.3700202565833896, 0.2637889688249401], "argmax_sim_b6_predicted_ops": 3}, "A : D : G  ::  C : F : ?": {"b1_b2_align_x": 0, "b1_b2_align_y": 1, "sim_b1_b2_trans_b3": [0.2335680751173709, 0.17484662576687116, 0.19256308100929614, 0.0032520325203252032, 0.19205298013245034], "b1_b2_tran": [{"name": "unite"}],