{"unary_analogies_data": {"A : B  ::  H : ?": {"sim_u1_trans_u2": [0.4120667522464698, 0.40395660497766434, 0.4138817480719794, 0.41661300708306503, 0.4075495841330774, 0.41025641025641024, 0.42118863049095606, 0.41025641025641024], "unary_tran": [{"name": "mirror_left_right"}, {"name": "rot_binary", "args": {"angle": 180}}], "sim_u4_predicted_ops": [0.13865271419228253, 0.23331292100428658, 0.4101738570508693, 0.837181764357608, 0.26312419974391804, 0.6004917025199754, 0.28923582580115037, 0.4969021065675341], "argmax_sim_u4_predicted_ops": 4}, "B : C  ::  H : ?": {"sim_u1_trans_u2": [0.3137254901960784, 0.3117469879518072, 0.3157099697885196, 0.3177004538577912, 0.3177004538577912, 0.3137254901960784, 0.3117469879518072, 0.3157099697885196], "unary_tran": [{"name": "rot_binary", "args": {"angle": 270}}], "sim_u4_predicted_ops": [0.13125406107862247, 0.24436206363917207, 0.39757498404594765, 0.8019744483159117, 0.2696267696267696, 0.6074074074074074, 0.28923582580115037, 0.43638525564803804], "argmax_sim_u4_predicted_ops": 4}, "D : E  ::  H : ?": {"sim_u1_trans_u2": [0.3164179104477612, 0.3164179104477612, 0.3086053412462908, 0.30666666666666664, 0.3086053412462908, 0.3086053412462908, 0.3183856502242152, 0.31054977711738485], "unary_tran": [{"name": "mirror_left_right"}, {"name": "rot_binary", "args": {"angle": 180}}], "sim_u4_predicted_ops": [0.13865271419228253, 0.23331292100428658, 0.4101738570508693, 0.837181764357608, 0.26312419974391804, 0.6004917025199754, 0.28923582580115037, 0.4969021065675341], "argmax_sim_u4_predicted_ops": 4}, "E : F  ::  H : ?": {"sim_u1_trans_u2": [0.13285806869734285, 0.13285806869734285, 0.13654096228868662, 0.1313915857605178, 0.13506493506493505, 0.13432835820895522, 0.13359273670557717, 0.13065976714100905], "unary_tran": [{"name": "rot_binary", "args": {"angle": 180}}], "sim_u4_predicted_ops": [0.13346354166666666, 0.23293541475359658, 0.3922441195168468, 0.8514319809069213, 0.25748884639898023, 0.6153846153846154, 0.29082682023858497, 0.4987593052109181], "argmax_sim_u4_predicted_ops": 4}, "G : H  ::  H : ?": {"sim_u1_trans_u2": [0.13612565445026178, 0.13315926892950392, 0.13020833333333334, 0.1316818774445893, 0.1338994121489223, 0.1353826030085023, 0.1324200913242009, 0.13020833333333334], "unary_tran": [{"name": null}], "sim_u4_predicted_ops": [0.13420195439739413, 0.23255813953488372, 0.4092664092664093, 0.8382701421800948, 0.27702265372168283, 0.6163873370577281, 0.2887063655030801, 0.48860135551447936], "argmax_sim_u4_predicted_ops": 4}, "A : C  ::  G : ?": {"sim_u1_trans_u2": [0.13424124513618677, 0.1357142857142857, 0.1364522417153996, 0.13497728747566515, 0.1357142857142857, 0.1364522417153996, 0.13497728747566515, 0.13424124513618677], "unary_tran": [{"name": "rot_binary", "args": {"angle": 180}}], "sim_u4_predicted_ops": [0.9406392694063926, 0.05813499804916114, 0.3083832335329341, 0.1310126582278481, 0.11544991511035653, 0.19038817005545286, 0.10894704808277542, 0.06692531522793405], "argmax_sim_u4_predicted_ops": 1}, "D : F  ::  G : ?": {"sim_u1_trans_u2": [0.3919089759797724, 0.3849056603773585, 0.4142581888246628, 0.39455351488283724, 0.4142581888246628, 0.3849056603773585, 0.3927893738140417, 0.3919089759797724], "unary_tran": [{"name": "rot_binary", "args": {"angle": 180}}], "sim_u4_predicted_ops": [0.9406392694063926, 0.05813499804916114, 0.3083832335329341, 0.1310126582278481, 0.11544991511035653, 0.19038817005545286, 0.10894704808277542, 0.06692531522793405], "argmax_sim_u4_predicted_ops": 1}, "A : D  ::  F : ?": {"sim_u1_trans_u2": [0.39418825015792797, 0.38892385147891756, 0.38892385147891756, 0.3968354430379747, 0.3854362837413685, 0.3906742281033396, 0.4048376830044558, 0.3906742281033396], "unary_tran": [{"name": "mirror_left_right"}, {"name": "rot_binary", "args": {"angle": 180}}], "sim_u4_predicted_ops": [0.13203883495145632, 0.2308630680085392, 0.3858764186633039, 0.8877427184466019, 0.2569796954314721, 0.6243781094527363, 0.2930538429921907, 0.5074626865671642], "argmax_sim_u4_predicted_ops": 4}, "D : G  ::  F : ?": {"sim_u1_trans_u2": [0.3143712574850299, 0.30654761904761907, 0.30460624071322434, 0.312406576980568, 0.30654761904761907, 0.3143712574850299, 0.30849478390462, 0.30460624071322434], "unary_tran": [{"name": null}], "sim_u4_predicted_ops": [0.1313065976714101, 0.2342507645259939, 0.3858764186633039, 0.8740963855421687, 0.2553865652724968, 0.5995101041028781, 0.2919917864476386, 0.5341772151898734], "argmax_sim_u4_predicted_ops": 4}, "B : E  ::  F : ?": {"sim_u1_trans_u2": [0.30792227204783257, 0.3138138138138138, 0.30988023952095806, 0.30597014925373134, 0.30597014925373134, 0.30792227204783257, 0.3138138138138138, 0.30988023952095806], "unary_tran": [{"name": "rot_binary", "args": {"angle": 90}}], "sim_u4_predicted_ops": [0.13203883495145632, 0.2452946621413144, 0.3937856689917565, 0.8003472222222222, 0.27068633739576653, 0.5868772782503038, 0.2898728987289873, 0.44199881023200477], "argmax_sim_u4_predicted_ops": 4}, "E : H  ::  F : ?": {"sim_u1_trans_u2": [0.1350293542074364, 0.13133940182054615, 0.13355048859934854, 0.1365120836054866, 0.1320754716981132, 0.13355048859934854, 0.1379986919555265, 0.1328125], "unary_tran": [{"name": "mirror_left_right"}, {"name": "rot_binary", "args": {"angle": 180}}], "sim_u4_predicted_ops": [0.13203883495145632, 0.2308630680085392, 0.3858764186633039, 0.8877427184466019, 0.2569796954314721, 0.6243781094527363, 0.2930538429921907, 0.5074626865671642], "argmax_sim_u4_predicted_ops": 4}, "C : F  ::  F : ?": {"sim_u1_trans_u2": [0.13246753246753246, 0.13246753246753246, 0.13026571613739468, 0.13246753246753246, 0.1309987029831388, 0.1317326411421155, 0.1309987029831388, 0.13246753246753246], "unary_tran": [{"name": null}], "sim_u4_predicted_ops": [0.1313065976714101, 0.2342507645259939, 0.3858764186633039, 0.8740963855421687, 0.2553865652724968, 0.5995101041028781, 0.2919917864476386, 0.5341772151898734], "argmax_sim_u4_predicted_ops": 4}, "A : G  ::  C : ?": {"sim_u1_trans_u2": [0.1327720207253886, 0.1313065976714101, 0.13203883495145632, 0.13497728747566515, 0.1313065976714101, 0.13203883495145632, 0.13497728747566515, 0.1327720207253886], "unary_tran": [{"name": "rot_binary", "args": {"angle": 270}}], "sim_u4_predicted_ops": [0.9495412844036697, 0.057722308892355696, 0.3064275037369208, 0.12958280657395702, 0.11734693877551021, 0.1936978683966636, 0.11029859841560025, 0.06692531522793405], "argmax_sim_u4_predicted_ops": 1}, "B : H  ::  C : ?": {"sim_u1_trans_u2": [0.4055269922879177, 0.3938814531548757, 0.38857142857142857, 0.3983375959079284, 0.397444089456869, 0.4046242774566474, 0.39655172413793105, 0.38945362134688694], "unary_tran": [{"name": null}], "sim_u4_predicted_ops": [0.9318181818181818, 0.05730994152046784, 0.3025335320417288, 0.12815656565656566, 0.11734693877551021, 0.19480519480519481, 0.11029859841560025, 0.06692531522793405], "argmax_sim_u4_predicted_ops": 1}}, "binary_analogies_data": {"A : B : C  ::  G : H : ?": {"b1_b2_align_x": 7, "b1_b2_align_y": 0, "sim_b1_b2_trans_b3": [0.13333333333333333, 0.3209302325581395, 0.06544754571703561, 0.026905829596412557, 0.06427221172022685], "b1_b2_tran": [{"name": "intersect"}], "sim_b6_predicted_ops": [0.9315068493150684, 0.05694227769110764, 0.3132530120481928, 0.13189600507292326, 0.11584327086882454, 0.1863468634686347, 0.10772976262933658, 0.06705539358600583], "argmax_sim_b6_predicted_ops": 1}, "D : E : F  ::  G : H : ?": {"b1_b2_align_x": 7, "b1_b2_align_y": 0, "sim_b1_b2_trans_b3": [0.392293114339861, 0.13229571984435798, 0.26429479034307496, 0.001303780964797914, 0.26476190476190475], "b1_b2_tran": [{"name": "unite"}], "sim_b6_predicted_ops": [0.9237668161434978, 0.05845674201091192, 0.3143712574850299, 0.13426219126029132, 0.12033898305084746, 0.18968692449355432, 0.11003039513677812, 0.06666666666666667], "argmax_sim_b6_predicted_ops": 1}, "A : D : G  ::  C : F : ?": {"b1_b2_align_x": 0, "b1_b2_align_y": -3,