{"unary_analogies_data": {"A : B  ::  H : ?": {"sim_u1_trans_u2": [0.2898961284230406, 0.28142589118198874, 0.28262910798122065, 0.2778297474275023, 0.26014760147601473, 0.2578268876611418, 0.2613111726685134, 0.2589861751152074], "unary_tran": [{"name": null}], "sim_u4_predicted_ops": [0.2646903123345686, 0.864185110663984, 0.14833948339483394, 0.18443997317236754, 0.19494204425711276, 0.6509971509971509, 0.33858267716535434, 0.2470449172576832], "argmax_sim_u4_predicted_ops": 2}, "B : C  ::  H : ?": {"sim_u1_trans_u2": [0.36696165191740415, 0.3194760820045558, 0.3362168396770473, 0.3502331002331002, 0.33237492811960895, 0.3308443423319931, 0.33544668587896254, 0.30903954802259886], "unary_tran": [{"name": null}], "sim_u4_predicted_ops": [0.2646903123345686, 0.864185110663984, 0.14833948339483394, 0.18443997317236754, 0.19494204425711276, 0.6509971509971509, 0.33858267716535434, 0.2470449172576832], "argmax_sim_u4_predicted_ops": 2}, "D : E  ::  H : ?": {"sim_u1_trans_u2": [0.45454545454545453, 0.44613159797541574, 0.443001443001443, 0.44613159797541574, 0.447178002894356, 0.4492753623188406, 0.44822592324402605, 0.44613159797541574], "unary_tran": [{"name": null}], "sim_u4_predicted_ops": [0.2646903123345686, 0.864185110663984, 0.14833948339483394, 0.18443997317236754, 0.19494204425711276, 0.6509971509971509, 0.33858267716535434, 0.2470449172576832], "argmax_sim_u4_predicted_ops": 2}, "E : F  ::  H : ?": {"sim_u1_trans_u2": [0.464746772591857, 0.45177165354330706, 0.464746772591857, 0.4503441494591937, 0.464746772591857, 0.4503441494591937, 0.4662027833001988, 0.4503441494591937], "unary_tran": [{"name": "mirror_left_right"}, {"name": "rot_binary", "args": {"angle": 180}}], "sim_u4_predicted_ops": [0.26402116402116405, 0.8585757271815446, 0.14833948339483394, 0.18443997317236754, 0.19873150105708245, 0.6335447498238196, 0.33858267716535434, 0.23899001761597183], "argmax_sim_u4_predicted_ops": 2}, "G : H  ::  H : ?": {"sim_u1_trans_u2": [0.20905172413793102, 0.18229715489989462, 0.20905172413793102, 0.18229715489989462, 0.20905172413793102, 0.18229715489989462, 0.20905172413793102, 0.18229715489989462], "unary_tran": [{"name": null}], "sim_u4_predicted_ops": [0.2646903123345686, 0.864185110663984, 0.14833948339483394, 0.18443997317236754, 0.19494204425711276, 0.6509971509971509, 0.33858267716535434, 0.2470449172576832], "argmax_sim_u4_predicted_ops": 2}, "A : C  ::  G : ?": {"sim_u1_trans_u2": [0.23962411902897415, 0.23286604361370716, 0.23865414710485133, 0.23478939157566303, 0.21862971516551194, 0.21582181259600614, 0.21862971516551194, 0.21488871834228704], "unary_tran": [{"name": null}], "sim_u4_predicted_ops": [0.1327857631759069, 0.1828752642706131, 0.3089171974522293, 0.10138740661686232, 0.8348623853211009, 0.13956834532374102, 0.17025089605734767, 0.09992006394884093], "argmax_sim_u4_predicted_ops": 5}, "D : F  ::  G : ?": {"sim_u1_trans_u2": [0.39227895392278955, 0.3948845913911416, 0.39227895392278955, 0.3948845913911416, 0.39227895392278955, 0.3948845913911416, 0.3940149625935162, 0.3948845913911416], "unary_tran": [{"name": "rot_binary", "args": {"angle": 90}}], "sim_u4_predicted_ops": [0.1327857631759069, 0.20452099031216361, 0.3089171974522293, 0.12663755458515283, 0.9047619047619048, 0.13956834532374102, 0.17446043165467626, 0.1008], "argmax_sim_u4_predicted_ops": 5}, "A : D  ::  F : ?": {"sim_u1_trans_u2": [0.4868217054263566, 0.4799382716049383, 0.4868217054263566, 0.4799382716049383, 0.482225656877898, 0.4776579352850539, 0.4845201238390093, 0.4776579352850539], "unary_tran": [{"name": null}], "sim_u4_predicted_ops": [0.9123356293049468, 0.24962779156327544, 0.3924764890282132, 0.5250941028858218, 0.1293157564344005, 0.46945812807881776, 0.637409200968523, 0.7300498753117207], "argmax_sim_u4_predicted_ops": 1}, "D : G  ::  F : ?": {"sim_u1_trans_u2": [0.30171073094867806, 0.30171073094867806, 0.30171073094867806, 0.30171073094867806, 0.30171073094867806, 0.30171073094867806, 0.30171073094867806, 0.30171073094867806], "unary_tran": [{"name": null}], "sim_u4_predicted_ops": [0.9123356293049468, 0.24962779156327544, 0.3924764890282132, 0.5250941028858218, 0.1293157564344005, 0.46945812807881776, 0.637409200968523, 0.7300498753117207], "argmax_sim_u4_predicted_ops": 1}, "B : E  ::  F : ?": {"sim_u1_trans_u2": [0.7404193781634129, 0.62525320729237, 0.7131672597864769, 0.6154362416107383, 0.7329013678905687, 0.6208754208754209, 0.7156094084105489, 0.6208754208754209], "unary_tran": [{"name": null}], "sim_u4_predicted_ops": [0.9123356293049468, 0.24962779156327544, 0.3924764890282132, 0.5250941028858218, 0.1293157564344005, 0.46945812807881776, 0.637409200968523, 0.7300498753117207], "argmax_sim_u4_predicted_ops": 1}, "E : H  ::  F : ?": {"sim_u1_trans_u2": [0.6691015339663988, 0.5407956844234659, 0.6068917018284107, 0.5418353576248313, 0.6274928774928775, 0.5470548408937035, 0.6286528866714184, 0.5356182795698925], "unary_tran": [{"name": null}], "sim_u4_predicted_ops": [0.9123356293049468, 0.24962779156327544, 0.3924764890282132, 0.5250941028858218, 0.1293157564344005, 0.46945812807881776, 0.637409200968523, 0.7300498753117207], "argmax_sim_u4_predicted_ops": 1}, "C : F  ::  F : ?": {"sim_u1_trans_u2": [0.7830423940149626, 0.6666666666666666, 0.7852684144818977, 0.6666666666666666, 0.7852684144818977, 0.6676384839650146, 0.7852684144818977, 0.6676384839650146], "unary_tran": [{"name": "rot_binary", "args": {"angle": 180}}], "sim_u4_predicted_ops": [0.9147335423197492, 0.24962779156327544, 0.3924764890282132, 0.5250941028858218, 0.1293157564344005, 0.46801181102362205, 0.637409200968523, 0.7322097378277154], "argmax_sim_u4_predicted_ops": 1}, "A : G  ::  C : ?": {"sim_u1_trans_u2": [0.32124352331606215, 0.328125, 0.32124352331606215, 0.328125, 0.32124352331606215, 0.328125, 0.32124352331606215, 0.328125], "unary_tran": [{"name": "rot_binary", "args": {"angle": 90}}], "sim_u4_predicted_ops": [0.6553398058252428, 0.22321428571428573, 0.19709412507896398, 0.5886792452830188, 0.09761549925484352, 0.3082225504677499, 0.6509368494101319, 0.7270803949224259], "argmax_sim_u4_predicted_ops": 8}, "B : H  ::  C : ?": {"sim_u1_trans_u2": [0.6819727891156463, 0.5453125, 0.6333608587943848, 0.5611681136543015, 0.6734348561759729, 0.5550314465408805, 0.6387738193869097, 0.5489428347689899], "unary_tran": [{"name": null}], "sim_u4_predicted_ops": [0.7146448774355751, 0.23146067415730337, 0.19709412507896398, 0.6587864460204885, 0.0967982129560685, 0.3159980188211986, 0.6613128491620112, 0.8385885885885885], "argmax_sim_u4_predicted_ops": 8}}, "binary_analogies_data": {"A : B : C  ::  G : H : ?": {"b1_b2_align_x": 3, "b1_b2_align_y": 0, "sim_b1_b2_trans_b3": [0.24318004676539362, 0.23450980392156862, 0.006309148264984227, 0.008675078864353312, 0.01098901098901099], "b1_b2_tran": [{"name": "unite"}], "sim_b6_predicted_ops": [0.1375770020533881, 0.18526315789473685, 0.3200636942675159, 0.10767590618336886, 0.8333333333333334, 0.1446043165467626, 0.17652329749103943, 0.10287081339712918], "argmax_sim_b6_predicted_ops": 5}, "D : E : F  ::  G : H : ?": {"b1_b2_align_x": 3, "b1_b2_align_y": 0, "sim_b1_b2_trans_b3": [0.39227895392278955, 0.38972431077694236, 0.009398496240601503, 0, 0.009398496240601503], "b1_b2_tran": [{"name": "unite"}], "sim_b6_predicted_ops": [0.1375770020533881, 0.18526315789473685, 0.3200636942675159, 0.10767590618336886, 0.8333333333333334, 0.1446043165467626, 0.17652329749103943, 0.10287081339712918], "argmax_sim_b6_predicted_ops": 5}, "A : D : G  ::  C : F : ?": {"b1_b2_align_x": 1, "b1_b2_align_y": 5, "sim_b1_b2_trans_b3": [0.30077519379844964, 0.3229166666666667, 0.010309278350515464, 0.25721153846153844, 0.25598086124401914], "b1_b2_tran": [{"name": "intersect"}], "sim_b6_predicted_ops": [0.6792452830188679, 0.2088998763906057, 0.23162583518930957, 0.6223958333333334, 0.11743450767841011, 0.30864864864864866, 0.6222558667676003, 0.8228995057660626], "argmax_sim_b6_predicted_ops": 8},