{"unary_analogies_data": {"A : B  ::  H : ?": {"sim_u1_trans_u2": [0.3467600700525394, 0.33816705336426917, 0.34518950437317786, 0.34049970947123764, 0.3459743290548425, 0.3397212543554007, 0.3459743290548425, 0.338943702843877], "unary_tran": [{"name": null}], "sim_u4_predicted_ops": [0.7915168943206327, 0.5044722719141324, 0.29411764705882354, 0.928122819260293, 0.2541024365987071, 0.7631041524846834, 0.23439667128987518, 0.6412849494348603], "argmax_sim_u4_predicted_ops": 4}, "B : C  ::  H : ?": {"sim_u1_trans_u2": [0.5121765601217656, 0.4984917043740573, 0.507587253414264, 0.5064442759666414, 0.5121765601217656, 0.4984917043740573, 0.5087319665907365, 0.5030257186081695], "unary_tran": [{"name": null}], "sim_u4_predicted_ops": [0.7915168943206327, 0.5044722719141324, 0.29411764705882354, 0.928122819260293, 0.2541024365987071, 0.7631041524846834, 0.23439667128987518, 0.6412849494348603], "argmax_sim_u4_predicted_ops": 4}, "D : E  ::  H : ?": {"sim_u1_trans_u2": [0.4054794520547945, 0.40779363336992314, 0.4070213933077345, 0.4085667215815486, 0.4070213933077345, 0.4085667215815486, 0.4054794520547945, 0.40779363336992314], "unary_tran": [{"name": "rot_binary", "args": {"angle": 270}}], "sim_u4_predicted_ops": [0.7414395527603075, 0.5035756853396901, 0.2947742262810756, 0.8795918367346939, 0.24114173228346455, 0.7347622237106497, 0.23268698060941828, 0.6354475400118553], "argmax_sim_u4_predicted_ops": 4}, "E : F  ::  H : ?": {"sim_u1_trans_u2": [0.6005685856432125, 0.5870331219168429, 0.5915194346289753, 0.5825720309205903, 0.5960311835577604, 0.589273112208892, 0.5960311835577604, 0.5803508771929825], "unary_tran": [{"name": null}], "sim_u4_predicted_ops": [0.7915168943206327, 0.5044722719141324, 0.29411764705882354, 0.928122819260293, 0.2541024365987071, 0.7631041524846834, 0.23439667128987518, 0.6412849494348603], "argmax_sim_u4_predicted_ops": 4}, "G : H  ::  H : ?": {"sim_u1_trans_u2": [0.46756367131186927, 0.4584527220630373, 0.46474820143884893, 0.46404602109300097, 0.46968238691049086, 0.4633445136559655, 0.4633445136559655, 0.4584527220630373], "unary_tran": [{"name": "mirror_left_right"}], "sim_u4_predicted_ops": [0.7889447236180904, 0.5044722719141324, 0.29411764705882354, 0.9081491712707183, 0.25785536159600997, 0.7631041524846834, 0.23439667128987518, 0.6373887240356083], "argmax_sim_u4_predicted_ops": 4}, "A : C  ::  G : ?": {"sim_u1_trans_u2": [0.47706422018348627, 0.4607906675307842, 0.47706422018348627, 0.46173800259403375, 0.479002624671916, 0.4607906675307842, 0.47320261437908495, 0.4607906675307842], "unary_tran": [{"name": "mirror_left_right"}], "sim_u4_predicted_ops": [0.3497822931785196, 0.45337454920144254, 0.6598718695398952, 0.4737602311025518, 0.21761658031088082, 0.3476434904339711, 0.311533362792753, 0.5897035881435257], "argmax_sim_u4_predicted_ops": 3}, "D : F  ::  G : ?": {"sim_u1_trans_u2": [0.525974025974026, 0.5134660421545667, 0.5277777777777778, 0.5090484530064214, 0.5286812536960378, 0.5090484530064214, 0.525974025974026, 0.5125804564072557], "unary_tran": [{"name": "mirror_left_right"}], "sim_u4_predicted_ops": [0.3497822931785196, 0.45337454920144254, 0.6598718695398952, 0.4737602311025518, 0.21761658031088082, 0.3476434904339711, 0.311533362792753, 0.5897035881435257], "argmax_sim_u4_predicted_ops": 3}, "A : D  ::  F : ?": {"sim_u1_trans_u2": [0.8023715415019763, 0.5536626916524702, 0.77431906614786, 0.5536626916524702, 0.772020725388601, 0.5536626916524702, 0.8023715415019763, 0.5536626916524702], "unary_tran": [{"name": null}], "sim_u4_predicted_ops": [0.5923566878980892, 0.8960931005818786, 0.4241676942046856, 0.5113908872901679, 0.19559517566858942, 0.4907936507936508, 0.25090159711488924, 0.761371588523443], "argmax_sim_u4_predicted_ops": 2}, "D : G  ::  F : ?": {"sim_u1_trans_u2": [0.7536475869809203, 0.6124871001031992, 0.7189218921892189, 0.6124871001031992, 0.7198679141441937, 0.6124871001031992, 0.7516816143497758, 0.6124871001031992], "unary_tran": [{"name": null}], "sim_u4_predicted_ops": [0.5923566878980892, 0.8960931005818786, 0.4241676942046856, 0.5113908872901679, 0.19559517566858942, 0.4907936507936508, 0.25090159711488924, 0.761371588523443], "argmax_sim_u4_predicted_ops": 2}, "B : E  ::  F : ?": {"sim_u1_trans_u2": [0.8477508650519031, 0.7711442786069652, 0.8209718670076727, 0.7667493796526055, 0.8194207836456558, 0.7696768848384424, 0.8287671232876712, 0.7667493796526055], "unary_tran": [{"name": null}], "sim_u4_predicted_ops": [0.5923566878980892, 0.8960931005818786, 0.4241676942046856, 0.5113908872901679, 0.19559517566858942, 0.4907936507936508, 0.25090159711488924, 0.761371588523443], "argmax_sim_u4_predicted_ops": 2}, "E : H  ::  F : ?": {"sim_u1_trans_u2": [0.7625441696113074, 0.7176308539944903, 0.7725657427149965, 0.7117364447494853, 0.7612994350282486, 0.7140893470790378, 0.7827019299499642, 0.7140893470790378], "unary_tran": [{"name": "mirror_left_right"}, {"name": "rot_binary", "args": {"angle": 180}}], "sim_u4_predicted_ops": [0.5889830508474576, 0.8976705490848585, 0.4224137931034483, 0.5122975404919016, 0.19622245540398742, 0.4907936507936508, 0.25090159711488924, 0.7589098532494759], "argmax_sim_u4_predicted_ops": 2}, "C : F  ::  F : ?": {"sim_u1_trans_u2": [0.8020565552699229, 0.7167346938775511, 0.7776838546069316, 0.7181372549019608, 0.7852292020373515, 0.7195421095666394, 0.7943686006825939, 0.7167346938775511], "unary_tran": [{"name": null}], "sim_u4_predicted_ops": [0.5923566878980892, 0.8960931005818786, 0.4241676942046856, 0.5113908872901679, 0.19559517566858942, 0.4907936507936508, 0.25090159711488924, 0.761371588523443], "argmax_sim_u4_predicted_ops": 2}, "A : G  ::  C : ?": {"sim_u1_trans_u2": [0.7067972350230415, 0.5521215295966475, 0.6787535410764872, 0.5529350104821803, 0.6797052154195011, 0.5521215295966475, 0.7058146229130685, 0.5529350104821803], "unary_tran": [{"name": null}], "sim_u4_predicted_ops": [0.4675599435825106, 0.7614678899082569, 0.48474341192787795, 0.41857659831121835, 0.17147613762486127, 0.37563131313131315, 0.23577680525164113, 0.6807444523979957], "argmax_sim_u4_predicted_ops": 2}, "B : H  ::  C : ?": {"sim_u1_trans_u2": [0.7177650429799427, 0.6816269284712483, 0.69950389794472, 0.6757512229210343, 0.697098372257608, 0.680448493342677, 0.7165354330708661, 0.6792717086834734], "unary_tran": [{"name": null}], "sim_u4_predicted_ops": [0.4675599435825106, 0.7614678899082569, 0.48474341192787795, 0.41857659831121835, 0.17147613762486127, 0.37563131313131315, 0.23577680525164113, 0.6807444523979957], "argmax_sim_u4_predicted_ops": 2}}, "binary_analogies_data": {"A : B : C  ::  G : H : ?": {"b1_b2_align_x": 8, "b1_b2_align_y": 0, "sim_b1_b2_trans_b3": [0.44086021505376344, 0.5928571428571429, 0.10666666666666667, 0.08913213448006255, 0.13864628820960698], "b1_b2_tran": [{"name": "intersect"}], "sim_b6_predicted_ops": [0.527818448023426, 0.5182795698924731, 0.364907819453274, 0.6903225806451613, 0.13087606837606838, 0.5110650069156293, 0.22830802603036876, 0.6910919540229885], "argmax_sim_b6_predicted_ops": 8}, "D : E : F  ::  G : H : ?": {"b1_b2_align_x": 8, "b1_b2_align_y": 0, "sim_b1_b2_trans_b3": [0.5091743119266054, 0.6470588235294118, 0.10149253731343283, 0.0830945558739255, 0.13374170495150586], "b1_b2_tran": [{"name": "intersect"}], "sim_b6_predicted_ops": [0.527818448023426, 0.5182795698924731, 0.364907819453274, 0.6903225806451613, 0.13087606837606838, 0.5110650069156293, 0.22830802603036876, 0.6910919540229885], "argmax_sim_b6_predicted_ops": 8}, "A : D : G  ::  C : F : ?": {"b1_b2_align_x": 0, "b1_b2_align_y": 2, "sim_b1_b2_trans_b3": [0.7510964912280702, 0.7043580683156655, 0.039928486293206195, 0.11781946072684643, 0.13693901035673187], "b1_b2_tran": [{"name": "unite"}], "sim_b6_predicted_ops": [0.5818307905686546, 0.8858075040783034, 0.43180428134556575, 0.5208581644815257, 0.19369834710743802, 0.4813200498132005, 0.25267447784004077, 0.7743732590529248], "argmax_sim_b6_predicted_ops": 2},