{"unary_analogies_data": {"A : B  ::  H : ?": {"sim_u1_trans_u2": [0.7389340560072267, 0.600166251039069, 0.7389340560072267, 0.5988372093023255, 0.7389340560072267, 0.600166251039069, 0.7389340560072267, 0.600166251039069], "unary_tran": [{"name": null}], "sim_u4_predicted_ops": [0.2479427549194991, 0.9596711041503524, 0.2846286701208981, 0.2870662460567823, 0.8901689708141322, 0.8139365195184239, 0.881883782757311, 0.33124539425202654], "argmax_sim_u4_predicted_ops": 2}, "B : C  ::  H : ?": {"sim_u1_trans_u2": [0.6636446056210336, 0.5577249575551783, 0.6757990867579908, 0.556403731976251, 0.6727438468550593, 0.5590484282073067, 0.6681818181818182, 0.5577249575551783], "unary_tran": [{"name": "rot_binary", "args": {"angle": 180}}], "sim_u4_predicted_ops": [0.24883637665592553, 0.9346733668341709, 0.2855167646042171, 0.2870662460567823, 0.8729071537290716, 0.8165875045670442, 0.879742033383915, 0.33124539425202654], "argmax_sim_u4_predicted_ops": 2}, "D : E  ::  H : ?": {"sim_u1_trans_u2": [0.665954415954416, 0.5428759894459103, 0.6888086642599278, 0.5398288347597103, 0.665954415954416, 0.5378040762656148, 0.6888086642599278, 0.5418589321028345], "unary_tran": [{"name": "rot_binary", "args": {"angle": 180}}], "sim_u4_predicted_ops": [0.24883637665592553, 0.9346733668341709, 0.2855167646042171, 0.2870662460567823, 0.8729071537290716, 0.8165875045670442, 0.879742033383915, 0.33124539425202654], "argmax_sim_u4_predicted_ops": 2}, "E : F  ::  H : ?": {"sim_u1_trans_u2": [0.8261904761904761, 0.6746724890829694, 0.8261904761904761, 0.6746724890829694, 0.8261904761904761, 0.6734545454545454, 0.8261904761904761, 0.6746724890829694], "unary_tran": [{"name": null}], "sim_u4_predicted_ops": [0.2479427549194991, 0.9596711041503524, 0.2846286701208981, 0.2870662460567823, 0.8901689708141322, 0.8139365195184239, 0.881883782757311, 0.33124539425202654], "argmax_sim_u4_predicted_ops": 2}, "G : H  ::  H : ?": {"sim_u1_trans_u2": [0.8580083301779629, 0.853796751038912, 0.8757645259938838, 0.8516981132075472, 0.8580083301779629, 0.8544973544973545, 0.8764818355640536, 0.8523971309928274], "unary_tran": [{"name": "mirror_left_right"}, {"name": "rot_binary", "args": {"angle": 180}}], "sim_u4_predicted_ops": [0.2479427549194991, 0.939922480620155, 0.2846286701208981, 0.2870662460567823, 0.8693505507026206, 0.8179159049360146, 0.8825987841945289, 0.33124539425202654], "argmax_sim_u4_predicted_ops": 2}, "A : C  ::  G : ?": {"sim_u1_trans_u2": [0.7722772277227723, 0.6437098255280074, 0.7740336967294351, 0.6437098255280074, 0.7740336967294351, 0.6437098255280074, 0.7722772277227723, 0.6437098255280074], "unary_tran": [{"name": "rot_binary", "args": {"angle": 180}}], "sim_u4_predicted_ops": [0.2247521116415718, 0.8953125, 0.25696157913288686, 0.3009242144177449, 0.9022736338252892, 0.7782287822878229, 0.8113919275745002, 0.2641578370478626], "argmax_sim_u4_predicted_ops": 5}, "D : F  ::  G : ?": {"sim_u1_trans_u2": [0.7138790035587189, 0.5894389438943894, 0.7150997150997151, 0.5894389438943894, 0.7138790035587189, 0.5894389438943894, 0.7150997150997151, 0.5894389438943894], "unary_tran": [{"name": "rot_binary", "args": {"angle": 180}}], "sim_u4_predicted_ops": [0.2247521116415718, 0.8953125, 0.25696157913288686, 0.3009242144177449, 0.9022736338252892, 0.7782287822878229, 0.8113919275745002, 0.2641578370478626], "argmax_sim_u4_predicted_ops": 5}, "A : D  ::  F : ?": {"sim_u1_trans_u2": [0.5527638190954773, 0.4654471544715447, 0.5527638190954773, 0.46743554952510175, 0.5527638190954773, 0.46743554952510175, 0.5527638190954773, 0.46644067796610167], "unary_tran": [{"name": null}], "sim_u4_predicted_ops": [0.5551523947750363, 0.3431192660550459, 0.7366495976591075, 0.7549019607843137, 0.30357142857142855, 0.2807203389830508, 0.35663284479518975, 0.8129496402877698], "argmax_sim_u4_predicted_ops": 8}, "D : G  ::  F : ?": {"sim_u1_trans_u2": [0.29449838187702265, 0.2926391382405745, 0.2968299711815562, 0.29776496034607064, 0.2958963282937365, 0.29636298163485775, 0.2949640287769784, 0.29403306973400434], "unary_tran": [{"name": "rot_binary", "args": {"angle": 270}}], "sim_u4_predicted_ops": [0.5351002865329513, 0.34262655906089506, 0.6659649122807018, 0.7562264150943396, 0.30357142857142855, 0.28207847295864263, 0.35765325310267015, 0.7247148288973384], "argmax_sim_u4_predicted_ops": 4}, "B : E  ::  F : ?": {"sim_u1_trans_u2": [0.551698670605613, 0.46207376478775225, 0.5448529411764705, 0.4610570236439499, 0.5505535055350553, 0.45700416088765605, 0.5448529411764705, 0.46309192200557103], "unary_tran": [{"name": null}], "sim_u4_predicted_ops": [0.5551523947750363, 0.3431192660550459, 0.7366495976591075, 0.7549019607843137, 0.30357142857142855, 0.2807203389830508, 0.35663284479518975, 0.8129496402877698], "argmax_sim_u4_predicted_ops": 8}, "E : H  ::  F : ?": {"sim_u1_trans_u2": [0.3195801664857039, 0.3195801664857039, 0.3195801664857039, 0.3195801664857039, 0.3195801664857039, 0.3195801664857039, 0.3195801664857039, 0.3195801664857039], "unary_tran": [{"name": null}], "sim_u4_predicted_ops": [0.5551523947750363, 0.3431192660550459, 0.7366495976591075, 0.7549019607843137, 0.30357142857142855, 0.2807203389830508, 0.35663284479518975, 0.8129496402877698], "argmax_sim_u4_predicted_ops": 8}, "C : F  ::  F : ?": {"sim_u1_trans_u2": [0.6241021548284118, 0.5370090634441088, 0.6215139442231076, 0.5370090634441088, 0.6215139442231076, 0.5370090634441088, 0.6253993610223643, 0.5370090634441088], "unary_tran": [{"name": "mirror_left_right"}, {"name": "rot_binary", "args": {"angle": 180}}], "sim_u4_predicted_ops": [0.5562817719680465, 0.34262655906089506, 0.7379209370424598, 0.7549019607843137, 0.30357142857142855, 0.2816254416961131, 0.35714285714285715, 0.8144], "argmax_sim_u4_predicted_ops": 8}, "A : G  ::  C : ?": {"sim_u1_trans_u2": [0.23262727610553696, 0.23262727610553696, 0.23262727610553696, 0.23262727610553696, 0.23262727610553696, 0.23262727610553696, 0.23262727610553696, 0.23262727610553696], "unary_tran": [{"name": null}], "sim_u4_predicted_ops": [0.605683836589698, 0.22512896094325718, 0.5193740685543964, 0.6586178184845962, 0.26443057722308894, 0.20409656181419167, 0.2644787644787645, 0.5268562401263823], "argmax_sim_u4_predicted_ops": 4}, "B : H  ::  C : ?": {"sim_u1_trans_u2": [0.23854827343199436, 0.23942172073342735, 0.23985890652557318, 0.23854827343199436, 0.23985890652557318, 0.23942172073342735, 0.23854827343199436, 0.23854827343199436], "unary_tran": [{"name": "rot_binary", "args": {"angle": 180}}], "sim_u4_predicted_ops": [0.6332429990966576, 0.22512896094325718, 0.5261976047904192, 0.6655518394648829, 0.26443057722308894, 0.20409656181419167, 0.2644787644787645, 0.5244479495268138], "argmax_sim_u4_predicted_ops": 4}}, "binary_analogies_data": {"A : B : C  ::  G : H : ?": {"b1_b2_align_x": 1, "b1_b2_align_y": 0, "sim_b1_b2_trans_b3": [0.6798283261802575, 0.759493670886076, 0.06813186813186813, 0.07961783439490445, 0.07250470809792843], "b1_b2_tran": [{"name": "intersect"}], "sim_b6_predicted_ops": [0.22492401215805471, 0.8577586206896551, 0.25727802037845704, 0.28361581920903955, 0.9058919803600655, 0.784009094353922, 0.8084040092521203, 0.27338403041825093], "argmax_sim_b6_predicted_ops": 5}, "D : E : F  ::  G : H : ?": {"b1_b2_align_x": 1, "b1_b2_align_y": 0, "sim_b1_b2_trans_b3": [0.7271496276235613, 0.7622610141313383, 0.09272997032640949, 0.07617504051863858, 0.13642756680731363], "b1_b2_tran": [{"name": "intersect"}], "sim_b6_predicted_ops": [0.22492401215805471, 0.8577586206896551, 0.25727802037845704, 0.28361581920903955, 0.9058919803600655, 0.784009094353922, 0.8084040092521203, 0.27338403041825093], "argmax_sim_b6_predicted_ops": 5}, "A : D : G  ::  C : F : ?": {"b1_b2_align_x": 0, "b1_b2_align_y": -2, "sim_b1_b2_trans_b3": [0.3031455236778431, 0.21976744186046512, 0.05204460966542751, 0.10719874804381847, 0.12994350282485875], "b1_b2_tran": [{"name": "unite"}],