{"unary_analogies_data": {"A : B  ::  H : ?": {"sim_u1_trans_u2": [0.27626285203397405, 0.2768336314847943, 0.2751228226887003, 0.27569258266309205, 0.2751228226887003, 0.27569258266309205, 0.27797672336615936, 0.2768336314847943], "unary_tran": [{"name": "mirror_left_right"}, {"name": "rot_binary", "args": {"angle": 180}}], "sim_u4_predicted_ops": [0.26409495548961426, 0.47070033349213913, 0.7911357340720222, 0.7876530069185738, 0.4084938704028021, 0.43007312614259596, 0.20348837209302326, 0.30578512396694213], "argmax_sim_u4_predicted_ops": 3}, "B : C  ::  H : ?": {"sim_u1_trans_u2": [0.3587891296869625, 0.33536173089925625, 0.3578549329666552, 0.33626522327469555, 0.3578549329666552, 0.33626522327469555, 0.35832187070151306, 0.3358133243151843], "unary_tran": [{"name": null}], "sim_u4_predicted_ops": [0.2655031563312291, 0.4812859884836852, 0.8091773922775601, 0.78101802757158, 0.40726159230096237, 0.43007312614259596, 0.20398836726215205, 0.30578512396694213], "argmax_sim_u4_predicted_ops": 3}, "D : E  ::  H : ?": {"sim_u1_trans_u2": [0.2548810791622293, 0.25354609929078015, 0.2531017369727047, 0.25265768958185686, 0.2531017369727047, 0.25399077687123095, 0.25354609929078015, 0.25354609929078015], "unary_tran": [{"name": null}], "sim_u4_predicted_ops": [0.2655031563312291, 0.4812859884836852, 0.8091773922775601, 0.78101802757158, 0.40726159230096237, 0.43007312614259596, 0.20398836726215205, 0.30578512396694213], "argmax_sim_u4_predicted_ops": 3}, "E : F  ::  H : ?": {"sim_u1_trans_u2": [0.32172701949860727, 0.30536451169188444, 0.3226480836236934, 0.30446735395189, 0.3221873911529084, 0.30446735395189, 0.3212669683257919, 0.30536451169188444], "unary_tran": [{"name": "rot_binary", "args": {"angle": 180}}], "sim_u4_predicted_ops": [0.26409495548961426, 0.47774054571565344, 0.8001113585746102, 0.7800741918388977, 0.4084938704028021, 0.43072702331961593, 0.20348837209302326, 0.30578512396694213], "argmax_sim_u4_predicted_ops": 3}, "G : H  ::  H : ?": {"sim_u1_trans_u2": [0.26671565025716387, 0.2648569332355099, 0.2676470588235294, 0.26392961876832843, 0.26718118338846014, 0.26392961876832843, 0.2676470588235294, 0.2653211009174312], "unary_tran": [{"name": "rot_binary", "args": {"angle": 180}}], "sim_u4_predicted_ops": [0.26409495548961426, 0.47774054571565344, 0.8001113585746102, 0.7800741918388977, 0.4084938704028021, 0.43072702331961593, 0.20348837209302326, 0.30578512396694213], "argmax_sim_u4_predicted_ops": 3}, "A : C  ::  G : ?": {"sim_u1_trans_u2": [0.25358666149670417, 0.25213013168086756, 0.25602175602175603, 0.24874468906913866, 0.2565099106101827, 0.25213013168086756, 0.25261526540100737, 0.24874468906913866], "unary_tran": [{"name": "mirror_left_right"}], "sim_u4_predicted_ops": [0.9005347593582887, 0.26784313725490194, 0.27125658389766744, 0.2967073621901591, 0.30906967691708837, 0.23166603986461076, 0.21662669864108713, 0.5128697656550134], "argmax_sim_u4_predicted_ops": 1}, "D : F  ::  G : ?": {"sim_u1_trans_u2": [0.34021137393054857, 0.33819095477386935, 0.34021137393054857, 0.3395372233400402, 0.34021137393054857, 0.3395372233400402, 0.34021137393054857, 0.3395372233400402], "unary_tran": [{"name": null}], "sim_u4_predicted_ops": [0.9169363538295577, 0.26933647428347074, 0.2726930320150659, 0.2976675305442429, 0.30754276827371696, 0.2256736526946108, 0.2151696606786427, 0.5099693251533742], "argmax_sim_u4_predicted_ops": 1}, "A : D  ::  F : ?": {"sim_u1_trans_u2": [0.769290724863601, 0.6545189504373178, 0.7474980754426482, 0.6557257476294676, 0.7569659442724458, 0.6557257476294676, 0.7583268783888458, 0.6521106259097526], "unary_tran": [{"name": null}], "sim_u4_predicted_ops": [0.2708251085669167, 0.9028233749179252, 0.48270823185582074, 0.42152466367713004, 0.7604651162790698, 0.24155405405405406, 0.46116504854368934, 0.5358056265984654], "argmax_sim_u4_predicted_ops": 2}, "D : G  ::  F : ?": {"sim_u1_trans_u2": [0.5679916317991632, 0.5050200803212851, 0.5565939771547248, 0.5027568922305764, 0.5565939771547248, 0.5042649272453588, 0.5630865484880083, 0.5027568922305764], "unary_tran": [{"name": null}], "sim_u4_predicted_ops": [0.2708251085669167, 0.9028233749179252, 0.48270823185582074, 0.42152466367713004, 0.7604651162790698, 0.24155405405405406, 0.46116504854368934, 0.5358056265984654], "argmax_sim_u4_predicted_ops": 2}, "B : E  ::  F : ?": {"sim_u1_trans_u2": [0.6532905296950241, 0.5247964470762398, 0.6539542352468888, 0.5242323344432113, 0.6539542352468888, 0.5253609774157719, 0.6552832462836481, 0.5242323344432113], "unary_tran": [{"name": "mirror_left_right"}, {"name": "rot_binary", "args": {"angle": 180}}], "sim_u4_predicted_ops": [0.27233201581027666, 0.8818181818181818, 0.47552108579738245, 0.41771019677996424, 0.7372346528973035, 0.24155405405405406, 0.44634276561665776, 0.5456885456885456], "argmax_sim_u4_predicted_ops": 2}, "E : H  ::  F : ?": {"sim_u1_trans_u2": [0.6075030254134732, 0.48417132216014896, 0.6075030254134732, 0.48417132216014896, 0.6075030254134732, 0.48417132216014896, 0.610751818916734, 0.48417132216014896], "unary_tran": [{"name": "mirror_left_right"}, {"name": "rot_binary", "args": {"angle": 180}}], "sim_u4_predicted_ops": [0.27233201581027666, 0.8818181818181818, 0.47552108579738245, 0.41771019677996424, 0.7372346528973035, 0.24155405405405406, 0.44634276561665776, 0.5456885456885456], "argmax_sim_u4_predicted_ops": 2}, "C : F  ::  F : ?": {"sim_u1_trans_u2": [0.5669835782195333, 0.5002068680182044, 0.5410114747131322, 0.5008278145695364, 0.5522260273972602, 0.49958643507030603, 0.5495726495726496, 0.5033167495854063], "unary_tran": [{"name": null}], "sim_u4_predicted_ops": [0.2708251085669167, 0.9028233749179252, 0.48270823185582074, 0.42152466367713004, 0.7604651162790698, 0.24155405405405406, 0.46116504854368934, 0.5358056265984654], "argmax_sim_u4_predicted_ops": 2}, "A : G  ::  C : ?": {"sim_u1_trans_u2": [0.5156002115282919, 0.4592668024439919, 0.5005235602094241, 0.4592668024439919, 0.5005235602094241, 0.4592668024439919, 0.5156002115282919, 0.4592668024439919], "unary_tran": [{"name": null}], "sim_u4_predicted_ops": [0.526274815103153, 0.5517241379310345, 0.3157709870038637, 0.35101186322400557, 0.577834179357022, 0.2333220453775821, 0.29942857142857143, 0.8381725021349274], "argmax_sim_u4_predicted_ops": 8}, "B : H  ::  C : ?": {"sim_u1_trans_u2": [0.8518318965517241, 0.6444976076555023, 0.8458646616541353, 0.6452848252752513, 0.846856528747985, 0.6452848252752513, 0.8488434642280797, 0.6444976076555023], "unary_tran": [{"name": null}], "sim_u4_predicted_ops": [0.526274815103153, 0.5517241379310345, 0.3157709870038637, 0.35101186322400557, 0.577834179357022, 0.2333220453775821, 0.29942857142857143, 0.8381725021349274], "argmax_sim_u4_predicted_ops": 8}}, "binary_analogies_data": {"A : B : C  ::  G : H : ?": {"b1_b2_align_x": 5, "b1_b2_align_y": -2, "sim_b1_b2_trans_b3": [0.3314724354501047, 0.2058951018638925, 0.12910189982728842, 0.15565839293226758, 0.21735820327369623], "b1_b2_tran": [{"name": "unite"}], "sim_b6_predicted_ops": [0.7487943884261289, 0.31234347048300537, 0.37938517179023507, 0.41522988505747127, 0.34633108826657216, 0.25042130097741827, 0.22027358821466153, 0.5136725510557286], "argmax_sim_b6_predicted_ops": 1}, "D : E : F  ::  G : H : ?": {"b1_b2_align_x": -3, "b1_b2_align_y": -6, "sim_b1_b2_trans_b3": [0.3243339253996448, 0.26817917393833623, 0.16606714628297362, 0.16882516188714153, 0.21763754045307443], "b1_b2_tran": [{"name": "unite"}], "sim_b6_predicted_ops": [0.7338744126441692, 0.33786685755189694, 0.36905181529784986, 0.4050455501051156, 0.37114498404820984, 0.2727272727272727, 0.22379310344827585, 0.5005065856129686], "argmax_sim_b6_predicted_ops": 1}, "A : D : G  ::  C : F : ?": {"b1_b2_align_x": 0, "b1_b2_align_y": 3, "sim_b1_b2_trans_b3": [0.5942028985507246, 0.4879743452699091, 0.04505005561735261, 0.09710856519367157, 0.13503253796095444], "b1_b2_tran": [{"name": "unite"}],