{"unary_analogies_data": {"A : B  ::  H : ?": {"sim_u1_trans_u2": [0.1440273037542662, 0.1440273037542662, 0.1440273037542662, 0.1440273037542662, 0.1440273037542662, 0.1448087431693989, 0.1440273037542662, 0.1432469304229195], "unary_tran": [{"name": "mirror_left_right"}, {"name": "rot_binary", "args": {"angle": 90}}], "sim_u4_predicted_ops": [0.1, 0.2187028657616893, 0.1343223736968725, 0.17707618393960192, 0.41631799163179917, 0.7971014492753623, 0.17433516251582945, 0.1680327868852459], "argmax_sim_u4_predicted_ops": 6}, "B : C  ::  H : ?": {"sim_u1_trans_u2": [0.37723424270931327, 0.3740028155795401, 0.3785310734463277, 0.37335834896810505, 0.3785310734463277, 0.37529356505401595, 0.37918040508714085, 0.37529356505401595], "unary_tran": [{"name": "mirror_left_right"}, {"name": "rot_binary", "args": {"angle": 180}}], "sim_u4_predicted_ops": [0.1, 0.22331566994700985, 0.1343223736968725, 0.17707618393960192, 0.44967880085653106, 0.7933884297520661, 0.17433516251582945, 0.1664392905866303], "argmax_sim_u4_predicted_ops": 6}, "D : E  ::  H : ?": {"sim_u1_trans_u2": [0.31033153430994603, 0.31033153430994603, 0.31033153430994603, 0.31033153430994603, 0.31033153430994603, 0.31033153430994603, 0.31033153430994603, 0.31033153430994603], "unary_tran": [{"name": null}], "sim_u4_predicted_ops": [0.09873708381171067, 0.21962264150943397, 0.1343223736968725, 0.1778846153846154, 0.45435016111707843, 0.7678207739307535, 0.17433516251582945, 0.17123287671232876], "argmax_sim_u4_predicted_ops": 6}, "E : F  ::  H : ?": {"sim_u1_trans_u2": [0.13613380007779075, 0.13613380007779075, 0.13613380007779075, 0.13613380007779075, 0.13613380007779075, 0.13613380007779075, 0.13613380007779075, 0.13613380007779075], "unary_tran": [{"name": null}], "sim_u4_predicted_ops": [0.09873708381171067, 0.21962264150943397, 0.1343223736968725, 0.1778846153846154, 0.45435016111707843, 0.7678207739307535, 0.17433516251582945, 0.17123287671232876], "argmax_sim_u4_predicted_ops": 6}, "G : H  ::  H : ?": {"sim_u1_trans_u2": [0.1735256682223165, 0.17302798982188294, 0.1735256682223165, 0.17302798982188294, 0.1735256682223165, 0.17302798982188294, 0.1735256682223165, 0.17302798982188294], "unary_tran": [{"name": null}], "sim_u4_predicted_ops": [0.09873708381171067, 0.21962264150943397, 0.1343223736968725, 0.1778846153846154, 0.45435016111707843, 0.7678207739307535, 0.17433516251582945, 0.17123287671232876], "argmax_sim_u4_predicted_ops": 6}, "A : C  ::  G : ?": {"sim_u1_trans_u2": [0.09640287769784173, 0.09956709956709957, 0.09640287769784173, 0.09956709956709957, 0.09640287769784173, 0.09956709956709957, 0.09640287769784173, 0.09956709956709957], "unary_tran": [{"name": "rot_binary", "args": {"angle": 90}}], "sim_u4_predicted_ops": [0.11150097465886939, 0.4942528735632184, 0.8363141524105754, 0.3891454965357968, 0.3745239102835379, 0.1678646934460888, 0.963056255247691, 0.17328211694408877], "argmax_sim_u4_predicted_ops": 7}, "D : F  ::  G : ?": {"sim_u1_trans_u2": [0.11884550084889643, 0.11884550084889643, 0.11979609175870858, 0.11505922165820642, 0.11694915254237288, 0.11600338696020322, 0.11600338696020322, 0.11884550084889643], "unary_tran": [{"name": "rot_binary", "args": {"angle": 180}}], "sim_u4_predicted_ops": [0.10977033865317244, 0.5064377682403434, 0.8370283936211591, 0.3891454965357968, 0.3745239102835379, 0.16835871404399322, 0.9813559322033898, 0.17982832618025751], "argmax_sim_u4_predicted_ops": 7}, "A : D  ::  F : ?": {"sim_u1_trans_u2": [0.08512269938650306, 0.08678955453149001, 0.08512269938650306, 0.08678955453149001, 0.08512269938650306, 0.08678955453149001, 0.08512269938650306, 0.08678955453149001], "unary_tran": [{"name": "rot_binary", "args": {"angle": 90}}], "sim_u4_predicted_ops": [0.2529960053262317, 0.27388535031847133, 0.1283594063377457, 0.15656909462219196, 0.11314475873544093, 0.17032967032967034, 0.1760204081632653, 0.5422794117647058], "argmax_sim_u4_predicted_ops": 8}, "D : G  ::  F : ?": {"sim_u1_trans_u2": [0.36721728081321475, 0.366060093101989, 0.36721728081321475, 0.366060093101989, 0.36721728081321475, 0.366060093101989, 0.36721728081321475, 0.366060093101989], "unary_tran": [{"name": null}], "sim_u4_predicted_ops": [0.23978919631093545, 0.3256006628003314, 0.1283594063377457, 0.1549966009517335, 0.11592994161801501, 0.16552667578659372, 0.17902813299232737, 0.7406639004149378], "argmax_sim_u4_predicted_ops": 8}, "B : E  ::  F : ?": {"sim_u1_trans_u2": [0.42080745341614906, 0.42080745341614906, 0.42080745341614906, 0.42080745341614906, 0.42080745341614906, 0.42080745341614906, 0.42080745341614906, 0.42080745341614906], "unary_tran": [{"name": null}], "sim_u4_predicted_ops": [0.23978919631093545, 0.3256006628003314, 0.1283594063377457, 0.1549966009517335, 0.11592994161801501, 0.16552667578659372, 0.17902813299232737, 0.7406639004149378], "argmax_sim_u4_predicted_ops": 8}, "E : H  ::  F : ?": {"sim_u1_trans_u2": [0.1352918438345574, 0.1352918438345574, 0.1352918438345574, 0.1352918438345574, 0.1352918438345574, 0.1352918438345574, 0.1352918438345574, 0.1352918438345574], "unary_tran": [{"name": null}], "sim_u4_predicted_ops": [0.23978919631093545, 0.3256006628003314, 0.1283594063377457, 0.1549966009517335, 0.11592994161801501, 0.16552667578659372, 0.17902813299232737, 0.7406639004149378], "argmax_sim_u4_predicted_ops": 8}, "C : F  ::  F : ?": {"sim_u1_trans_u2": [0.09834420471650777, 0.10166079516859587, 0.09834420471650777, 0.10055304172951232, 0.09834420471650777, 0.10166079516859587, 0.09834420471650777, 0.1], "unary_tran": [{"name": "rot_binary", "args": {"angle": 90}}], "sim_u4_predicted_ops": [0.2529960053262317, 0.27388535031847133, 0.1283594063377457, 0.15656909462219196, 0.11314475873544093, 0.17032967032967034, 0.1760204081632653, 0.5422794117647058], "argmax_sim_u4_predicted_ops": 8}, "A : G  ::  C : ?": {"sim_u1_trans_u2": [0.10994152046783626, 0.11384976525821597, 0.10994152046783626, 0.11472200469851214, 0.10994152046783626, 0.11428571428571428, 0.10994152046783626, 0.11428571428571428], "unary_tran": [{"name": "rot_binary", "args": {"angle": 270}}], "sim_u4_predicted_ops": [0.09937590014402305, 0.37546641791044777, 0.6608140462889066, 0.3315858453473132, 0.49029395452024405, 0.20273224043715846, 0.7333614153327717, 0.09784244856999498], "argmax_sim_u4_predicted_ops": 7}, "B : H  ::  C : ?": {"sim_u1_trans_u2": [0.21570121951219512, 0.21108580106302202, 0.21385083713850836, 0.21200607902735563, 0.21941896024464833, 0.21477532368621477, 0.21941896024464833, 0.21385083713850836], "unary_tran": [{"name": "mirror_left_right"}], "sim_u4_predicted_ops": [0.09832134292565947, 0.3799719232569022, 0.6608140462889066, 0.3292629742695159, 0.48125689084895257, 0.20536692223439212, 0.7340918668352296, 0.09839357429718876], "argmax_sim_u4_predicted_ops": 7}}, "binary_analogies_data": {"A : B : C  ::  G : H : ?": {"b1_b2_align_x": 2, "b1_b2_align_y": -1, "sim_b1_b2_trans_b3": [0.3383647798742138, 0.0593900481540931, 0.07290589451913133, 0.3415245737211635, 0.30917874396135264], "b1_b2_tran": [{"name": "backward_subtract"}], "sim_b6_predicted_ops": [0.011494252873563218, 0.005080440304826418, 0.002506265664160401, 0.0046875, 0.007625272331154684, 0.016203703703703703, 0.0025564550489987218, 0.014285714285714285], "argmax_sim_b6_predicted_ops": 6}, "D : E : F  ::  G : H : ?": {"b1_b2_align_x": -2, "b1_b2_align_y": 0, "sim_b1_b2_trans_b3": [0.14693566806242864, 0.11974405850091407, 0.1032258064516129, 0.15763546798029557, 0.17321997874601489], "b1_b2_tran": [{"name": "xor"}], "sim_b6_predicted_ops": [0.10328014184397163, 0.48071495766698025, 0.7196372239747634, 0.37701441899915183, 0.40574768631271313, 0.1887072808320951, 0.8156565656565656, 0.16042780748663102], "argmax_sim_b6_predicted_ops": 7}, "A : D : G  ::  C : F : ?": {"b1_b2_align_x": 18, "b1_b2_align_y": 4, "sim_b1_b2_trans_b3": [0.3192982456140351, 0.04763948497854077, 0.09177972865123703, 0.23047210300429186, 0.2921437031188314], "b1_b2_tran": [{"name": "unite"}],