{"unary_analogies_data": {"A : B  ::  H : ?": {"sim_u1_trans_u2": [0.30388349514563107, 0.26608531699269383, 0.29290012033694346, 0.26967619948002836, 0.3013565891472868, 0.26608531699269383, 0.2925890279114533, 0.26997635933806147], "unary_tran": [{"name": null}], "sim_u4_predicted_ops": [0.4993825635959496, 0.5444444444444444, 0.5896644812957964, 0.470916994411095, 0.634789156626506, 0.6874521805661821, 0.9737460815047022, 0.5259508300063038], "argmax_sim_u4_predicted_ops": 7}, "B : C  ::  H : ?": {"sim_u1_trans_u2": [0.7611168562564633, 0.4325370121130552, 0.7143144755385544, 0.4279724970652356, 0.7563943894389439, 0.42415119585214917, 0.7335097719869706, 0.4284516020801879], "unary_tran": [{"name": null}], "sim_u4_predicted_ops": [0.4993825635959496, 0.5444444444444444, 0.5896644812957964, 0.470916994411095, 0.634789156626506, 0.6874521805661821, 0.9737460815047022, 0.5259508300063038], "argmax_sim_u4_predicted_ops": 7}, "D : E  ::  H : ?": {"sim_u1_trans_u2": [0.7484109083452942, 0.4489379779099405, 0.7303165584415584, 0.44746223052113393, 0.7466202376075379, 0.4462347354138399, 0.7261133603238866, 0.44697098252163586], "unary_tran": [{"name": null}], "sim_u4_predicted_ops": [0.4993825635959496, 0.5444444444444444, 0.5896644812957964, 0.470916994411095, 0.634789156626506, 0.6874521805661821, 0.9737460815047022, 0.5259508300063038], "argmax_sim_u4_predicted_ops": 7}, "E : F  ::  H : ?": {"sim_u1_trans_u2": [0.3374220374220374, 0.2559547051932839, 0.33492425814484333, 0.25939702427564604, 0.3360332294911734, 0.25693630324345446, 0.3360332294911734, 0.25841158059467917], "unary_tran": [{"name": null}], "sim_u4_predicted_ops": [0.4993825635959496, 0.5444444444444444, 0.5896644812957964, 0.470916994411095, 0.634789156626506, 0.6874521805661821, 0.9737460815047022, 0.5259508300063038], "argmax_sim_u4_predicted_ops": 7}, "G : H  ::  H : ?": {"sim_u1_trans_u2": [0.5031969309462916, 0.3008115086683881, 0.49649904519414384, 0.3017718715393134, 0.5012771392081737, 0.3020121838656083, 0.4977702272244638, 0.3008115086683881], "unary_tran": [{"name": null}], "sim_u4_predicted_ops": [0.4993825635959496, 0.5444444444444444, 0.5896644812957964, 0.470916994411095, 0.634789156626506, 0.6874521805661821, 0.9737460815047022, 0.5259508300063038], "argmax_sim_u4_predicted_ops": 7}, "A : C  ::  G : ?": {"sim_u1_trans_u2": [0.3248023304203079, 0.22395232602845058, 0.3182194616977226, 0.22489419007310504, 0.3248023304203079, 0.22395232602845058, 0.316039685820587, 0.22489419007310504], "unary_tran": [{"name": null}], "sim_u4_predicted_ops": [0.6494972296326698, 0.7556472632493484, 0.2878595600676819, 0.8146, 0.7567847524342242, 0.40763628338115204, 0.4930718396930292, 0.8877070975659644], "argmax_sim_u4_predicted_ops": 8}, "D : F  ::  G : ?": {"sim_u1_trans_u2": [0.4715784337643328, 0.26245290916701547, 0.45384429983128466, 0.265897166841553, 0.4669260700389105, 0.26245290916701547, 0.45806139714769156, 0.265897166841553], "unary_tran": [{"name": null}], "sim_u4_predicted_ops": [0.6494972296326698, 0.7556472632493484, 0.2878595600676819, 0.8146, 0.7567847524342242, 0.40763628338115204, 0.4930718396930292, 0.8877070975659644], "argmax_sim_u4_predicted_ops": 8}, "A : D  ::  F : ?": {"sim_u1_trans_u2": [0.39195486877606084, 0.24206609761435763, 0.3774271844660194, 0.24725274725274726, 0.38515987307786187, 0.24206609761435763, 0.38347147732813264, 0.24725274725274726], "unary_tran": [{"name": null}], "sim_u4_predicted_ops": [0.35294117647058826, 0.49259359008887693, 0.3485366780691752, 0.3523809523809524, 0.45921375921375923, 0.862621359223301, 0.7014868471216165, 0.3826752119082076], "argmax_sim_u4_predicted_ops": 6}, "D : G  ::  F : ?": {"sim_u1_trans_u2": [0.7767875647668394, 0.44059821878675853, 0.749234850030606, 0.44059821878675853, 0.7538870703764321, 0.4408403361344538, 0.7542459586658482, 0.4408403361344538], "unary_tran": [{"name": null}], "sim_u4_predicted_ops": [0.35294117647058826, 0.49259359008887693, 0.3485366780691752, 0.3523809523809524, 0.45921375921375923, 0.862621359223301, 0.7014868471216165, 0.3826752119082076], "argmax_sim_u4_predicted_ops": 6}, "B : E  ::  F : ?": {"sim_u1_trans_u2": [0.7094159218457701, 0.4425539379056306, 0.6773404038343871, 0.4410373225862975, 0.7002274136861691, 0.44053249255561394, 0.6811120196238757, 0.4440737489025461], "unary_tran": [{"name": null}], "sim_u4_predicted_ops": [0.35294117647058826, 0.49259359008887693, 0.3485366780691752, 0.3523809523809524, 0.45921375921375923, 0.862621359223301, 0.7014868471216165, 0.3826752119082076], "argmax_sim_u4_predicted_ops": 6}, "E : H  ::  F : ?": {"sim_u1_trans_u2": [0.482962962962963, 0.32808946171341924, 0.47453703703703703, 0.3318760691883672, 0.4813953488372093, 0.3283412322274882, 0.4757792754844145, 0.3318760691883672], "unary_tran": [{"name": null}], "sim_u4_predicted_ops": [0.35294117647058826, 0.49259359008887693, 0.3485366780691752, 0.3523809523809524, 0.45921375921375923, 0.862621359223301, 0.7014868471216165, 0.3826752119082076], "argmax_sim_u4_predicted_ops": 6}, "C : F  ::  F : ?": {"sim_u1_trans_u2": [0.39098055440628876, 0.2479584261321455, 0.39126836333540244, 0.2509767441860465, 0.39155629139072845, 0.24842183438544374, 0.39126836333540244, 0.25051143760461225], "unary_tran": [{"name": "mirror_left_right"}], "sim_u4_predicted_ops": [0.3526082677165354, 0.4970286331712588, 0.3403853418964866, 0.35266100641954856, 0.4613681102362205, 0.862621359223301, 0.6828808446455505, 0.38210374044224016], "argmax_sim_u4_predicted_ops": 6}, "A : G  ::  C : ?": {"sim_u1_trans_u2": [0.2912887576460662, 0.2322866344605475, 0.2855942881142377, 0.23253472921280452, 0.2899283607248209, 0.23129525341914722, 0.2877576777450568, 0.23327961321514906], "unary_tran": [{"name": null}], "sim_u4_predicted_ops": [0.681144712806982, 0.712171052631579, 0.32316691038228534, 0.8714601325567383, 0.8064182194616977, 0.3849853617733166, 0.5222595548089038, 0.9127801332525742], "argmax_sim_u4_predicted_ops": 8}, "B : H  ::  C : ?": {"sim_u1_trans_u2": [0.551316761014029, 0.30605055946954, 0.5358187134502924, 0.30254184748915064, 0.5501721593703885, 0.3028110789582472, 0.5380673499267935, 0.3057799875699192], "unary_tran": [{"name": null}], "sim_u4_predicted_ops": [0.681144712806982, 0.712171052631579, 0.32316691038228534, 0.8714601325567383, 0.8064182194616977, 0.3849853617733166, 0.5222595548089038, 0.9127801332525742], "argmax_sim_u4_predicted_ops": 8}}, "binary_analogies_data": {"A : B : C  ::  G : H : ?": {"b1_b2_align_x": 2, "b1_b2_align_y": 0, "sim_b1_b2_trans_b3": [0.8175302068400574, 0.262505254308533, 0.07548359966358284, 0.5031043046357616, 0.5698105436573312], "b1_b2_tran": [{"name": "unite"}], "sim_b6_predicted_ops": [0.6868458854914837, 0.7330677290836654, 0.32607316557411714, 0.851, 0.7941176470588235, 0.3933729821580289, 0.53154305200341, 0.9249335242380855], "argmax_sim_b6_predicted_ops": 8}, "D : E : F  ::  G : H : ?": {"b1_b2_align_x": 2, "b1_b2_align_y": 0, "sim_b1_b2_trans_b3": [0.3937296416938111, 0.40580435326494874, 0.17513566847557968, 0.1471558120362737, 0.1638747268754552], "b1_b2_tran": [{"name": "intersect"}], "sim_b6_predicted_ops": [0.45443319338108173, 0.5636363636363636, 0.5200617283950617, 0.43324363485820744, 0.5895053979412503, 0.7353303241690603, 0.9031752254018032, 0.4877075015759613], "argmax_sim_b6_predicted_ops": 7}, "A : D : G  ::  C : F : ?": {"b1_b2_align_x": 0, "b1_b2_align_y": 1, "sim_b1_b2_trans_b3": [0.7749069863579992, 0.2918781725888325, 0.0031042128603104213, 0.5282646801051709, 0.5313321647677476], "b1_b2_tran": [{"name": "unite"}], "sim_b6_predicted_ops": [0.6920275192229867, 0.7164148632094732, 0.326095947063689, 0.8869477911646586, 0.7941715916038312, 0.38614270941054807, 0.5149886293156916, 0.9003381738611498], "argmax_sim_b6_predicted_ops": 8}, "B : E : H  ::  C : F : ?": {"b1_b2_align_x": 0, "b1_b2_align_y": 1, "sim_b1_b2_trans_b3": [0.528262676641729, 0.49798792756539234, 0.1068556108770586, 0.18379446640316205, 0.20409410326917202],