{"unary_analogies_data": {"A : B  ::  H : ?": {"sim_u1_trans_u2": [0.2549728752260398, 0.15091210613598674, 0.2527075812274368, 0.14332784184514002, 0.8263157894736842, 0.13957307060755336, 0.8706199460916442, 0.14144736842105263], "unary_tran": [{"name": "mirror_left_right"}, {"name": "rot_binary", "args": {"angle": 180}}], "sim_u4_predicted_ops": [0.13570741097208855, 0.5122349102773246, 0.15797914995990378, 0.33858267716535434, 0.20910075839653305, 0.16490354698195395, 0.47741364038972545, 0.17276166456494324], "argmax_sim_u4_predicted_ops": 2}, "B : C  ::  H : ?": {"sim_u1_trans_u2": [0.49836065573770494, 0.10519951632406288, 0.49836065573770494, 0.10922330097087378, 0.5284280936454849, 0.10386473429951691, 0.48859934853420195, 0.11463414634146342], "unary_tran": [{"name": "mirror_left_right"}], "sim_u4_predicted_ops": [0.13135186960690318, 0.47611464968152867, 0.16264090177133655, 0.35689851767388825, 0.1948608137044968, 0.16129032258064516, 0.5040577096483319, 0.16834170854271358], "argmax_sim_u4_predicted_ops": 7}, "D : E  ::  H : ?": {"sim_u1_trans_u2": [0.2555970149253731, 0.15042735042735042, 0.25092936802973975, 0.14067796610169492, 0.8438356164383561, 0.13490725126475547, 0.8091397849462365, 0.13490725126475547], "unary_tran": [{"name": "mirror_left_right"}], "sim_u4_predicted_ops": [0.13135186960690318, 0.47611464968152867, 0.16264090177133655, 0.35689851767388825, 0.1948608137044968, 0.16129032258064516, 0.5040577096483319, 0.16834170854271358], "argmax_sim_u4_predicted_ops": 7}, "E : F  ::  H : ?": {"sim_u1_trans_u2": [0.5369127516778524, 0.1022864019253911, 0.49673202614379086, 0.1089588377723971, 0.5292153589315526, 0.10096153846153846, 0.49185667752442996, 0.09832134292565947], "unary_tran": [{"name": null}], "sim_u4_predicted_ops": [0.9249592169657422, 0.17639593908629442, 0.19635459817729908, 0.3522727272727273, 0.2768878718535469, 0.17219787100814027, 0.49730700179533216, 0.5097402597402597], "argmax_sim_u4_predicted_ops": 1}, "G : H  ::  H : ?": {"sim_u1_trans_u2": [0.13051823416506717, 0.1359691417550627, 0.1326923076923077, 0.12619502868068833, 0.8787878787878788, 0.840625, 0.8151001540832049, 0.7634730538922155], "unary_tran": [{"name": "mirror_left_right"}], "sim_u4_predicted_ops": [0.13135186960690318, 0.47611464968152867, 0.16264090177133655, 0.35689851767388825, 0.1948608137044968, 0.16129032258064516, 0.5040577096483319, 0.16834170854271358], "argmax_sim_u4_predicted_ops": 7}, "A : C  ::  G : ?": {"sim_u1_trans_u2": [0.5336617405582923, 0.10794780545670225, 0.49919743178170145, 0.10401891252955082, 0.4848966613672496, 0.10271546635182999, 0.4944, 0.10011778563015312], "unary_tran": [{"name": null}], "sim_u4_predicted_ops": [0.1324376199616123, 0.4903536977491961, 0.15890850722311398, 0.3400900900900901, 0.19742489270386265, 0.15913312693498452, 0.5122393472348141, 0.17572692793931732], "argmax_sim_u4_predicted_ops": 7}, "D : F  ::  G : ?": {"sim_u1_trans_u2": [0.5334448160535117, 0.10882708585247884, 0.49592169657422513, 0.10084033613445378, 0.5308848080133556, 0.09688995215311005, 0.49836601307189543, 0.11693057247259439], "unary_tran": [{"name": null}], "sim_u4_predicted_ops": [0.1324376199616123, 0.4903536977491961, 0.15890850722311398, 0.3400900900900901, 0.19742489270386265, 0.15913312693498452, 0.5122393472348141, 0.17572692793931732], "argmax_sim_u4_predicted_ops": 7}, "A : D  ::  F : ?": {"sim_u1_trans_u2": [0.13584288052373159, 0.7051597051597052, 0.13398692810457516, 0.7393483709273183, 0.15091210613598674, 0.24150268336314848, 0.14144736842105263, 0.23707664884135474], "unary_tran": [{"name": "rot_binary", "args": {"angle": 270}}], "sim_u4_predicted_ops": [0.36480186480186483, 0.48303715670436187, 0.17142857142857143, 0.09453197405004633, 0.2665903890160183, 0.15714285714285714, 0.49324932493249324, 0.5049019607843137], "argmax_sim_u4_predicted_ops": 8}, "D : G  ::  F : ?": {"sim_u1_trans_u2": [0.4768740031897927, 0.4935483870967742, 0.43788819875776397, 0.48635634028892455, 0.16331658291457288, 0.17363751584283904, 0.16331658291457288, 0.17215189873417722], "unary_tran": [{"name": "rot_binary", "args": {"angle": 90}}], "sim_u4_predicted_ops": [0.3792697290930506, 0.49755301794453505, 0.16951915240423798, 0.0904893813481071, 0.2768166089965398, 0.15427509293680297, 0.4852282900626679, 0.5324459234608985], "argmax_sim_u4_predicted_ops": 8}, "B : E  ::  F : ?": {"sim_u1_trans_u2": [0.13874788494077833, 0.7757255936675461, 0.14067796610169492, 0.7617801047120419, 0.14261460101867574, 0.24169741697416974, 0.15042735042735042, 0.2532588454376164], "unary_tran": [{"name": "rot_binary", "args": {"angle": 90}}], "sim_u4_predicted_ops": [0.3792697290930506, 0.49755301794453505, 0.16951915240423798, 0.0904893813481071, 0.2768166089965398, 0.15427509293680297, 0.4852282900626679, 0.5324459234608985], "argmax_sim_u4_predicted_ops": 8}, "E : H  ::  F : ?": {"sim_u1_trans_u2": [0.4871382636655949, 0.4729299363057325, 0.4475743348982786, 0.49434571890145396, 0.16940581542351454, 0.1664564943253468, 0.15914786967418545, 0.17385786802030456], "unary_tran": [{"name": "rot_binary", "args": {"angle": 270}}], "sim_u4_predicted_ops": [0.36480186480186483, 0.48303715670436187, 0.17142857142857143, 0.09453197405004633, 0.2665903890160183, 0.15714285714285714, 0.49324932493249324, 0.5049019607843137], "argmax_sim_u4_predicted_ops": 8}, "C : F  ::  F : ?": {"sim_u1_trans_u2": [0.08740601503759399, 0.8163265306122449, 0.09150943396226414, 0.8365079365079365, 0.08740601503759399, 0.8394276629570747, 0.09254013220018886, 0.8163265306122449], "unary_tran": [{"name": "mirror_left_right"}, {"name": "rot_binary", "args": {"angle": 90}}], "sim_u4_predicted_ops": [0.37602820211515864, 0.5249169435215947, 0.1676159479251424, 0.08647654093836246, 0.28125, 0.15356037151702787, 0.48922800718132853, 0.527363184079602], "argmax_sim_u4_predicted_ops": 8}, "A : G  ::  C : ?": {"sim_u1_trans_u2": [0.5015873015873016, 0.4735202492211838, 0.478125, 0.4827586206896552, 0.16934487021013597, 0.17224287484510534, 0.1707920792079208, 0.17224287484510534], "unary_tran": [{"name": null}], "sim_u4_predicted_ops": [0.3644859813084112, 0.4829821717990275, 0.17569786535303777, 0.08771929824561403, 0.30342384887839435, 0.1581569115815691, 0.49458483754512633, 0.5249169435215947], "argmax_sim_u4_predicted_ops": 8}, "B : H  ::  C : ?": {"sim_u1_trans_u2": [0.5382059800664452, 0.5056910569105691, 0.4745222929936306, 0.4887459807073955, 0.16477987421383647, 0.17215189873417722, 0.1751269035532995, 0.17215189873417722], "unary_tran": [{"name": null}], "sim_u4_predicted_ops": [0.3644859813084112, 0.4829821717990275, 0.17569786535303777, 0.08771929824561403, 0.30342384887839435, 0.1581569115815691, 0.49458483754512633, 0.5249169435215947], "argmax_sim_u4_predicted_ops": 8}}, "binary_analogies_data": {"A : B : C  ::  G : H : ?": {"b1_b2_align_x": 1, "b1_b2_align_y": -40, "sim_b1_b2_trans_b3": [0.4178168130489335, 0.2231686541737649, 0.32608695652173914, 0.30574324324324326, 0.2582697201017812], "b1_b2_tran": [{"name": "unite"}], "sim_b6_predicted_ops": [0.5375939849624061, 0.2913165266106443, 0.14320096269554752, 0.23203592814371257, 0.2018348623853211, 0.15076618882847256, 0.3765392093324692, 0.3050847457627119], "argmax_sim_b6_predicted_ops": 1}, "D : E : F  ::  G : H : ?": {"b1_b2_align_x": 42, "b1_b2_align_y": 0, "sim_b1_b2_trans_b3": [0.42893725992317544, 0.23195876288659795, 0.32653061224489793, 0.3114478114478115, 0.2697795071335927], "b1_b2_tran": [{"name": "unite"}], "sim_b6_predicted_ops": [0.53514526710403, 0.2824074074074074, 0.14509331727874775, 0.2532319391634981, 0.196048632218845, 0.152324431256182, 0.3823146944083225, 0.29236499068901306], "argmax_sim_b6_predicted_ops": 1}, "A : D : G  ::  C : F : ?": {"b1_b2_align_x": 0, "b1_b2_align_y": -2, "sim_b1_b2_trans_b3": [0.5566037735849056, 0.13898305084745763, 0.37859424920127793, 0.07288135593220339, 0.435126582278481], "b1_b2_tran": [{"name": "unite"}],