{"unary_analogies_data": {"A : B  ::  H : ?": {"sim_u1_trans_u2": [0.2595289079229122, 0.2573749465583583, 0.2595289079229122, 0.26060865837976854, 0.2611492281303602, 0.26006855184233074, 0.2595289079229122, 0.2584510055626872], "unary_tran": [{"name": "mirror_left_right"}], "sim_u4_predicted_ops": [0.6775378961874139, 0.3731931668856767, 0.2764227642276423, 0.4832798900595511, 0.8502851711026616, 0.5765349032800673, 0.5443599493029151, 0.204911742133538], "argmax_sim_u4_predicted_ops": 5}, "B : C  ::  H : ?": {"sim_u1_trans_u2": [0.5030851501439737, 0.4217898832684825, 0.4380165289256198, 0.39625525410775697, 0.48175182481751827, 0.39359267734553777, 0.45751894694854406, 0.4240062353858145], "unary_tran": [{"name": null}], "sim_u4_predicted_ops": [0.6517412935323383, 0.3391712943186672, 0.2747863247863248, 0.47517084282460137, 0.8934824902723736, 0.6173425366695428, 0.5512412476129853, 0.20352625527021848], "argmax_sim_u4_predicted_ops": 5}, "D : E  ::  H : ?": {"sim_u1_trans_u2": [0.35670419651995905, 0.35809426229508196, 0.3865062761506276, 0.3560102301790281, 0.3546244251405212, 0.3546244251405212, 0.37144335230212105, 0.35879036391594055], "unary_tran": [{"name": "rot_binary", "args": {"angle": 180}}], "sim_u4_predicted_ops": [0.679080459770115, 0.373794916739702, 0.27806341045415595, 0.5011590171534539, 0.8081746400371574, 0.5798567214496418, 0.523125, 0.20722798923490965], "argmax_sim_u4_predicted_ops": 5}, "E : F  ::  H : ?": {"sim_u1_trans_u2": [0.36160249739854317, 0.3468862583633556, 0.3517561983471074, 0.3517561983471074, 0.3623112961998959, 0.3448098663926002, 0.3524547803617571, 0.35525634386328325], "unary_tran": [{"name": "mirror_left_right"}], "sim_u4_predicted_ops": [0.6775378961874139, 0.3731931668856767, 0.2764227642276423, 0.4832798900595511, 0.8502851711026616, 0.5765349032800673, 0.5443599493029151, 0.204911742133538], "argmax_sim_u4_predicted_ops": 5}, "G : H  ::  H : ?": {"sim_u1_trans_u2": [0.4555935098206661, 0.4457167090754877, 0.4693965517241379, 0.45002126754572525, 0.4605826906598115, 0.44449152542372883, 0.4618353344768439, 0.45249254367277375], "unary_tran": [{"name": "rot_binary", "args": {"angle": 180}}], "sim_u4_predicted_ops": [0.679080459770115, 0.373794916739702, 0.27806341045415595, 0.5011590171534539, 0.8081746400371574, 0.5798567214496418, 0.523125, 0.20722798923490965], "argmax_sim_u4_predicted_ops": 5}, "A : C  ::  G : ?": {"sim_u1_trans_u2": [0.10223214285714285, 0.09928762243989314, 0.10075791350869372, 0.09977728285077951, 0.10075791350869372, 0.09977728285077951, 0.09928762243989314, 0.09879839786381843], "unary_tran": [{"name": null}], "sim_u4_predicted_ops": [0.29226475279106856, 0.16859716859716858, 0.5711667684789249, 0.6312752452394691, 0.45751360401841773, 0.44690073688773296, 0.44107200516628997, 0.1865217391304348], "argmax_sim_u4_predicted_ops": 4}, "D : F  ::  G : ?": {"sim_u1_trans_u2": [0.32, 0.3008298755186722, 0.30218068535825543, 0.30218068535825543, 0.321390937829294, 0.30150492994291644, 0.30150492994291644, 0.3069306930693069], "unary_tran": [{"name": "mirror_left_right"}], "sim_u4_predicted_ops": [0.29072082835523694, 0.15964240102171137, 0.5410425404433793, 0.6200573065902579, 0.46610526315789474, 0.43941354031910307, 0.4420032310177706, 0.17934312878133102], "argmax_sim_u4_predicted_ops": 4}, "A : D  ::  F : ?": {"sim_u1_trans_u2": [0.23151862464183381, 0.22870211549456831, 0.23222477064220184, 0.23293172690763053, 0.23222477064220184, 0.2294050343249428, 0.23151862464183381, 0.23010875787063537], "unary_tran": [{"name": "rot_binary", "args": {"angle": 270}}], "sim_u4_predicted_ops": [0.12627599243856333, 0.17126546146527116, 0.1827956989247312, 0.15436543654365437, 0.18469462840323767, 0.23982265215638857, 0.36884978820462694, 0.7434628975265017], "argmax_sim_u4_predicted_ops": 8}, "D : G  ::  F : ?": {"sim_u1_trans_u2": [0.5466219988833054, 0.5337763012181617, 0.5649717514124294, 0.5623237450648618, 0.565856416054268, 0.5596846846846847, 0.5440356744704571, 0.538034425319267], "unary_tran": [{"name": "mirror_left_right"}], "sim_u4_predicted_ops": [0.1271282633371169, 0.1870781099324976, 0.17497456765005087, 0.15853658536585366, 0.18950868119689693, 0.24232633279483037, 0.36662329212752115, 0.7521306818181818], "argmax_sim_u4_predicted_ops": 8}, "B : E  ::  F : ?": {"sim_u1_trans_u2": [0.3523173605655931, 0.3539127015336217, 0.35872138910812945, 0.35872138910812945, 0.3517864153906557, 0.35764984227129337, 0.3597946287519747, 0.354978354978355], "unary_tran": [{"name": "mirror_left_right"}, {"name": "rot_binary", "args": {"angle": 180}}], "sim_u4_predicted_ops": [0.12627599243856333, 0.1830850552618933, 0.18219037871033777, 0.15436543654365437, 0.1961367013372957, 0.24232633279483037, 0.3778287963266645, 0.7659269863994274], "argmax_sim_u4_predicted_ops": 8}, "E : H  ::  F : ?": {"sim_u1_trans_u2": [0.2756882512601784, 0.2727272727272727, 0.27076091154886056, 0.2722351121423047, 0.2722351121423047, 0.27420604182804026, 0.27076091154886056, 0.2697800077190274], "unary_tran": [{"name": null}], "sim_u4_predicted_ops": [0.1271282633371169, 0.18422318422318423, 0.18522319138019497, 0.15592609283461017, 0.18906942392909898, 0.2433306386418755, 0.37332461588754495, 0.7902757619738752], "argmax_sim_u4_predicted_ops": 8}, "C : F  ::  F : ?": {"sim_u1_trans_u2": [0.4311740890688259, 0.4006934125804854, 0.4340770791075051, 0.42684157416750756, 0.42612203731719617, 0.4097706879361914, 0.44212136664966856, 0.4125874125874126], "unary_tran": [{"name": "mirror_left_right"}, {"name": "rot_binary", "args": {"angle": 180}}], "sim_u4_predicted_ops": [0.12627599243856333, 0.1830850552618933, 0.18219037871033777, 0.15436543654365437, 0.1961367013372957, 0.24232633279483037, 0.3778287963266645, 0.7659269863994274], "argmax_sim_u4_predicted_ops": 8}, "A : G  ::  C : ?": {"sim_u1_trans_u2": [0.40318772136953956, 0.39413489736070384, 0.3998822143698469, 0.4007071302298173, 0.4023598820058997, 0.39905826957033547, 0.4023598820058997, 0.39331770222743256], "unary_tran": [{"name": null}], "sim_u4_predicted_ops": [0.3332, 0.31220876048462254, 0.12690355329949238, 0.13978914486528699, 0.2448624172762104, 0.26896041435442103, 0.4328405158854986, 0.3944636678200692], "argmax_sim_u4_predicted_ops": 7}, "B : H  ::  C : ?": {"sim_u1_trans_u2": [0.540519581233036, 0.49698568198944987, 0.49585843373493976, 0.49981124952812384, 0.5043544112078758, 0.5049242424242424, 0.5351622874806801, 0.4941707408800301], "unary_tran": [{"name": null}], "sim_u4_predicted_ops": [0.3332, 0.31220876048462254, 0.12690355329949238, 0.13978914486528699, 0.2448624172762104, 0.26896041435442103, 0.4328405158854986, 0.3944636678200692], "argmax_sim_u4_predicted_ops": 7}}, "binary_analogies_data": {"A : B : C  ::  G : H : ?": {"b1_b2_align_x": 6, "b1_b2_align_y": 0, "sim_b1_b2_trans_b3": [0.31450577663671375, 0.07960687960687961, 0.13114754098360656, 0.3098507462686567, 0.4246100519930676], "b1_b2_tran": [{"name": "xor"}], "sim_b6_predicted_ops": [0.27823240589198034, 0.40766738660907126, 0.18541767262192177, 0.15762494660401538, 0.3237608182533438, 0.3901596892533448, 0.328239608801956, 0.17923250564334087], "argmax_sim_b6_predicted_ops": 2}, "D : E : F  ::  G : H : ?": {"b1_b2_align_x": 9, "b1_b2_align_y": 1, "sim_b1_b2_trans_b3": [0.5683382497541789, 0.20348475420037337, 0.3424759080800593, 0.399708242159008, 0.6810519217801754], "b1_b2_tran": [{"name": "xor"}], "sim_b6_predicted_ops": [0.34318766066838047, 0.5639187574671446, 0.1970873786407767, 0.1267080745341615, 0.32965734541157937, 0.4859770114942529, 0.3235115431348724, 0.1601061477222468], "argmax_sim_b6_predicted_ops": 2}, "A : D : G  ::  C : F : ?": {"b1_b2_align_x": -2, "b1_b2_align_y": 4, "sim_b1_b2_trans_b3": [0.6675632060247445, 0.1575425790754258, 0.27537168713639304, 0.3682266009852217, 0.572928821470245], "b1_b2_tran": [{"name": "unite"}],