{"unary_analogies_data": {"A : B  ::  H : ?": {"sim_u1_trans_u2": [0.26156941649899396, 0.18525519848771266, 0.35714285714285715, 0.39955357142857145, 0.2577733199598796, 0.22103213242453748, 0.615979381443299, 0.22700587084148727], "unary_tran": [{"name": "mirror_left_right"}, {"name": "rot_binary", "args": {"angle": 180}}], "sim_u4_predicted_ops": [0.535181236673774, 0.3416206261510129, 0.2772772772772773, 0.4551665243381725, 0.12102772143340094, 0.5667330677290837, 0.5829145728643216, 0.2930513595166163], "argmax_sim_u4_predicted_ops": 7}, "B : C  ::  H : ?": {"sim_u1_trans_u2": [0.5138613861386139, 0.2232, 0.6077812828601472, 0.19266770670826833, 0.25020441537203597, 0.23008849557522124, 0.2968617472434266, 0.2678275290215589], "unary_tran": [{"name": "rot_binary", "args": {"angle": 180}}], "sim_u4_predicted_ops": [0.5406562054208274, 0.35032437442076, 0.279839518555667, 0.4551665243381725, 0.11951384199864956, 0.275750202757502, 0.2888707037643208, 0.2956609485368315], "argmax_sim_u4_predicted_ops": 1}, "D : E  ::  H : ?": {"sim_u1_trans_u2": [0.4675105485232067, 0.1270252754374595, 0.411525974025974, 0.35120435120435123, 0.6932814021421616, 0.22292545710267228, 0.2412562455389008, 0.21269177126917713], "unary_tran": [{"name": "mirror_left_right"}], "sim_u4_predicted_ops": [0.535181236673774, 0.3528319405756732, 0.2837022132796781, 0.4589041095890411, 0.12102772143340094, 0.560515873015873, 0.5781563126252505, 0.28786359077231694], "argmax_sim_u4_predicted_ops": 7}, "E : F  ::  H : ?": {"sim_u1_trans_u2": [0.40709459459459457, 0.18156028368794327, 0.4288164665523156, 0.16585024492652203, 0.43496985357450474, 0.1823988644428673, 0.4154630416312659, 0.16585024492652203], "unary_tran": [{"name": "mirror_left_right"}], "sim_u4_predicted_ops": [0.535181236673774, 0.3528319405756732, 0.2837022132796781, 0.4589041095890411, 0.12102772143340094, 0.560515873015873, 0.5781563126252505, 0.28786359077231694], "argmax_sim_u4_predicted_ops": 7}, "G : H  ::  H : ?": {"sim_u1_trans_u2": [0.3197879858657244, 0.20776071139854488, 0.31514084507042256, 0.2087378640776699, 0.103397341211226, 0.2639593908629442, 0.103397341211226, 0.2607594936708861], "unary_tran": [{"name": null}], "sim_u4_predicted_ops": [0.535181236673774, 0.354089219330855, 0.279839518555667, 0.4614065180102916, 0.11951384199864956, 0.275750202757502, 0.28466557911908646, 0.28786359077231694], "argmax_sim_u4_predicted_ops": 1}, "A : C  ::  G : ?": {"sim_u1_trans_u2": [0.35173160173160173, 0.2415506958250497, 0.2770961145194274, 0.2090997095837367, 0.3590859630032644, 0.18613485280151948, 0.28234086242299794, 0.2209188660801564], "unary_tran": [{"name": "mirror_left_right"}], "sim_u4_predicted_ops": [0.4848260547742413, 0.3861702127659574, 0.25925925925925924, 0.3728963684676705, 0.3874538745387454, 0.557628979143798, 0.5117021276595745, 0.3231850117096019], "argmax_sim_u4_predicted_ops": 6}, "D : F  ::  G : ?": {"sim_u1_trans_u2": [0.2247585601404741, 0.2236842105263158, 0.209887250650477, 0.20466321243523317, 0.48720682302771856, 0.18723404255319148, 0.5296052631578947, 0.16541353383458646], "unary_tran": [{"name": "mirror_left_right"}, {"name": "rot_binary", "args": {"angle": 180}}], "sim_u4_predicted_ops": [0.48813056379821956, 0.39060832443970117, 0.3246753246753247, 0.374113475177305, 0.3735159817351598, 0.478125, 0.5412147505422994, 0.25555555555555554], "argmax_sim_u4_predicted_ops": 7}, "A : D  ::  F : ?": {"sim_u1_trans_u2": [0.34175824175824177, 0.4675480769230769, 0.2523076923076923, 0.19005847953216373, 0.625832223701731, 0.23208879919273462, 0.2523076923076923, 0.2345803842264914], "unary_tran": [{"name": "mirror_left_right"}], "sim_u4_predicted_ops": [0.44920174165457183, 0.3913978494623656, 0.25904977375565613, 0.34938704028021017, 0.35294117647058826, 0.2218370883882149, 0.21201716738197424, 0.2855504587155963], "argmax_sim_u4_predicted_ops": 1}, "D : G  ::  F : ?": {"sim_u1_trans_u2": [0.5793025871766029, 0.21243523316062177, 0.4983991462113127, 0.16514522821576763, 0.2082616179001721, 0.25806451612903225, 0.25245316681534347, 0.2103448275862069], "unary_tran": [{"name": null}], "sim_u4_predicted_ops": [0.44187725631768954, 0.3854389721627409, 0.2852193995381062, 0.34820647419072615, 0.3541666666666667, 0.5, 0.5297941495124594, 0.25672645739910316], "argmax_sim_u4_predicted_ops": 7}, "B : E  ::  F : ?": {"sim_u1_trans_u2": [0.416466826538769, 0.31845238095238093, 0.4778982485404504, 0.13444302176696543, 0.2675250357653791, 0.20626276378488767, 0.7220602526724975, 0.21786941580756014], "unary_tran": [{"name": "mirror_left_right"}, {"name": "rot_binary", "args": {"angle": 180}}], "sim_u4_predicted_ops": [0.44710144927536233, 0.3913978494623656, 0.28968713789107764, 0.34820647419072615, 0.35049683830171635, 0.2071917808219178, 0.23642732049036777, 0.2609673790776153], "argmax_sim_u4_predicted_ops": 1}, "E : H  ::  F : ?": {"sim_u1_trans_u2": [0.4632, 0.2484641638225256, 0.47144006436041835, 0.24676209952283573, 0.46907630522088356, 0.2433718558803535, 0.46907630522088356, 0.24591280653950953], "unary_tran": [{"name": "rot_binary", "args": {"angle": 180}}], "sim_u4_predicted_ops": [0.44396240057845265, 0.3913978494623656, 0.2619047619047619, 0.34938704028021017, 0.35909090909090907, 0.5409836065573771, 0.4989384288747346, 0.2899884925201381], "argmax_sim_u4_predicted_ops": 6}, "C : F  ::  F : ?": {"sim_u1_trans_u2": [0.33866415804327377, 0.18880534670008353, 0.337406015037594, 0.1731244847485573, 0.10224632068164213, 0.23310225303292895, 0.10395655546935609, 0.215200683176772], "unary_tran": [{"name": null}], "sim_u4_predicted_ops": [0.44187725631768954, 0.3854389721627409, 0.2852193995381062, 0.34820647419072615, 0.3541666666666667, 0.5, 0.5297941495124594, 0.25672645739910316], "argmax_sim_u4_predicted_ops": 7}, "A : G  ::  C : ?": {"sim_u1_trans_u2": [0.2589771490750816, 0.256243213897937, 0.2884187082405345, 0.2064650677789364, 0.2941834451901566, 0.256243213897937, 0.24946004319654427, 0.2064650677789364], "unary_tran": [{"name": "mirror_left_right"}], "sim_u4_predicted_ops": [0.492176386913229, 0.35964912280701755, 0.29148936170212764, 0.40461933276304535, 0.12632321806633734, 0.29035012809564475, 0.29982817869415807, 0.3111587982832618], "argmax_sim_u4_predicted_ops": 1}, "B : H  ::  C : ?": {"sim_u1_trans_u2": [0.2851373182552504, 0.26671974522292996, 0.27893890675241156, 0.2637013502779984, 0.5644051130776795, 0.22384615384615383, 0.549172346640701, 0.2229054573405073], "unary_tran": [{"name": "mirror_left_right"}], "sim_u4_predicted_ops": [0.492176386913229, 0.35964912280701755, 0.29148936170212764, 0.40461933276304535, 0.12632321806633734, 0.29035012809564475, 0.29982817869415807, 0.3111587982832618], "argmax_sim_u4_predicted_ops": 1}}, "binary_analogies_data": {"A : B : C  ::  G : H : ?": {"b1_b2_align_x": 5, "b1_b2_align_y": -1, "sim_b1_b2_trans_b3": [0.729064039408867, 0.11450381679389313, 0.2928104575163399, 0.49176470588235294, 0.740395809080326], "b1_b2_tran": [{"name": "xor"}], "sim_b6_predicted_ops": [0.47424135497529996, 0.09565217391304348, 0.38985005767012687, 0.6395582329317269, 0.23501945525291829, 0.2685810810810811, 0.296551724137931, 0.33150384193194293], "argmax_sim_b6_predicted_ops": 4}, "D : E : F  ::  G : H : ?": {"b1_b2_align_x": 5, "b1_b2_align_y": 0, "sim_b1_b2_trans_b3": [0.5250212044105174, 0.10254083484573502, 0.21007194244604316, 0.5178316690442225, 0.6856368563685636], "b1_b2_tran": [{"name": "xor"}], "sim_b6_predicted_ops": [0.5021428571428571, 0.0736196319018405, 0.38680318543799774, 0.7228033472803347, 0.23343605546995377, 0.3080241587575496, 0.3445527015057573, 0.33514689880304677], "argmax_sim_b6_predicted_ops": 4}, "A : D : G  ::  C : F : ?": {"b1_b2_align_x": 1, "b1_b2_align_y": -3, "sim_b1_b2_trans_b3": [0.7044228694714132, 0.11350737797956867, 0.2314410480349345, 0.612094395280236, 0.7723463687150838], "b1_b2_tran": [{"name": "xor"}],