{"unary_analogies_data": {"A : B  ::  H : ?": {"sim_u1_trans_u2": [0.19506726457399104, 0.20953101361573373, 0.18620178041543026, 0.20497362471740768, 0.18973214285714285, 0.20135236664162284, 0.18007380073800738, 0.1968562874251497], "unary_tran": [{"name": "rot_binary", "args": {"angle": 90}}], "sim_u4_predicted_ops": [0.1627014581734459, 0.3390970220941403, 0.14755114693118412, 0.3113879003558719, 0.31894934333958724, 0.33940556088207097, 0.19051446945337622, 0.2354948805460751], "argmax_sim_u4_predicted_ops": 6}, "B : C  ::  H : ?": {"sim_u1_trans_u2": [0.4701492537313433, 0.37077534791252487, 0.33624031007751937, 0.3323671497584541, 0.385929648241206, 0.3466796875, 0.3108365019011407, 0.30340264650283555], "unary_tran": [{"name": null}], "sim_u4_predicted_ops": [0.1744186046511628, 0.4152284263959391, 0.15977443609022557, 0.7199533255542591, 0.29704797047970477, 0.3229166666666667, 0.1810207336523126, 0.23654995730145176], "argmax_sim_u4_predicted_ops": 4}, "D : E  ::  H : ?": {"sim_u1_trans_u2": [0.6356382978723404, 0.35911602209944754, 0.5708812260536399, 0.34133042529989094, 0.5728900255754475, 0.34573304157549234, 0.6248348745046235, 0.34720700985761227], "unary_tran": [{"name": null}], "sim_u4_predicted_ops": [0.1744186046511628, 0.4152284263959391, 0.15977443609022557, 0.7199533255542591, 0.29704797047970477, 0.3229166666666667, 0.1810207336523126, 0.23654995730145176], "argmax_sim_u4_predicted_ops": 4}, "E : F  ::  H : ?": {"sim_u1_trans_u2": [0.539906103286385, 0.3133133133133133, 0.3106893106893107, 0.2964426877470356, 0.28627450980392155, 0.32659251769464104, 0.5291375291375291, 0.3185929648241206], "unary_tran": [{"name": null}], "sim_u4_predicted_ops": [0.1744186046511628, 0.4152284263959391, 0.15977443609022557, 0.7199533255542591, 0.29704797047970477, 0.3229166666666667, 0.1810207336523126, 0.23654995730145176], "argmax_sim_u4_predicted_ops": 4}, "G : H  ::  H : ?": {"sim_u1_trans_u2": [0.1966374269005848, 0.2134914751667902, 0.21079881656804733, 0.21079881656804733, 0.2001466275659824, 0.20279206465833946, 0.21800595238095238, 0.19838945827232796], "unary_tran": [{"name": "mirror_left_right"}, {"name": "rot_binary", "args": {"angle": 180}}], "sim_u4_predicted_ops": [0.17990654205607476, 0.41236068895643363, 0.16050156739811913, 0.25982905982905985, 0.28401826484018267, 0.35631067961165047, 0.18860353130016053, 0.22400676246830092], "argmax_sim_u4_predicted_ops": 2}, "A : C  ::  G : ?": {"sim_u1_trans_u2": [0.2914622178606477, 0.2839024390243902, 0.25692454632282713, 0.28515625, 0.27643064985451016, 0.2889324191968658, 0.25933014354066986, 0.2789115646258503], "unary_tran": [{"name": null}], "sim_u4_predicted_ops": [0.15438108484005564, 0.24213075060532688, 0.143184421534937, 0.20014825796886582, 0.26612244897959186, 0.23261390887290168, 0.10762942779291552, 0.16874541452677916], "argmax_sim_u4_predicted_ops": 5}, "D : F  ::  G : ?": {"sim_u1_trans_u2": [0.45010183299389, 0.2680320569902048, 0.42685370741482964, 0.2657777777777778, 0.4340382678751259, 0.26916221033868093, 0.45901639344262296, 0.2669039145907473], "unary_tran": [{"name": "mirror_left_right"}, {"name": "rot_binary", "args": {"angle": 180}}], "sim_u4_predicted_ops": [0.15038115038115038, 0.2431340872374798, 0.1451520367183018, 0.25503875968992246, 0.26819296811120197, 0.23261390887290168, 0.11293634496919917, 0.19325842696629214], "argmax_sim_u4_predicted_ops": 5}, "A : D  ::  F : ?": {"sim_u1_trans_u2": [0.21229991575400167, 0.40940254652301666, 0.21639898562975485, 0.388996138996139, 0.22363945578231292, 0.40940254652301666, 0.20721476510067113, 0.36657169990503324], "unary_tran": [{"name": "rot_binary", "args": {"angle": 90}}], "sim_u4_predicted_ops": [0.21371610845295055, 0.3081232492997199, 0.20414776409591703, 0.26473099914602904, 0.2764227642276423, 0.296398891966759, 0.15527950310559005, 0.1985172981878089], "argmax_sim_u4_predicted_ops": 2}, "D : G  ::  F : ?": {"sim_u1_trans_u2": [0.2688870836718115, 0.23575949367088608, 0.25967741935483873, 0.21745908028059235, 0.2586623690572119, 0.2270227808326787, 0.2688870836718115, 0.23478260869565218], "unary_tran": [{"name": null}], "sim_u4_predicted_ops": [0.20889594916600476, 0.28768382352941174, 0.2088484059856864, 0.25721561969439727, 0.43597560975609756, 0.30241187384044527, 0.13501144164759726, 0.37134778510838834], "argmax_sim_u4_predicted_ops": 5}, "B : E  ::  F : ?": {"sim_u1_trans_u2": [0.33014354066985646, 0.3051643192488263, 0.2858464384828862, 0.2930232558139535, 0.301498127340824, 0.28703703703703703, 0.301498127340824, 0.2858464384828862], "unary_tran": [{"name": null}], "sim_u4_predicted_ops": [0.20889594916600476, 0.28768382352941174, 0.2088484059856864, 0.25721561969439727, 0.43597560975609756, 0.30241187384044527, 0.13501144164759726, 0.37134778510838834], "argmax_sim_u4_predicted_ops": 5}, "E : H  ::  F : ?": {"sim_u1_trans_u2": [0.3343558282208589, 0.36506276150627615, 0.35233160621761656, 0.3942307692307692, 0.34953464322647365, 0.36506276150627615, 0.37658227848101267, 0.35796045785639957], "unary_tran": [{"name": "rot_binary", "args": {"angle": 270}}], "sim_u4_predicted_ops": [0.21857485988791034, 0.32922201138519924, 0.21358589157413455, 0.27233676975945015, 0.26160714285714287, 0.30604651162790697, 0.15081206496519722, 0.19360131255127153], "argmax_sim_u4_predicted_ops": 2}, "C : F  ::  F : ?": {"sim_u1_trans_u2": [0.3651626442812172, 0.3651626442812172, 0.3637316561844864, 0.3495850622406639, 0.3509865005192108, 0.362303664921466, 0.3537981269510926, 0.34262125902992774], "unary_tran": [{"name": null}], "sim_u4_predicted_ops": [0.20889594916600476, 0.28768382352941174, 0.2088484059856864, 0.25721561969439727, 0.43597560975609756, 0.30241187384044527, 0.13501144164759726, 0.37134778510838834], "argmax_sim_u4_predicted_ops": 5}, "A : G  ::  C : ?": {"sim_u1_trans_u2": [0.17576187101346563, 0.24830699774266365, 0.2047930283224401, 0.18584703359542531, 0.17659574468085107, 0.23898431665421957, 0.21627565982404692, 0.19438444924406048], "unary_tran": [{"name": "rot_binary", "args": {"angle": 90}}], "sim_u4_predicted_ops": [0.20604395604395603, 0.45145631067961167, 0.16326530612244897, 0.37945945945945947, 0.3837342497136312, 0.41725768321513, 0.16742493175614195, 0.24875124875124874], "argmax_sim_u4_predicted_ops": 2}, "B : H  ::  C : ?": {"sim_u1_trans_u2": [0.43103448275862066, 0.3387096774193548, 0.2915642915642916, 0.34786324786324785, 0.41308243727598565, 0.3421276595744681, 0.2852485737571312, 0.3387096774193548], "unary_tran": [{"name": null}], "sim_u4_predicted_ops": [0.1779964221824687, 0.4238095238095238, 0.15352407536636428, 0.5618115055079559, 0.3837342497136312, 0.4820766378244747, 0.1781450872359963, 0.22189638318670576], "argmax_sim_u4_predicted_ops": 4}}, "binary_analogies_data": {"A : B : C  ::  G : H : ?": {"b1_b2_align_x": -10, "b1_b2_align_y": -8, "sim_b1_b2_trans_b3": [0.36370209689081706, 0.4094076655052265, 0.10935856992639327, 0.22587719298245615, 0.19749447310243184], "b1_b2_tran": [{"name": "intersect"}], "sim_b6_predicted_ops": [0.045, 0.08497723823975721, 0.028070175438596492, 0.08458390177353342, 0.04454022988505747, 0.0637037037037037, 0.044270833333333336, 0.05486968449931413], "argmax_sim_b6_predicted_ops": 2}, "D : E : F  ::  G : H : ?": {"b1_b2_align_x": 1, "b1_b2_align_y": 0, "sim_b1_b2_trans_b3": [0.47544204322200395, 0.4777911164465786, 0.09237875288683603, 0.07922077922077922, 0.09753483386923902], "b1_b2_tran": [{"name": "intersect"}], "sim_b6_predicted_ops": [0.06447688564476886, 0.0975254730713246, 0.04306632213608958, 0.13161465400271372, 0.09116809116809117, 0.08452722063037249, 0.06186868686868687, 0.05897771952817824], "argmax_sim_b6_predicted_ops": 4}, "A : D : G  ::  C : F : ?": {"b1_b2_align_x": 1, "b1_b2_align_y": -8, "sim_b1_b2_trans_b3": [0.24294871794871795, 0.1735112936344969, 0.10093896713615023, 0.1480392156862745, 0.14218009478672985], "b1_b2_tran": [{"name": "unite"}],