{"unary_analogies_data": {"A : B  ::  H : ?": {"sim_u1_trans_u2": [0.1606425702811245, 0.15831663326653306, 0.16180904522613065, 0.1606425702811245, 0.1606425702811245, 0.1606425702811245, 0.16297786720321933, 0.15831663326653306], "unary_tran": [{"name": "mirror_left_right"}, {"name": "rot_binary", "args": {"angle": 180}}], "sim_u4_predicted_ops": [0.3435448577680525, 0.8604488078541375, 0.46017250126839165, 0.32647943831494486, 0.15290231241151486, 0.5683972911963883, 0.5168975069252078, 0.14194184327254805], "argmax_sim_u4_predicted_ops": 2}, "B : C  ::  H : ?": {"sim_u1_trans_u2": [0.47393822393822393, 0.4725168756027001, 0.4460227272727273, 0.4668587896253602, 0.4668587896253602, 0.47109826589595377, 0.4460227272727273, 0.4654510556621881], "unary_tran": [{"name": null}], "sim_u4_predicted_ops": [0.34550766983199416, 0.8539482879105521, 0.4535353535353535, 0.317887394120578, 0.15562913907284767, 0.5606469002695418, 0.5052226498075866, 0.14081733136386015], "argmax_sim_u4_predicted_ops": 2}, "D : E  ::  H : ?": {"sim_u1_trans_u2": [0.18632075471698112, 0.18632075471698112, 0.18912529550827423, 0.18352941176470589, 0.1872541306058222, 0.18260188087774296, 0.18818897637795276, 0.18632075471698112], "unary_tran": [{"name": "rot_binary", "args": {"angle": 180}}], "sim_u4_predicted_ops": [0.35043988269794724, 0.9017921146953405, 0.4873385012919897, 0.3238238238238238, 0.15290231241151486, 0.5474387527839644, 0.5185801442041043, 0.14025590551181102], "argmax_sim_u4_predicted_ops": 2}, "E : F  ::  H : ?": {"sim_u1_trans_u2": [0.5262803234501348, 0.51, 0.5366350067842606, 0.5140374331550802, 0.52834008097166, 0.5120160213618158, 0.5376782077393075, 0.5140374331550802], "unary_tran": [{"name": "mirror_left_right"}, {"name": "rot_binary", "args": {"angle": 180}}], "sim_u4_predicted_ops": [0.3435448577680525, 0.8604488078541375, 0.46017250126839165, 0.32647943831494486, 0.15290231241151486, 0.5683972911963883, 0.5168975069252078, 0.14194184327254805], "argmax_sim_u4_predicted_ops": 2}, "G : H  ::  H : ?": {"sim_u1_trans_u2": [0.1532916866890918, 0.15273775216138327, 0.1510791366906475, 0.15273775216138327, 0.15273775216138327, 0.15163147792706333, 0.15273775216138327, 0.15273775216138327], "unary_tran": [{"name": null}], "sim_u4_predicted_ops": [0.34550766983199416, 0.8539482879105521, 0.4535353535353535, 0.317887394120578, 0.15562913907284767, 0.5606469002695418, 0.5052226498075866, 0.14081733136386015], "argmax_sim_u4_predicted_ops": 2}, "A : C  ::  G : ?": {"sim_u1_trans_u2": [0.5887404580152672, 0.1935483870967742, 0.18421052631578946, 0.18843683083511778, 0.5887404580152672, 0.1875891583452211, 0.18421052631578946, 0.18928571428571428], "unary_tran": [{"name": null}], "sim_u4_predicted_ops": [0.24639769452449567, 0.15391923990498813, 0.24894117647058825, 0.38739255014326646, 0.8522537562604341, 0.4732547597461469, 0.32525039536109646, 0.4615921787709497], "argmax_sim_u4_predicted_ops": 5}, "D : F  ::  G : ?": {"sim_u1_trans_u2": [0.4006779661016949, 0.14333148865522966, 0.16921335597057158, 0.14333148865522966, 0.40831629175187456, 0.146503884572697, 0.16987542468856173, 0.14396456256921372], "unary_tran": [{"name": "mirror_left_right"}], "sim_u4_predicted_ops": [0.24281609195402298, 0.15391923990498813, 0.24659464537341474, 0.38421955403087477, 0.8025995125913891, 0.4633048176497073, 0.3315677966101695, 0.47394366197183097], "argmax_sim_u4_predicted_ops": 5}, "A : D  ::  F : ?": {"sim_u1_trans_u2": [0.20221606648199447, 0.1944954128440367, 0.7690217391304348, 0.19012797074954296, 0.20221606648199447, 0.1934005499541705, 0.7983425414364641, 0.19121683440073192], "unary_tran": [{"name": "mirror_left_right"}, {"name": "rot_binary", "args": {"angle": 180}}], "sim_u4_predicted_ops": [0.503577106518283, 0.4956521739130435, 0.5586387434554974, 0.32752781809385584, 0.33019361590790164, 0.5178419711129991, 0.4900210084033613, 0.32166301969365424], "argmax_sim_u4_predicted_ops": 3}, "D : G  ::  F : ?": {"sim_u1_trans_u2": [0.5590339892665475, 0.18571428571428572, 0.5064822817631807, 0.1849082256968049, 0.5493333333333333, 0.18089430894308944, 0.493573264781491, 0.18169491525423728], "unary_tran": [{"name": null}], "sim_u4_predicted_ops": [0.33251144769284957, 0.503003823047515, 0.5651945320715037, 0.21415929203539824, 0.33228511530398325, 0.5719313682358117, 0.8989290495314591, 0.1796875], "argmax_sim_u4_predicted_ops": 7}, "B : E  ::  F : ?": {"sim_u1_trans_u2": [0.11174551386623165, 0.1162981162981163, 0.11174551386623165, 0.1162981162981163, 0.11083944580277098, 0.11721311475409836, 0.11174551386623165, 0.1162981162981163], "unary_tran": [{"name": "mirror_left_right"}, {"name": "rot_binary", "args": {"angle": 90}}], "sim_u4_predicted_ops": [0.3204188481675393, 0.4553146483342147, 0.5440871369294605, 0.19045553145336225, 0.17305029995385326, 0.3575227963525836, 0.4379118094272681, 0.15875299760191847], "argmax_sim_u4_predicted_ops": 3}, "E : H  ::  F : ?": {"sim_u1_trans_u2": [0.5833333333333334, 0.5582733812949641, 0.5593952483801296, 0.5482487491065047, 0.5833333333333334, 0.5560344827586207, 0.5616438356164384, 0.5482487491065047], "unary_tran": [{"name": null}], "sim_u4_predicted_ops": [0.33251144769284957, 0.503003823047515, 0.5651945320715037, 0.21415929203539824, 0.33228511530398325, 0.5719313682358117, 0.8989290495314591, 0.1796875], "argmax_sim_u4_predicted_ops": 7}, "C : F  ::  F : ?": {"sim_u1_trans_u2": [0.1711668273866924, 0.18603515625, 0.31724511930585686, 0.18661455788959452, 0.17456479690522245, 0.19302554027504912, 0.31724511930585686, 0.18952007835455437], "unary_tran": [{"name": "rot_binary", "args": {"angle": 180}}], "sim_u4_predicted_ops": [0.5, 0.48116254036598494, 0.5377066115702479, 0.3192307692307692, 0.323269130661114, 0.500629987400252, 0.48534031413612566, 0.3223864258347017], "argmax_sim_u4_predicted_ops": 3}, "A : G  ::  C : ?": {"sim_u1_trans_u2": [0.5518783542039356, 0.18430034129692832, 0.4969801553062985, 0.1778682959945689, 0.5491071428571429, 0.18268575323790048, 0.5100087032201914, 0.17866847826086957], "unary_tran": [{"name": null}], "sim_u4_predicted_ops": [0.25277161862527714, 0.298293891029169, 0.2131455399061033, 0.6509831460674157, 0.48822714681440443, 0.45271813613522155, 0.1727447216890595, 0.4788011695906433], "argmax_sim_u4_predicted_ops": 4}, "B : H  ::  C : ?": {"sim_u1_trans_u2": [0.3795454545454545, 0.3468934911242604, 0.3579418344519016, 0.341930729550479, 0.37226827430293896, 0.3549107142857143, 0.3579418344519016, 0.33897058823529413], "unary_tran": [{"name": null}], "sim_u4_predicted_ops": [0.25277161862527714, 0.298293891029169, 0.2131455399061033, 0.6509831460674157, 0.48822714681440443, 0.45271813613522155, 0.1727447216890595, 0.4788011695906433], "argmax_sim_u4_predicted_ops": 4}}, "binary_analogies_data": {"A : B : C  ::  G : H : ?": {"b1_b2_align_x": 9, "b1_b2_align_y": -26, "sim_b1_b2_trans_b3": [0.6009216589861751, 0.1560353287536801, 0.44433781190019195, 0.06653620352250489, 0.46153846153846156], "b1_b2_tran": [{"name": "unite"}], "sim_b6_predicted_ops": [0.31563593932322054, 0.48421501706484643, 0.33045977011494254, 0.31876899696048633, 0.46657694033198743, 0.44005358338914935, 0.34035351635953365, 0.2982238744320529], "argmax_sim_b6_predicted_ops": 2}, "D : E : F  ::  G : H : ?": {"b1_b2_align_x": -27, "b1_b2_align_y": -7, "sim_b1_b2_trans_b3": [0.3543175487465181, 0.16631280962491155, 0.2674982674982675, 0.2359081419624217, 0.24446965399886558], "b1_b2_tran": [{"name": "unite"}], "sim_b6_predicted_ops": [0.2850480909355873, 0.4655097613882863, 0.3168859649122807, 0.2828321279025504, 0.49222797927461137, 0.41428090266082856, 0.3187357197258187, 0.3208858011289622], "argmax_sim_b6_predicted_ops": 5}, "A : D : G  ::  C : F : ?": {"b1_b2_align_x": 28, "b1_b2_align_y": -28, "sim_b1_b2_trans_b3": [0.408825438027255, 0.19469835466179158, 0.3645364536453645, 0.37050359712230213, 0.2716612377850163], "b1_b2_tran": [{"name": "unite"}],