{"unary_analogies_data": {"A : B  ::  H : ?": {"sim_u1_trans_u2": [0.41710758377425045, 0.4196113074204947, 0.901775147928994, 0.41585903083700443, 0.42338352524357836, 0.4196113074204947, 0.41585903083700443, 0.8642691415313225], "unary_tran": [{"name": "rot_binary", "args": {"angle": 180}}], "sim_u4_predicted_ops": [0.3027863777089783, 0.2826923076923077, 0.5382899628252789, 0.2937249666221629, 0.4209070796460177, 0.3204323570432357, 0.23001567398119122, 0.5861865407319953], "argmax_sim_u4_predicted_ops": 8}, "B : C  ::  H : ?": {"sim_u1_trans_u2": [0.6736474694589878, 0.35356386732533523, 0.6839332748024582, 0.3488045007032349, 0.35070422535211265, 0.6506024096385542, 0.3545197740112994, 0.6898678414096916], "unary_tran": [{"name": "mirror_left_right"}, {"name": "rot_binary", "args": {"angle": 270}}], "sim_u4_predicted_ops": [0.5312954876273653, 0.28207592503604034, 0.5190895741556535, 0.29545454545454547, 0.4209070796460177, 0.31813435433344933, 0.23001567398119122, 0.591824644549763], "argmax_sim_u4_predicted_ops": 8}, "D : E  ::  H : ?": {"sim_u1_trans_u2": [0.46218487394957986, 0.4608208955223881, 0.9097560975609756, 0.4608208955223881, 0.4608208955223881, 0.9214723926380368, 0.4581005586592179, 0.4635514018691589], "unary_tran": [{"name": "mirror_left_right"}, {"name": "rot_binary", "args": {"angle": 90}}], "sim_u4_predicted_ops": [0.5666418466120625, 0.28207592503604034, 0.5213235294117647, 0.3041722745625841, 0.4193370165745856, 0.32135380321004886, 0.23001567398119122, 0.572264482153306], "argmax_sim_u4_predicted_ops": 8}, "E : F  ::  H : ?": {"sim_u1_trans_u2": [0.6848934198331789, 0.3731117824773414, 0.6911627906976744, 0.3741496598639456, 0.3700075357950264, 0.6848934198331789, 0.3741496598639456, 0.7054409005628518], "unary_tran": [{"name": "mirror_left_right"}, {"name": "rot_binary", "args": {"angle": 270}}], "sim_u4_predicted_ops": [0.5312954876273653, 0.28207592503604034, 0.5190895741556535, 0.29545454545454547, 0.4209070796460177, 0.31813435433344933, 0.23001567398119122, 0.591824644549763], "argmax_sim_u4_predicted_ops": 8}, "G : H  ::  H : ?": {"sim_u1_trans_u2": [0.2933832709113608, 0.3039647577092511, 0.9292364990689013, 0.3023255813953488, 0.3640552995391705, 0.48637015781922527, 0.2933832709113608, 0.528023598820059], "unary_tran": [{"name": "rot_binary", "args": {"angle": 180}}], "sim_u4_predicted_ops": [0.3027863777089783, 0.2826923076923077, 0.5382899628252789, 0.2937249666221629, 0.4209070796460177, 0.3204323570432357, 0.23001567398119122, 0.5861865407319953], "argmax_sim_u4_predicted_ops": 8}, "A : C  ::  G : ?": {"sim_u1_trans_u2": [0.6548984995586937, 0.31486676016830295, 0.675603217158177, 0.3157894736842105, 0.33167613636363635, 0.6490765171503958, 0.33167613636363635, 0.6053082191780822], "unary_tran": [{"name": "rot_binary", "args": {"angle": 180}}], "sim_u4_predicted_ops": [0.9130434782608695, 0.27915869980879543, 0.5408011869436202, 0.3213961922030825, 0.42454394693200664, 0.328781512605042, 0.23946435604568728, 0.6137724550898204], "argmax_sim_u4_predicted_ops": 1}, "D : F  ::  G : ?": {"sim_u1_trans_u2": [0.7077205882352942, 0.40226415094339624, 0.7478833490122295, 0.405446293494705, 0.40226415094339624, 0.7397003745318352, 0.4075757575757576, 0.7077205882352942], "unary_tran": [{"name": "rot_binary", "args": {"angle": 180}}], "sim_u4_predicted_ops": [0.9130434782608695, 0.27915869980879543, 0.5408011869436202, 0.3213961922030825, 0.42454394693200664, 0.328781512605042, 0.23946435604568728, 0.6137724550898204], "argmax_sim_u4_predicted_ops": 1}, "A : D  ::  F : ?": {"sim_u1_trans_u2": [0.43568840579710144, 0.49528301886792453, 0.4292155094679892, 0.4305054151624549, 0.43309222423146476, 0.4292155094679892, 0.4924670433145009, 0.43568840579710144], "unary_tran": [{"name": "rot_binary", "args": {"angle": 90}}], "sim_u4_predicted_ops": [0.36784565916398715, 0.5941943127962085, 0.32656943563728597, 0.251067463706234, 0.6343001261034048, 0.364124597207304, 0.23322932917316694, 0.2855787476280835], "argmax_sim_u4_predicted_ops": 5}, "D : G  ::  F : ?": {"sim_u1_trans_u2": [0.6588658865886589, 0.36215816703621584, 0.3672106824925816, 0.4036557501904037, 0.36417468541820874, 0.36518518518518517, 0.4057971014492754, 0.6633574007220217], "unary_tran": [{"name": "mirror_left_right"}, {"name": "rot_binary", "args": {"angle": 270}}], "sim_u4_predicted_ops": [0.5639705882352941, 0.29686746987951806, 0.9245630174793008, 0.2505335040546308, 0.2600875060768109, 0.36168691922802, 0.23322932917316694, 0.6121356335514575], "argmax_sim_u4_predicted_ops": 3}, "B : E  ::  F : ?": {"sim_u1_trans_u2": [0.44626593806921677, 0.4995278564683664, 0.44232515894641233, 0.44363636363636366, 0.4397098821396192, 0.44494995450409464, 0.5066413662239089, 0.4397098821396192], "unary_tran": [{"name": "mirror_left_right"}, {"name": "rot_binary", "args": {"angle": 180}}], "sim_u4_predicted_ops": [0.3758085381630013, 0.6338797814207651, 0.3290978398983482, 0.251067463706234, 0.6415452818239392, 0.3607142857142857, 0.23322932917316694, 0.2861888941623161], "argmax_sim_u4_predicted_ops": 5}, "E : H  ::  F : ?": {"sim_u1_trans_u2": [0.6760037348272643, 0.3306152705707932, 0.3650190114068441, 0.38183217859892227, 0.3619119878603945, 0.33358098068350667, 0.40234375, 0.6156615661566157], "unary_tran": [{"name": null}], "sim_u4_predicted_ops": [0.5593841642228738, 0.2956186807896004, 0.9139981701738334, 0.2505335040546308, 0.25703200775945684, 0.3607142857142857, 0.23322932917316694, 0.6054502369668247], "argmax_sim_u4_predicted_ops": 3}, "C : F  ::  F : ?": {"sim_u1_trans_u2": [0.30895795246800734, 0.38046272493573263, 0.30656934306569344, 0.37516005121638923, 0.38046272493573263, 0.30656934306569344, 0.376040999359385, 0.30736457699330494], "unary_tran": [{"name": "rot_binary", "args": {"angle": 90}}], "sim_u4_predicted_ops": [0.36784565916398715, 0.5941943127962085, 0.32656943563728597, 0.251067463706234, 0.6343001261034048, 0.364124597207304, 0.23322932917316694, 0.2855787476280835], "argmax_sim_u4_predicted_ops": 5}, "A : G  ::  C : ?": {"sim_u1_trans_u2": [0.6458897922312556, 0.3866057838660578, 0.31457431457431456, 0.3496296296296296, 0.31742588575560376, 0.702803738317757, 0.3496296296296296, 0.3466371027346637], "unary_tran": [{"name": "mirror_left_right"}, {"name": "rot_binary", "args": {"angle": 90}}], "sim_u4_predicted_ops": [0.5564342199856218, 0.27702386523163314, 0.2948328267477204, 0.4, 0.6656111462951235, 0.3008789722785666, 0.2648221343873518, 0.6098418277680141], "argmax_sim_u4_predicted_ops": 5}, "B : H  ::  C : ?": {"sim_u1_trans_u2": [0.6881818181818182, 0.38685586258401794, 0.3564645726807889, 0.3544857768052516, 0.3564645726807889, 0.6699640287769785, 0.3889304412864622, 0.3544857768052516], "unary_tran": [{"name": null}], "sim_u4_predicted_ops": [0.5442225392296719, 0.27226107226107227, 0.2948328267477204, 0.40264650283553877, 0.667723525681674, 0.29912221471978395, 0.2648221343873518, 0.6136230182031709], "argmax_sim_u4_predicted_ops": 5}}, "binary_analogies_data": {"A : B : C  ::  G : H : ?": {"b1_b2_align_x": 3, "b1_b2_align_y": 0, "sim_b1_b2_trans_b3": [0.8957264957264958, 0.42105263157894735, 0.27107887579329104, 0.29020664869721474, 0.5307017543859649], "b1_b2_tran": [{"name": "unite"}], "sim_b6_predicted_ops": [0.5880665519219737, 0.27662835249042145, 0.5652920962199313, 0.3745188606620477, 0.4960666358167515, 0.4851518184851518, 0.2588546838795101, 0.8731134712129681], "argmax_sim_b6_predicted_ops": 8}, "D : E : F  ::  G : H : ?": {"b1_b2_align_x": 6, "b1_b2_align_y": 0, "sim_b1_b2_trans_b3": [0.8864241348713399, 0.46502835538752363, 0.2846371347785108, 0.23184357541899442, 0.501841620626151], "b1_b2_tran": [{"name": "unite"}], "sim_b6_predicted_ops": [0.6347087378640777, 0.27714621716973736, 0.5827380952380953, 0.3321904761904762, 0.5172910662824207, 0.44598612487611494, 0.23969414893617022, 0.8608745031232254], "argmax_sim_b6_predicted_ops": 8}, "A : D : G  ::  C : F : ?": {"b1_b2_align_x": 0, "b1_b2_align_y": -4,