{"unary_analogies_data": {"A : B  ::  H : ?": {"sim_u1_trans_u2": [0.5567010309278351, 0.415625, 0.3895705521472393, 0.546829268292683, 0.5164992826398852, 0.5460750853242321, 0.41184327693677647, 0.415625], "unary_tran": [{"name": null}], "sim_u4_predicted_ops": [0.22666666666666666, 0.2521834061135371, 0.3269689737470167, 0.5331098072087175, 0.914804469273743, 0.34545454545454546, 0.4152542372881356, 0.5487804878048781], "argmax_sim_u4_predicted_ops": 5}, "B : C  ::  H : ?": {"sim_u1_trans_u2": [0.28771289537712896, 0.3945981554677207, 0.23009877977919815, 0.39001969796454367, 0.3181818181818182, 0.3945981554677207, 0.20971428571428571, 0.39276315789473687], "unary_tran": [{"name": "rot_binary", "args": {"angle": 90}}], "sim_u4_predicted_ops": [0.9220055710306406, 0.253551912568306, 0.307005171603197, 0.23915989159891599, 0.2295964125560538, 0.32616487455197135, 0.3945720250521921, 0.6032461677186655], "argmax_sim_u4_predicted_ops": 1}, "D : E  ::  H : ?": {"sim_u1_trans_u2": [0.45591739475774423, 0.472289156626506, 0.45591739475774423, 0.472289156626506, 0.45591739475774423, 0.472289156626506, 0.45591739475774423, 0.472289156626506], "unary_tran": [{"name": "rot_binary", "args": {"angle": 90}}], "sim_u4_predicted_ops": [0.9220055710306406, 0.253551912568306, 0.307005171603197, 0.23915989159891599, 0.2295964125560538, 0.32616487455197135, 0.3945720250521921, 0.6032461677186655], "argmax_sim_u4_predicted_ops": 1}, "E : F  ::  H : ?": {"sim_u1_trans_u2": [0.3954248366013072, 0.4154696132596685, 0.3954248366013072, 0.4154696132596685, 0.3954248366013072, 0.4154696132596685, 0.3954248366013072, 0.4154696132596685], "unary_tran": [{"name": "rot_binary", "args": {"angle": 90}}], "sim_u4_predicted_ops": [0.9220055710306406, 0.253551912568306, 0.307005171603197, 0.23915989159891599, 0.2295964125560538, 0.32616487455197135, 0.3945720250521921, 0.6032461677186655], "argmax_sim_u4_predicted_ops": 1}, "G : H  ::  H : ?": {"sim_u1_trans_u2": [0.6689453125, 0.22684852835606603, 0.6689453125, 0.22684852835606603, 0.6689453125, 0.22684852835606603, 0.6689453125, 0.22684852835606603], "unary_tran": [{"name": null}], "sim_u4_predicted_ops": [0.22666666666666666, 0.2521834061135371, 0.3269689737470167, 0.5331098072087175, 0.914804469273743, 0.34545454545454546, 0.4152542372881356, 0.5487804878048781], "argmax_sim_u4_predicted_ops": 5}, "A : C  ::  G : ?": {"sim_u1_trans_u2": [0.437984496124031, 0.2576271186440678, 0.2732732732732733, 0.4053030303030303, 0.437984496124031, 0.42077549066539016, 0.2732732732732733, 0.25126475548060706], "unary_tran": [{"name": null}], "sim_u4_predicted_ops": [0.22032693674484718, 0.2586938083121289, 0.2821883998354587, 0.41661216481360364, 0.6220322886989553, 0.29341581970835173, 0.30907668231611896, 0.42424242424242425], "argmax_sim_u4_predicted_ops": 5}, "D : F  ::  G : ?": {"sim_u1_trans_u2": [0.4832379394930499, 0.22816519972918078, 0.4735987002437043, 0.22816519972918078, 0.4735987002437043, 0.22816519972918078, 0.4832379394930499, 0.22816519972918078], "unary_tran": [{"name": null}], "sim_u4_predicted_ops": [0.22032693674484718, 0.2586938083121289, 0.2821883998354587, 0.41661216481360364, 0.6220322886989553, 0.29341581970835173, 0.30907668231611896, 0.42424242424242425], "argmax_sim_u4_predicted_ops": 5}, "A : D  ::  F : ?": {"sim_u1_trans_u2": [0.551238465274405, 0.5385356454720617, 0.43809095002251236, 0.40272288098375053, 0.43809095002251236, 0.5073147711184521, 0.5504854368932038, 0.417036379769299], "unary_tran": [{"name": null}], "sim_u4_predicted_ops": [0.8955650929899857, 0.22696629213483147, 0.28841607565011823, 0.23796231681786462, 0.22875816993464052, 0.30401234567901236, 0.3954248366013072, 0.569216757741348], "argmax_sim_u4_predicted_ops": 1}, "D : G  ::  F : ?": {"sim_u1_trans_u2": [0.29917550058892817, 0.4077855775366943, 0.22691879866518352, 0.4077855775366943, 0.22623679822123402, 0.4077855775366943, 0.29917550058892817, 0.4086845466155811], "unary_tran": [{"name": "mirror_left_right"}, {"name": "rot_binary", "args": {"angle": 270}}], "sim_u4_predicted_ops": [0.2245841035120148, 0.2242152466367713, 0.30071599045346065, 0.4995773457311919, 0.8535211267605634, 0.3237597911227154, 0.4154696132596685, 0.5247787610619469], "argmax_sim_u4_predicted_ops": 5}, "B : E  ::  F : ?": {"sim_u1_trans_u2": [0.48117839607201307, 0.46321746160064675, 0.48117839607201307, 0.46321746160064675, 0.48117839607201307, 0.46321746160064675, 0.48117839607201307, 0.46321746160064675], "unary_tran": [{"name": null}], "sim_u4_predicted_ops": [0.8955650929899857, 0.22696629213483147, 0.28841607565011823, 0.23796231681786462, 0.22875816993464052, 0.30401234567901236, 0.3954248366013072, 0.569216757741348], "argmax_sim_u4_predicted_ops": 1}, "E : H  ::  F : ?": {"sim_u1_trans_u2": [0.4152542372881356, 0.3945720250521921, 0.4152542372881356, 0.3945720250521921, 0.4152542372881356, 0.3945720250521921, 0.4152542372881356, 0.3945720250521921], "unary_tran": [{"name": null}], "sim_u4_predicted_ops": [0.8955650929899857, 0.22696629213483147, 0.28841607565011823, 0.23796231681786462, 0.22875816993464052, 0.30401234567901236, 0.3954248366013072, 0.569216757741348], "argmax_sim_u4_predicted_ops": 1}, "C : F  ::  F : ?": {"sim_u1_trans_u2": [0.6303901437371663, 0.2085235920852359, 0.6072874493927125, 0.20030234315948603, 0.6187563710499491, 0.20394238059135708, 0.6187563710499491, 0.20394238059135708], "unary_tran": [{"name": null}], "sim_u4_predicted_ops": [0.8955650929899857, 0.22696629213483147, 0.28841607565011823, 0.23796231681786462, 0.22875816993464052, 0.30401234567901236, 0.3954248366013072, 0.569216757741348], "argmax_sim_u4_predicted_ops": 1}, "A : G  ::  C : ?": {"sim_u1_trans_u2": [0.40658321743161796, 0.44476190476190475, 0.2699874424445375, 0.2921635434412266, 0.2699874424445375, 0.44476190476190475, 0.40658321743161796, 0.2921635434412266], "unary_tran": [{"name": "rot_binary", "args": {"angle": 90}}], "sim_u4_predicted_ops": [0.21486387049300956, 0.24168126094570927, 0.263877381938691, 0.4, 0.5988315481986368, 0.27438752783964365, 0.30969845150774244, 0.43186582809224316], "argmax_sim_u4_predicted_ops": 5}, "B : H  ::  C : ?": {"sim_u1_trans_u2": [0.5281456953642384, 0.23066666666666666, 0.5281456953642384, 0.23066666666666666, 0.5281456953642384, 0.23066666666666666, 0.5281456953642384, 0.23066666666666666], "unary_tran": [{"name": null}], "sim_u4_predicted_ops": [0.6170421155729677, 0.24168126094570927, 0.24632352941176472, 0.2316715542521994, 0.21270310192023634, 0.2620202911336568, 0.30016181229773464, 0.4470338983050847], "argmax_sim_u4_predicted_ops": 1}}, "binary_analogies_data": {"A : B : C  ::  G : H : ?": {"b1_b2_align_x": 22, "b1_b2_align_y": 1, "sim_b1_b2_trans_b3": [0.4325358851674641, 0.28914919852034526, 0.6492805755395683, 0.01865284974093264, 0.6344463971880492], "b1_b2_tran": [{"name": "subtract"}], "sim_b6_predicted_ops": [0.18201997780244172, 0.4246575342465753, 0.1738095238095238, 0.16104294478527606, 0.2586412395709178, 0.14035087719298245, 0.13318534961154274, 0.2273489932885906], "argmax_sim_b6_predicted_ops": 2}, "D : E : F  ::  G : H : ?": {"b1_b2_align_x": 22, "b1_b2_align_y": 0, "sim_b1_b2_trans_b3": [0.4755412991178829, 0.4277251184834123, 0.6986301369863014, 0.04120443740095087, 0.7154471544715447], "b1_b2_tran": [{"name": "xor"}], "sim_b6_predicted_ops": [0.18735632183908046, 0.4492753623188406, 0.1613365155131265, 0.1650943396226415, 0.26889714993804215, 0.12997481108312342, 0.1380897583429229, 0.23255813953488372], "argmax_sim_b6_predicted_ops": 2}, "A : D : G  ::  C : F : ?": {"b1_b2_align_x": 0, "b1_b2_align_y": 19, "sim_b1_b2_trans_b3": [0.39773242630385486, 0.30787878787878786, 0.6216908625106746, 0.0377906976744186, 0.5972108285479901], "b1_b2_tran": [{"name": "subtract"}], "sim_b6_predicted_ops": [0.2539298669891173, 0.45652173913043476, 0.13666044776119404, 0.13782542113323124, 0.19534883720930232, 0.13085052843482636, 0.14400921658986174, 0.22440273037542663], "argmax_sim_b6_predicted_ops": 2},