{"unary_analogies_data": {"A : B  ::  H : ?": {"sim_u1_trans_u2": [0.6002349256068912, 0.3963102152374445, 0.6002349256068912, 0.40013703323055844, 0.5921308920919361, 0.39965753424657535, 0.6052631578947368, 0.39965753424657535], "unary_tran": [{"name": "mirror_left_right"}, {"name": "rot_binary", "args": {"angle": 180}}], "sim_u4_predicted_ops": [0.11310592459605028, 0.27333056822895063, 0.46142322097378274, 0.11052009456264776, 0.7291414752116082, 0.10436270316509838, 0.4697406340057637, 0.092], "argmax_sim_u4_predicted_ops": 5}, "B : C  ::  H : ?": {"sim_u1_trans_u2": [0.18019142738243862, 0.16229508196721312, 0.1831455986649979, 0.15991820040899796, 0.18265221017514596, 0.16086778550961933, 0.1806827643630308, 0.16134316134316135], "unary_tran": [{"name": "rot_binary", "args": {"angle": 180}}], "sim_u4_predicted_ops": [0.11410601976639713, 0.28130217028380633, 0.4735649546827795, 0.10855457227138643, 0.8263090676883781, 0.1072041166380789, 0.452991452991453, 0.09262435677530018], "argmax_sim_u4_predicted_ops": 5}, "D : E  ::  H : ?": {"sim_u1_trans_u2": [0.607416127133608, 0.6188500296384114, 0.6083627797408716, 0.6064705882352941, 0.6188500296384114, 0.6112094395280236, 0.6017595307917889, 0.6083627797408716], "unary_tran": [{"name": "rot_binary", "args": {"angle": 90}}], "sim_u4_predicted_ops": [0.10912343470483005, 0.12248628884826325, 0.17885196374622356, 0.11249259917110717, 0.2087912087912088, 0.11101549053356283, 0.13082039911308205, 0.0901312036508842], "argmax_sim_u4_predicted_ops": 5}, "E : F  ::  H : ?": {"sim_u1_trans_u2": [0.1763046544428773, 0.1729957805907173, 0.17547568710359407, 0.1729957805907173, 0.17547568710359407, 0.1729957805907173, 0.17547568710359407, 0.1729957805907173], "unary_tran": [{"name": null}], "sim_u4_predicted_ops": [0.11310592459605028, 0.2807676261994159, 0.48365019011406846, 0.10986414648552864, 0.7676143386897404, 0.1053082191780822, 0.4478353442157559, 0.0901312036508842], "argmax_sim_u4_predicted_ops": 5}, "G : H  ::  H : ?": {"sim_u1_trans_u2": [0.46741573033707867, 0.17657657657657658, 0.4762622456669179, 0.1794099939795304, 0.5139103554868625, 0.17728365384615385, 0.44575645756457566, 0.17657657657657658], "unary_tran": [{"name": "mirror_left_right"}], "sim_u4_predicted_ops": [0.11310592459605028, 0.28667225481978204, 0.4904507257448434, 0.11052009456264776, 0.8766404199475065, 0.1053082191780822, 0.4345991561181435, 0.0901312036508842], "argmax_sim_u4_predicted_ops": 5}, "A : C  ::  G : ?": {"sim_u1_trans_u2": [0.2179399727148704, 0.223364165810209, 0.215039128955427, 0.22294520547945204, 0.21462585034013607, 0.22294520547945204, 0.2171097477845944, 0.223364165810209], "unary_tran": [{"name": "rot_binary", "args": {"angle": 90}}], "sim_u4_predicted_ops": [0.41886490807354115, 0.22327790973871733, 0.4189497716894977, 0.12962096396817968, 0.18159951894167167, 0.15936507936507938, 0.13336267605633803, 0.2416243654822335], "argmax_sim_u4_predicted_ops": 3}, "D : F  ::  G : ?": {"sim_u1_trans_u2": [0.3327433628318584, 0.21451612903225806, 0.33827014218009477, 0.21451612903225806, 0.33827014218009477, 0.21451612903225806, 0.3327433628318584, 0.21451612903225806], "unary_tran": [{"name": "rot_binary", "args": {"angle": 180}}], "sim_u4_predicted_ops": [0.4211369095276221, 0.37333333333333335, 0.9049808429118774, 0.13227016885553472, 0.45663454410674575, 0.17654639175257733, 0.36027469624933967, 0.24288617886178862], "argmax_sim_u4_predicted_ops": 3}, "A : D  ::  F : ?": {"sim_u1_trans_u2": [0.4327938071780436, 0.4322898346816743, 0.42029996512033485, 0.44294826364280654, 0.4312829525483304, 0.43481324876673716, 0.4242742217558587, 0.4403961796957906], "unary_tran": [{"name": "rot_binary", "args": {"angle": 270}}], "sim_u4_predicted_ops": [0.10609037328094302, 0.09603262884686689, 0.09410363311494938, 0.38757861635220126, 0.08670520231213873, 0.2234927234927235, 0.14167160640189685, 0.16688311688311688], "argmax_sim_u4_predicted_ops": 4}, "D : G  ::  F : ?": {"sim_u1_trans_u2": [0.15488482922954727, 0.13727023856081344, 0.15580286168521462, 0.13905209557383472, 0.15764331210191082, 0.13727023856081344, 0.15396825396825398, 0.13994511956095648], "unary_tran": [{"name": "mirror_left_right"}], "sim_u4_predicted_ops": [0.10609037328094302, 0.11002628614344724, 0.12012195121951219, 0.4052547770700637, 0.11809685641461343, 0.2324607329842932, 0.18523076923076923, 0.169921875], "argmax_sim_u4_predicted_ops": 4}, "B : E  ::  F : ?": {"sim_u1_trans_u2": [0.5900405327156919, 0.5983701979045402, 0.5900405327156919, 0.5918840579710145, 0.5900405327156919, 0.5928074245939675, 0.5891203703703703, 0.5965116279069768], "unary_tran": [{"name": "rot_binary", "args": {"angle": 90}}], "sim_u4_predicted_ops": [0.10609037328094302, 0.09562638991845812, 0.09475566150178784, 0.38540031397174257, 0.08760330578512397, 0.2234927234927235, 0.14167160640189685, 0.16688311688311688], "argmax_sim_u4_predicted_ops": 4}, "E : H  ::  F : ?": {"sim_u1_trans_u2": [0.09191176470588236, 0.0885766646304215, 0.09191176470588236, 0.08990825688073395, 0.09124311083894672, 0.08924205378973105, 0.09124311083894672, 0.08924205378973105], "unary_tran": [{"name": null}], "sim_u4_predicted_ops": [0.10609037328094302, 0.11044327573253193, 0.12012195121951219, 0.4052547770700637, 0.11904761904761904, 0.2324607329842932, 0.18523076923076923, 0.169921875], "argmax_sim_u4_predicted_ops": 4}, "C : F  ::  F : ?": {"sim_u1_trans_u2": [0.4723618090452261, 0.31292008961911877, 0.4577114427860697, 0.31390134529147984, 0.4589211618257261, 0.31292008961911877, 0.4723618090452261, 0.31390134529147984], "unary_tran": [{"name": null}], "sim_u4_predicted_ops": [0.10609037328094302, 0.11044327573253193, 0.12012195121951219, 0.4052547770700637, 0.11904761904761904, 0.2324607329842932, 0.18523076923076923, 0.169921875], "argmax_sim_u4_predicted_ops": 4}, "A : G  ::  C : ?": {"sim_u1_trans_u2": [0.39511823035850496, 0.21892702432522493, 0.39778372181887656, 0.22464010713090057, 0.3988527724665392, 0.21933333333333332, 0.3919330289193303, 0.2254606365159129], "unary_tran": [{"name": "mirror_left_right"}], "sim_u4_predicted_ops": [0.43537414965986393, 0.21018231854145167, 0.312363238512035, 0.3319977103606182, 0.09824561403508772, 0.15318302387267904, 0.17303158887317302, 0.22291342664593053], "argmax_sim_u4_predicted_ops": 1}, "B : H  ::  C : ?": {"sim_u1_trans_u2": [0.363013698630137, 0.16091395235780262, 0.3851508120649652, 0.1631758402338042, 0.3859547301218804, 0.15978630403108304, 0.36379211878926326, 0.16374269005847952], "unary_tran": [{"name": "mirror_left_right"}], "sim_u4_predicted_ops": [0.43537414965986393, 0.21018231854145167, 0.312363238512035, 0.3319977103606182, 0.09824561403508772, 0.15318302387267904, 0.17303158887317302, 0.22291342664593053], "argmax_sim_u4_predicted_ops": 1}}, "binary_analogies_data": {"A : B : C  ::  G : H : ?": {"b1_b2_align_x": 3, "b1_b2_align_y": 0, "sim_b1_b2_trans_b3": [0.2145192936559843, 0.18269653052261747, 0.2130952380952381, 0.03577106518282989, 0.20364238410596028], "b1_b2_tran": [{"name": "unite"}], "sim_b6_predicted_ops": [0.30791788856304986, 0.3542361574382922, 0.6980369515011547, 0.1587237479806139, 0.38602520045819017, 0.1794208893485005, 0.2833545108005083, 0.21839563208735827], "argmax_sim_b6_predicted_ops": 3}, "D : E : F  ::  G : H : ?": {"b1_b2_align_x": 1, "b1_b2_align_y": 0, "sim_b1_b2_trans_b3": [0.3254472013848817, 0.17689530685920576, 0.8506787330316742, 0.019230769230769232, 0.8045649072753209], "b1_b2_tran": [{"name": "subtract"}], "sim_b6_predicted_ops": [0.5491124260355029, 0.23631350925561245, 0.6251005631536605, 0.11123787792355962, 0.2367986798679868, 0.18055555555555555, 0.15561643835616437, 0.24293785310734464], "argmax_sim_b6_predicted_ops": 3}, "A : D : G  ::  C : F : ?": {"b1_b2_align_x": 1, "b1_b2_align_y": 5, "sim_b1_b2_trans_b3": [0.34153543307086615, 0.1558562762482501, 0.4140943506115317, 0.08819714656290532, 0.33411105926271584], "b1_b2_tran": [{"name": "subtract"}],