{"unary_analogies_data": {"A : B  ::  H : ?": {"sim_u1_trans_u2": [0.5233898305084745, 0.27597955706984667, 0.5213270142180095, 0.28620492272467085, 0.5182432432432432, 0.2854691075514874, 0.5244233378561737, 0.27743035815804434], "unary_tran": [{"name": "mirror_left_right"}, {"name": "rot_binary", "args": {"angle": 180}}], "sim_u4_predicted_ops": [0.1136890951276102, 0.3180414644905161, 0.40831629175187456, 0.39626471782379213, 0.45770750988142295, 0.8385615914307575, 0.39496314496314494, 0.3103802672147996], "argmax_sim_u4_predicted_ops": 6}, "B : C  ::  H : ?": {"sim_u1_trans_u2": [0.27579092159559837, 0.2679425837320574, 0.2775482093663912, 0.271418779986292, 0.27403846153846156, 0.26967830253251196, 0.2775482093663912, 0.2705479452054795], "unary_tran": [{"name": "rot_binary", "args": {"angle": 180}}], "sim_u4_predicted_ops": [0.11304347826086956, 0.3209549071618037, 0.41895604395604397, 0.3923076923076923, 0.4704944178628389, 0.8204545454545454, 0.40358467243510504, 0.3103802672147996], "argmax_sim_u4_predicted_ops": 6}, "D : E  ::  H : ?": {"sim_u1_trans_u2": [0.5721991701244813, 0.29849211788896507, 0.5702445089100705, 0.2936155684533971, 0.5754677754677755, 0.2993827160493827, 0.5682947019867549, 0.29141104294478526], "unary_tran": [{"name": "mirror_left_right"}], "sim_u4_predicted_ops": [0.11822947000582411, 0.31456225252969644, 0.429757785467128, 0.38893376413570274, 0.48470209339774556, 0.8027006751687922, 0.41055900621118013, 0.31307929969104015], "argmax_sim_u4_predicted_ops": 6}, "E : F  ::  H : ?": {"sim_u1_trans_u2": [0.36646757679180886, 0.30468431771894094, 0.3334721065778518, 0.31594083812654067, 0.3641396933560477, 0.3132431324313243, 0.33625365039632876, 0.3078807676602695], "unary_tran": [{"name": null}], "sim_u4_predicted_ops": [0.11888111888111888, 0.3162995594713656, 0.4170096021947874, 0.38893376413570274, 0.4752, 0.8259878419452887, 0.40532178217821785, 0.31307929969104015], "argmax_sim_u4_predicted_ops": 6}, "G : H  ::  H : ?": {"sim_u1_trans_u2": [0.5119933829611248, 0.26330338631651695, 0.49836065573770494, 0.26243093922651933, 0.5045267489711934, 0.2641770401106501, 0.4898125509372453, 0.26243093922651933], "unary_tran": [{"name": null}], "sim_u4_predicted_ops": [0.11888111888111888, 0.3162995594713656, 0.4170096021947874, 0.38893376413570274, 0.4752, 0.8259878419452887, 0.40532178217821785, 0.31307929969104015], "argmax_sim_u4_predicted_ops": 6}, "A : C  ::  G : ?": {"sim_u1_trans_u2": [0.22088353413654618, 0.22334004024144868, 0.21965897693079237, 0.2221105527638191, 0.22088353413654618, 0.2221105527638191, 0.21965897693079237, 0.22334004024144868], "unary_tran": [{"name": "rot_binary", "args": {"angle": 90}}], "sim_u4_predicted_ops": [0.09702660406885759, 0.18635926993275698, 0.08784258608573436, 0.1623557500994827, 0.10316139767054909, 0.24258404746209625, 0.25843503230437903, 0.08954423592493298], "argmax_sim_u4_predicted_ops": 7}, "D : F  ::  G : ?": {"sim_u1_trans_u2": [0.13703703703703704, 0.1465919701213819, 0.13861845155308297, 0.1455223880597015, 0.1380908248378128, 0.14712751050910788, 0.1380908248378128, 0.14445479962721341], "unary_tran": [{"name": "mirror_left_right"}, {"name": "rot_binary", "args": {"angle": 90}}], "sim_u4_predicted_ops": [0.09788566953797964, 0.1869293608841903, 0.08784258608573436, 0.16050854191497815, 0.10316139767054909, 0.2434036939313984, 0.2638788752703677, 0.09012875536480687], "argmax_sim_u4_predicted_ops": 7}, "A : D  ::  F : ?": {"sim_u1_trans_u2": [0.5196078431372549, 0.26221498371335505, 0.4837268666241225, 0.26565051714752314, 0.4875239923224568, 0.25336927223719674, 0.4990328820116054, 0.2684124386252046], "unary_tran": [{"name": null}], "sim_u4_predicted_ops": [0.17294281729428174, 0.24434389140271492, 0.8539553752535497, 0.3287671232876712, 0.5916749256689792, 0.37635092180546725, 0.27221526908635796, 0.3449680046538685], "argmax_sim_u4_predicted_ops": 3}, "D : G  ::  F : ?": {"sim_u1_trans_u2": [0.37983512999365887, 0.20022062879205738, 0.37983512999365887, 0.20287451630735212, 0.36855345911949683, 0.20287451630735212, 0.40115904700579524, 0.2022099447513812], "unary_tran": [{"name": "mirror_left_right"}, {"name": "rot_binary", "args": {"angle": 180}}], "sim_u4_predicted_ops": [0.16080055210489994, 0.23706702654071074, 0.6618181818181819, 0.2949029126213592, 0.5760549558390579, 0.3860435339308579, 0.27540777917189463, 0.3341027120600115], "argmax_sim_u4_predicted_ops": 3}, "B : E  ::  F : ?": {"sim_u1_trans_u2": [0.5006065507480792, 0.34456521739130436, 0.5417532197756544, 0.34213381555153705, 0.5140758873929009, 0.34213381555153705, 0.5277892136681762, 0.35043668122270744], "unary_tran": [{"name": "rot_binary", "args": {"angle": 180}}], "sim_u4_predicted_ops": [0.16160220994475138, 0.22439893143365983, 0.5637296834901625, 0.2917675544794189, 0.5412667946257198, 0.4085881587508133, 0.2746081504702194, 0.32873563218390806], "argmax_sim_u4_predicted_ops": 3}, "E : H  ::  F : ?": {"sim_u1_trans_u2": [0.43375, 0.31839080459770114, 0.443978178766261, 0.31486434849063816, 0.4307692307692308, 0.31536697247706424, 0.4457983193277311, 0.3178858674837227], "unary_tran": [{"name": "mirror_left_right"}, {"name": "rot_binary", "args": {"angle": 180}}], "sim_u4_predicted_ops": [0.16080055210489994, 0.23706702654071074, 0.6618181818181819, 0.2949029126213592, 0.5760549558390579, 0.3860435339308579, 0.27540777917189463, 0.3341027120600115], "argmax_sim_u4_predicted_ops": 3}, "C : F  ::  F : ?": {"sim_u1_trans_u2": [0.40752351097178685, 0.3231827111984283, 0.39009287925696595, 0.3389662027833002, 0.3987538940809969, 0.3402985074626866, 0.39585492227979274, 0.3231827111984283], "unary_tran": [{"name": null}], "sim_u4_predicted_ops": [0.17294281729428174, 0.24434389140271492, 0.8539553752535497, 0.3287671232876712, 0.5916749256689792, 0.37635092180546725, 0.27221526908635796, 0.3449680046538685], "argmax_sim_u4_predicted_ops": 3}, "A : G  ::  C : ?": {"sim_u1_trans_u2": [0.09616829451540196, 0.09947249434815374, 0.09699248120300752, 0.10030165912518854, 0.09699248120300752, 0.09947249434815374, 0.09534534534534535, 0.10113207547169811], "unary_tran": [{"name": "mirror_left_right"}, {"name": "rot_binary", "args": {"angle": 270}}], "sim_u4_predicted_ops": [0.18024439918533605, 0.22094298245614036, 0.33163265306122447, 0.17766051011433598, 0.11764705882352941, 0.07884362680683311, 0.35669362084456424, 0.1571798188874515], "argmax_sim_u4_predicted_ops": 7}, "B : H  ::  C : ?": {"sim_u1_trans_u2": [0.11986301369863013, 0.14535901926444833, 0.11938382541720154, 0.1423580786026201, 0.11938382541720154, 0.1423580786026201, 0.11986301369863013, 0.1448577680525164], "unary_tran": [{"name": "rot_binary", "args": {"angle": 90}}], "sim_u4_predicted_ops": [0.1790437436419125, 0.22027397260273973, 0.33299284984678246, 0.17766051011433598, 0.11880165289256199, 0.07813525935653316, 0.3579136690647482, 0.15867875647668395], "argmax_sim_u4_predicted_ops": 7}}, "binary_analogies_data": {"A : B : C  ::  G : H : ?": {"b1_b2_align_x": 11, "b1_b2_align_y": -1, "sim_b1_b2_trans_b3": [0.28085991678224687, 0.22821576763485477, 0.05714285714285714, 0.40945945945945944, 0.3997395833333333], "b1_b2_tran": [{"name": "backward_subtract"}], "sim_b6_predicted_ops": [0.09705248023005032, 0.18772893772893773, 0.424190800681431, 0.27246134559130797, 0.5151515151515151, 0.5769230769230769, 0.20552344251766216, 0.29256594724220625], "argmax_sim_b6_predicted_ops": 6}, "D : E : F  ::  G : H : ?": {"b1_b2_align_x": 9, "b1_b2_align_y": -1, "sim_b1_b2_trans_b3": [0.3477034649476229, 0.1415885545140602, 0.05278592375366569, 0.528918692372171, 0.47708489857250186], "b1_b2_tran": [{"name": "backward_subtract"}], "sim_b6_predicted_ops": [0.09144295302013423, 0.08619899128839982, 0.5041580041580042, 0.17451062057476052, 0.6442953020134228, 0.4003139717425432, 0.08899143045484509, 0.31898907103825136], "argmax_sim_b6_predicted_ops": 5}, "A : D : G  ::  C : F : ?": {"b1_b2_align_x": 0, "b1_b2_align_y": -4,