{"unary_analogies_data": {"A : B  ::  H : ?": {"sim_u1_trans_u2": [0.27105666156202146, 0.14958448753462603, 0.23511904761904762, 0.14482758620689656, 0.2652439024390244, 0.15117891816920942, 0.23328380386329867, 0.14325068870523416], "unary_tran": [{"name": null}], "sim_u4_predicted_ops": [0.4834307992202729, 0.5970149253731343, 0.3642495784148398, 0.2285276073619632, 0.4753577106518283, 0.3963515754560531, 0.5479930191972077, 0.8393234672304439], "argmax_sim_u4_predicted_ops": 8}, "B : C  ::  H : ?": {"sim_u1_trans_u2": [0.5435992578849722, 0.3639344262295082, 0.38205980066445183, 0.37976782752902155, 0.5350553505535055, 0.3684210526315789, 0.38666666666666666, 0.36617405582922824], "unary_tran": [{"name": null}], "sim_u4_predicted_ops": [0.4834307992202729, 0.5970149253731343, 0.3642495784148398, 0.2285276073619632, 0.4753577106518283, 0.3963515754560531, 0.5479930191972077, 0.8393234672304439], "argmax_sim_u4_predicted_ops": 8}, "D : E  ::  H : ?": {"sim_u1_trans_u2": [0.5023923444976076, 0.2526595744680851, 0.2493368700265252, 0.2493368700265252, 0.5023923444976076, 0.2526595744680851, 0.247682119205298, 0.247682119205298], "unary_tran": [{"name": null}], "sim_u4_predicted_ops": [0.4834307992202729, 0.5970149253731343, 0.3642495784148398, 0.2285276073619632, 0.4753577106518283, 0.3963515754560531, 0.5479930191972077, 0.8393234672304439], "argmax_sim_u4_predicted_ops": 8}, "E : F  ::  H : ?": {"sim_u1_trans_u2": [0.7408163265306122, 0.2924242424242424, 0.27886056971514245, 0.2750373692077728, 0.7443762781186094, 0.28851963746223563, 0.27313432835820894, 0.27886056971514245], "unary_tran": [{"name": "mirror_left_right"}], "sim_u4_predicted_ops": [0.47766990291262135, 0.6335877862595419, 0.3735144312393888, 0.22664624808575803, 0.4706814580031696, 0.39867109634551495, 0.564373897707231, 0.7540322580645161], "argmax_sim_u4_predicted_ops": 8}, "G : H  ::  H : ?": {"sim_u1_trans_u2": [0.38688524590163936, 0.23865300146412885, 0.2422907488986784, 0.2422907488986784, 0.3778501628664495, 0.2404692082111437, 0.2404692082111437, 0.23865300146412885], "unary_tran": [{"name": null}], "sim_u4_predicted_ops": [0.4834307992202729, 0.5970149253731343, 0.3642495784148398, 0.2285276073619632, 0.4753577106518283, 0.3963515754560531, 0.5479930191972077, 0.8393234672304439], "argmax_sim_u4_predicted_ops": 8}, "A : C  ::  G : ?": {"sim_u1_trans_u2": [0.41589648798521256, 0.19314641744548286, 0.27454242928452577, 0.18944099378881987, 0.4132841328413284, 0.19129082426127528, 0.27454242928452577, 0.19129082426127528], "unary_tran": [{"name": null}], "sim_u4_predicted_ops": [0.36678832116788324, 0.4019933554817276, 0.31518151815181517, 0.3327702702702703, 0.5793103448275863, 0.24437781109445278, 0.39553429027113235, 0.38164251207729466], "argmax_sim_u4_predicted_ops": 5}, "D : F  ::  G : ?": {"sim_u1_trans_u2": [0.494077834179357, 0.23842917251051893, 0.2723342939481268, 0.2419127988748242, 0.49155405405405406, 0.2454160789844852, 0.27050359712230215, 0.23842917251051893], "unary_tran": [{"name": null}], "sim_u4_predicted_ops": [0.36678832116788324, 0.4019933554817276, 0.31518151815181517, 0.3327702702702703, 0.5793103448275863, 0.24437781109445278, 0.39553429027113235, 0.38164251207729466], "argmax_sim_u4_predicted_ops": 5}, "A : D  ::  F : ?": {"sim_u1_trans_u2": [0.2859259259259259, 0.14966887417218544, 0.18904109589041096, 0.14814814814814814, 0.2878338278931751, 0.14814814814814814, 0.18904109589041096, 0.14966887417218544], "unary_tran": [{"name": "mirror_left_right"}], "sim_u4_predicted_ops": [0.6164079822616408, 0.8070175438596491, 0.4101633393829401, 0.2403225806451613, 0.4267515923566879, 0.5789473684210527, 0.7307692307692307, 0.624031007751938], "argmax_sim_u4_predicted_ops": 2}, "D : G  ::  F : ?": {"sim_u1_trans_u2": [0.7037735849056603, 0.4175824175824176, 0.4242902208201893, 0.4242902208201893, 0.6358695652173914, 0.4517684887459807, 0.43789808917197454, 0.4153605015673981], "unary_tran": [{"name": null}], "sim_u4_predicted_ops": [0.62, 0.8351893095768375, 0.40252707581227437, 0.2403225806451613, 0.424483306836248, 0.5789473684210527, 0.75564681724846, 0.6146435452793835], "argmax_sim_u4_predicted_ops": 2}, "B : E  ::  F : ?": {"sim_u1_trans_u2": [0.3972179289026275, 0.18635170603674542, 0.2538141470180305, 0.18791064388961892, 0.3972179289026275, 0.18947368421052632, 0.2538141470180305, 0.18324607329842932], "unary_tran": [{"name": null}], "sim_u4_predicted_ops": [0.62, 0.8351893095768375, 0.40252707581227437, 0.2403225806451613, 0.424483306836248, 0.5789473684210527, 0.75564681724846, 0.6146435452793835], "argmax_sim_u4_predicted_ops": 2}, "E : H  ::  F : ?": {"sim_u1_trans_u2": [0.6238532110091743, 0.28820960698689957, 0.29008746355685133, 0.291970802919708, 0.5747330960854092, 0.2863372093023256, 0.3169642857142857, 0.29385964912280704], "unary_tran": [{"name": null}], "sim_u4_predicted_ops": [0.62, 0.8351893095768375, 0.40252707581227437, 0.2403225806451613, 0.424483306836248, 0.5789473684210527, 0.75564681724846, 0.6146435452793835], "argmax_sim_u4_predicted_ops": 2}, "C : F  ::  F : ?": {"sim_u1_trans_u2": [0.39464285714285713, 0.2203125, 0.2203125, 0.2203125, 0.39713774597495527, 0.21840873634945399, 0.21840873634945399, 0.2222222222222222], "unary_tran": [{"name": "mirror_left_right"}], "sim_u4_predicted_ops": [0.6164079822616408, 0.8070175438596491, 0.4101633393829401, 0.2403225806451613, 0.4267515923566879, 0.5789473684210527, 0.7307692307692307, 0.624031007751938], "argmax_sim_u4_predicted_ops": 2}, "A : G  ::  C : ?": {"sim_u1_trans_u2": [0.33612040133779264, 0.1819526627218935, 0.17673048600883653, 0.18020679468242246, 0.33835845896147404, 0.18020679468242246, 0.17673048600883653, 0.1819526627218935], "unary_tran": [{"name": "mirror_left_right"}], "sim_u4_predicted_ops": [0.5364806866952789, 0.4031141868512111, 0.806146572104019, 0.39226519337016574, 0.2507082152974504, 0.5475728155339806, 0.4271186440677966, 0.34364820846905536], "argmax_sim_u4_predicted_ops": 3}, "B : H  ::  C : ?": {"sim_u1_trans_u2": [0.5974499089253188, 0.18995929443690637, 0.26187050359712233, 0.18513513513513513, 0.5577264653641207, 0.18834688346883469, 0.2878120411160059, 0.18673883626522328], "unary_tran": [{"name": null}], "sim_u4_predicted_ops": [0.5397849462365591, 0.4031141868512111, 0.8104265402843602, 0.39226519337016574, 0.2524822695035461, 0.6101010101010101, 0.42470389170896783, 0.3458401305057096], "argmax_sim_u4_predicted_ops": 3}}, "binary_analogies_data": {"A : B : C  ::  G : H : ?": {"b1_b2_align_x": 3, "b1_b2_align_y": 0, "sim_b1_b2_trans_b3": [0.5317577548005908, 0.3817733990147783, 0.16403162055335968, 0.26692456479690524, 0.31297709923664124], "b1_b2_tran": [{"name": "unite"}], "sim_b6_predicted_ops": [0.39762611275964393, 0.5050798258345428, 0.29750982961992134, 0.2753246753246753, 0.5842857142857143, 0.32170542635658916, 0.469050894085282, 0.6319875776397516], "argmax_sim_b6_predicted_ops": 8}, "D : E : F  ::  G : H : ?": {"b1_b2_align_x": 3, "b1_b2_align_y": 0, "sim_b1_b2_trans_b3": [0.5802469135802469, 0.6443418013856813, 0.136, 0.18763796909492272, 0.2016949152542373], "b1_b2_tran": [{"name": "intersect"}], "sim_b6_predicted_ops": [0.4791666666666667, 0.4766146993318486, 0.3078556263269639, 0.2746331236897275, 0.389413988657845, 0.29282868525896416, 0.4579831932773109, 0.4911894273127753], "argmax_sim_b6_predicted_ops": 8}, "A : D : G  ::  C : F : ?": {"b1_b2_align_x": 0, "b1_b2_align_y": -3, "sim_b1_b2_trans_b3": [0.3755274261603376, 0.352549889135255, 0.14124293785310735, 0.20161290322580644, 0.1984732824427481], "b1_b2_tran": [{"name": "unite"}], "sim_b6_predicted_ops": [0.4015503875968992, 0.47781065088757396, 0.61082910321489, 0.3681159420289855, 0.2966101694915254, 0.5836012861736335, 0.43654114365411434, 0.4267605633802817], "argmax_sim_b6_predicted_ops": 3}, "B : E : H  ::  C : F : ?": {"b1_b2_align_x": 0, "b1_b2_align_y": 3,