{"unary_analogies_data": {"A : B  ::  H : ?": {"sim_u1_trans_u2": [0.5787106446776612, 0.19863403528742174, 0.43460490463215257, 0.2528256989886972, 0.9145454545454546, 0.23591549295774647, 0.2388235294117647, 0.21593533487297922], "unary_tran": [{"name": "mirror_left_right"}], "sim_u4_predicted_ops": [0.4765625, 0.5302942873629544, 0.6199616122840691, 0.3910840932117528, 0.4855403348554033, 0.6309734513274337, 0.33649588867805186, 0.44329896907216493], "argmax_sim_u4_predicted_ops": 6}, "B : C  ::  H : ?": {"sim_u1_trans_u2": [0.6838111298482293, 0.2942320155541154, 0.3069371727748691, 0.2735969387755102, 0.6641666666666667, 0.2744097000638162, 0.3129520052596976, 0.29507133592736706], "unary_tran": [{"name": null}], "sim_u4_predicted_ops": [0.47464239271781533, 0.5223880597014925, 0.615311004784689, 0.38827098078867545, 0.795768169273229, 0.6295313881520778, 0.3484365028717294, 0.44223693892568067], "argmax_sim_u4_predicted_ops": 5}, "D : E  ::  H : ?": {"sim_u1_trans_u2": [0.5788288288288288, 0.2517857142857143, 0.41807147673634526, 0.1888072357263991, 0.9100817438692098, 0.21490467937608318, 0.22338568935427575, 0.2262390670553936], "unary_tran": [{"name": "mirror_left_right"}], "sim_u4_predicted_ops": [0.4765625, 0.5302942873629544, 0.6199616122840691, 0.3910840932117528, 0.4855403348554033, 0.6309734513274337, 0.33649588867805186, 0.44329896907216493], "argmax_sim_u4_predicted_ops": 6}, "E : F  ::  H : ?": {"sim_u1_trans_u2": [0.7254237288135593, 0.26853582554517136, 0.30262316058861166, 0.2968152866242038, 0.6966666666666667, 0.30179028132992325, 0.30764290301862557, 0.2638112973308504], "unary_tran": [{"name": null}], "sim_u4_predicted_ops": [0.47464239271781533, 0.5223880597014925, 0.615311004784689, 0.38827098078867545, 0.795768169273229, 0.6295313881520778, 0.3484365028717294, 0.44223693892568067], "argmax_sim_u4_predicted_ops": 5}, "G : H  ::  H : ?": {"sim_u1_trans_u2": [0.5511363636363636, 0.20872865275142316, 0.7977422389463782, 0.21642266072565244, 0.911, 0.21025965801139962, 0.48254460822342904, 0.21102661596958175], "unary_tran": [{"name": "mirror_left_right"}], "sim_u4_predicted_ops": [0.4765625, 0.5302942873629544, 0.6199616122840691, 0.3910840932117528, 0.4855403348554033, 0.6309734513274337, 0.33649588867805186, 0.44329896907216493], "argmax_sim_u4_predicted_ops": 6}, "A : C  ::  G : ?": {"sim_u1_trans_u2": [0.6412593206296603, 0.26339285714285715, 0.3171542553191489, 0.3058668424522083, 0.6703204047217538, 0.3058668424522083, 0.30672823218997364, 0.26178343949044586], "unary_tran": [{"name": "mirror_left_right"}], "sim_u4_predicted_ops": [0.48111332007952284, 0.4940102681118083, 0.5974903474903475, 0.38860103626943004, 0.8363636363636363, 0.6666666666666666, 0.33590237636480413, 0.4466966966966967], "argmax_sim_u4_predicted_ops": 5}, "D : F  ::  G : ?": {"sim_u1_trans_u2": [0.6850459482038429, 0.3038138332255979, 0.3029715762273902, 0.2559153175591532, 0.7107718405428329, 0.2598376014990631, 0.2987765614938828, 0.2979407979407979], "unary_tran": [{"name": "mirror_left_right"}], "sim_u4_predicted_ops": [0.48111332007952284, 0.4940102681118083, 0.5974903474903475, 0.38860103626943004, 0.8363636363636363, 0.6666666666666666, 0.33590237636480413, 0.4466966966966967], "argmax_sim_u4_predicted_ops": 5}, "A : D  ::  F : ?": {"sim_u1_trans_u2": [0.42847364818617384, 0.2572289156626506, 0.5679939894815927, 0.18243626062322946, 0.23054245283018868, 0.21690962099125363, 0.9377901578458682, 0.22046783625730995], "unary_tran": [{"name": "mirror_left_right"}, {"name": "rot_binary", "args": {"angle": 180}}], "sim_u4_predicted_ops": [0.6528384279475983, 0.5258620689655172, 0.45650301464254955, 0.37462537462537465, 0.5131578947368421, 0.5831903945111492, 0.381201044386423, 0.4152847873107426], "argmax_sim_u4_predicted_ops": 1}, "D : G  ::  F : ?": {"sim_u1_trans_u2": [0.6689132266217355, 0.17846519928613921, 0.3412322274881517, 0.20866381940207443, 0.3747397640527412, 0.1735781990521327, 0.592443729903537, 0.2057212416311625], "unary_tran": [{"name": null}], "sim_u4_predicted_ops": [0.6256263421617753, 0.5293778801843319, 0.48333333333333334, 0.3870967741935484, 0.451373422420193, 0.5551811288963774, 0.3776041666666667, 0.7796917497733454], "argmax_sim_u4_predicted_ops": 8}, "B : E  ::  F : ?": {"sim_u1_trans_u2": [0.4386440677966102, 0.20705346985210465, 0.5580029368575624, 0.24896998234255444, 0.23228803716608595, 0.22588099364529174, 0.908273381294964, 0.22658959537572254], "unary_tran": [{"name": "mirror_left_right"}, {"name": "rot_binary", "args": {"angle": 180}}], "sim_u4_predicted_ops": [0.6528384279475983, 0.5258620689655172, 0.45650301464254955, 0.37462537462537465, 0.5131578947368421, 0.5831903945111492, 0.381201044386423, 0.4152847873107426], "argmax_sim_u4_predicted_ops": 1}, "E : H  ::  F : ?": {"sim_u1_trans_u2": [0.6732510288065844, 0.20438388625592416, 0.34635761589403974, 0.18404193360512522, 0.3991741225051617, 0.21156138259833135, 0.6033123028391167, 0.17582417582417584], "unary_tran": [{"name": null}], "sim_u4_predicted_ops": [0.6256263421617753, 0.5293778801843319, 0.48333333333333334, 0.3870967741935484, 0.451373422420193, 0.5551811288963774, 0.3776041666666667, 0.7796917497733454], "argmax_sim_u4_predicted_ops": 8}, "C : F  ::  F : ?": {"sim_u1_trans_u2": [0.41346153846153844, 0.3553191489361702, 0.8662109375, 0.35628105039034774, 0.41346153846153844, 0.35339943342776203, 0.8846153846153846, 0.3572443181818182], "unary_tran": [{"name": "mirror_left_right"}, {"name": "rot_binary", "args": {"angle": 180}}], "sim_u4_predicted_ops": [0.6528384279475983, 0.5258620689655172, 0.45650301464254955, 0.37462537462537465, 0.5131578947368421, 0.5831903945111492, 0.381201044386423, 0.4152847873107426], "argmax_sim_u4_predicted_ops": 1}, "A : G  ::  C : ?": {"sim_u1_trans_u2": [0.5987107171635777, 0.20681265206812652, 0.37682165163081194, 0.17535545023696683, 0.3469110658520027, 0.2097560975609756, 0.6588628762541806, 0.17954815695600476], "unary_tran": [{"name": "mirror_left_right"}, {"name": "rot_binary", "args": {"angle": 180}}], "sim_u4_predicted_ops": [0.6656716417910448, 0.4863636363636364, 0.4632418069087688, 0.39707419017763845, 0.4772552043176561, 0.5754141238012206, 0.3673469387755102, 0.8517805582290664], "argmax_sim_u4_predicted_ops": 8}, "B : H  ::  C : ?": {"sim_u1_trans_u2": [0.578416149068323, 0.17311021350259664, 0.3811141304347826, 0.20652818991097924, 0.33398950131233596, 0.18266433973240256, 0.6555374592833876, 0.2001180637544274], "unary_tran": [{"name": "mirror_left_right"}, {"name": "rot_binary", "args": {"angle": 180}}], "sim_u4_predicted_ops": [0.6656716417910448, 0.4863636363636364, 0.4632418069087688, 0.39707419017763845, 0.4772552043176561, 0.5754141238012206, 0.3673469387755102, 0.8517805582290664], "argmax_sim_u4_predicted_ops": 8}}, "binary_analogies_data": {"A : B : C  ::  G : H : ?": {"b1_b2_align_x": -1, "b1_b2_align_y": 0, "sim_b1_b2_trans_b3": [0.7057396928051738, 0.7045908183632734, 0.10612991765782251, 0.10822060353798127, 0.18511957484499558], "b1_b2_tran": [{"name": "unite"}], "sim_b6_predicted_ops": [0.5257400257400258, 0.5797018348623854, 0.5669291338582677, 0.36666666666666664, 0.5639269406392694, 0.725177304964539, 0.3159144893111639, 0.5135730007336757], "argmax_sim_b6_predicted_ops": 6}, "D : E : F  ::  G : H : ?": {"b1_b2_align_x": -1, "b1_b2_align_y": 0, "sim_b1_b2_trans_b3": [0.758957654723127, 0.7425149700598802, 0.10363153232949512, 0.11688311688311688, 0.178117048346056], "b1_b2_tran": [{"name": "unite"}], "sim_b6_predicted_ops": [0.5257400257400258, 0.5797018348623854, 0.5669291338582677, 0.36666666666666664, 0.5639269406392694, 0.725177304964539, 0.3159144893111639, 0.5135730007336757], "argmax_sim_b6_predicted_ops": 6}, "A : D : G  ::  C : F : ?": {"b1_b2_align_x": 0, "b1_b2_align_y": -7, "sim_b1_b2_trans_b3": [0.7357594936708861, 0.6336116910229646, 0.15574468085106383, 0.1943866943866944, 0.2675828617623282], "b1_b2_tran": [{"name": "unite"}],