{"unary_analogies_data": {"A : B  ::  H : ?": {"sim_u1_trans_u2": [0.40014903129657226, 0.15701970443349753, 0.3431022158684775, 0.15559655596555966, 0.39288361749444034, 0.15488629379225569, 0.3440629470672389, 0.15701970443349753], "unary_tran": [{"name": null}], "sim_u4_predicted_ops": [0.2820746132848044, 0.4388440860215054, 0.44952893674293404, 0.570464135021097, 0.34994337485843713, 0.2403495994173343, 0.8436724565756824, 0.43978658536585363], "argmax_sim_u4_predicted_ops": 7}, "B : C  ::  H : ?": {"sim_u1_trans_u2": [0.46358267716535434, 0.15809968847352024, 0.5377456049638056, 0.15809968847352024, 0.46646942800788954, 0.15719844357976653, 0.5204498977505112, 0.15719844357976653], "unary_tran": [{"name": "rot_binary", "args": {"angle": 180}}], "sim_u4_predicted_ops": [0.3070500927643785, 0.4388440860215054, 0.4096858638743455, 0.5456810631229236, 0.38122827346465815, 0.23495286439448876, 0.7860576923076923, 0.42781557067271353], "argmax_sim_u4_predicted_ops": 7}, "D : E  ::  H : ?": {"sim_u1_trans_u2": [0.3445575567736883, 0.11711125569290826, 0.3258687258687259, 0.11493506493506493, 0.3445575567736883, 0.11711125569290826, 0.3268933539412674, 0.11348897535667964], "unary_tran": [{"name": null}], "sim_u4_predicted_ops": [0.2820746132848044, 0.4388440860215054, 0.44952893674293404, 0.570464135021097, 0.34994337485843713, 0.2403495994173343, 0.8436724565756824, 0.43978658536585363], "argmax_sim_u4_predicted_ops": 7}, "E : F  ::  H : ?": {"sim_u1_trans_u2": [0.4673202614379085, 0.1141439205955335, 0.4609544468546638, 0.11970074812967581, 0.4515086206896552, 0.11691542288557213, 0.4657236126224157, 0.11877076411960133], "unary_tran": [{"name": null}], "sim_u4_predicted_ops": [0.2820746132848044, 0.4388440860215054, 0.44952893674293404, 0.570464135021097, 0.34994337485843713, 0.2403495994173343, 0.8436724565756824, 0.43978658536585363], "argmax_sim_u4_predicted_ops": 7}, "G : H  ::  H : ?": {"sim_u1_trans_u2": [0.27152899824253074, 0.10205635948210205, 0.2862222222222222, 0.10121765601217655, 0.27714033539276256, 0.10289634146341463, 0.27714033539276256, 0.10289634146341463], "unary_tran": [{"name": "rot_binary", "args": {"angle": 180}}], "sim_u4_predicted_ops": [0.3070500927643785, 0.4388440860215054, 0.4096858638743455, 0.5456810631229236, 0.38122827346465815, 0.23495286439448876, 0.7860576923076923, 0.42781557067271353], "argmax_sim_u4_predicted_ops": 7}, "A : C  ::  G : ?": {"sim_u1_trans_u2": [0.4674674674674675, 0.1173780487804878, 0.5431578947368421, 0.1173780487804878, 0.46893787575150303, 0.11652703731911652, 0.5350785340314136, 0.1173780487804878], "unary_tran": [{"name": "rot_binary", "args": {"angle": 180}}], "sim_u4_predicted_ops": [0.2850595783684693, 0.39934426229508196, 0.4343163538873995, 0.46909667194928684, 0.3605051664753157, 0.2289855072463768, 0.26952789699570817, 0.31608391608391606], "argmax_sim_u4_predicted_ops": 4}, "D : F  ::  G : ?": {"sim_u1_trans_u2": [0.47739801543550164, 0.07890499194847021, 0.4596949891067538, 0.08239095315024232, 0.4517876489707476, 0.08064516129032258, 0.48066298342541436, 0.08151735270379339], "unary_tran": [{"name": "mirror_left_right"}, {"name": "rot_binary", "args": {"angle": 180}}], "sim_u4_predicted_ops": [0.28623853211009176, 0.42456608811748997, 0.41909814323607425, 0.49516129032258066, 0.35583524027459956, 0.22987672226250908, 0.2662671232876712, 0.32070175438596493], "argmax_sim_u4_predicted_ops": 4}, "A : D  ::  F : ?": {"sim_u1_trans_u2": [0.5900178253119429, 0.09313725490196079, 0.5942806076854334, 0.0998766954377312, 0.5472679965307893, 0.09313725490196079, 0.620345140781108, 0.0998766954377312], "unary_tran": [{"name": "mirror_left_right"}, {"name": "rot_binary", "args": {"angle": 180}}], "sim_u4_predicted_ops": [0.5855978260869565, 0.30515463917525776, 0.6633466135458167, 0.2511591962905719, 0.8234165067178503, 0.45084409136047665, 0.3419633225458468, 0.3466884709730172], "argmax_sim_u4_predicted_ops": 5}, "D : G  ::  F : ?": {"sim_u1_trans_u2": [0.6862955032119914, 0.056338028169014086, 0.6899141630901288, 0.056338028169014086, 0.6304347826086957, 0.05563002680965148, 0.7403314917127072, 0.056338028169014086], "unary_tran": [{"name": "mirror_left_right"}, {"name": "rot_binary", "args": {"angle": 180}}], "sim_u4_predicted_ops": [0.5855978260869565, 0.30515463917525776, 0.6633466135458167, 0.2511591962905719, 0.8234165067178503, 0.45084409136047665, 0.3419633225458468, 0.3466884709730172], "argmax_sim_u4_predicted_ops": 5}, "B : E  ::  F : ?": {"sim_u1_trans_u2": [0.581151832460733, 0.18975705843729482, 0.6007067137809188, 0.18664047151277013, 0.578397212543554, 0.18586387434554974, 0.6193029490616622, 0.1874180865006553], "unary_tran": [{"name": "mirror_left_right"}, {"name": "rot_binary", "args": {"angle": 180}}], "sim_u4_predicted_ops": [0.5855978260869565, 0.30515463917525776, 0.6633466135458167, 0.2511591962905719, 0.8234165067178503, 0.45084409136047665, 0.3419633225458468, 0.3466884709730172], "argmax_sim_u4_predicted_ops": 5}, "E : H  ::  F : ?": {"sim_u1_trans_u2": [0.7347161572052402, 0.19204801200300076, 0.6814814814814815, 0.19473684210526315, 0.7442371020856202, 0.19204801200300076, 0.6886291179596175, 0.1911544227886057], "unary_tran": [{"name": "mirror_left_right"}], "sim_u4_predicted_ops": [0.5964432284541724, 0.30068493150684933, 0.630859375, 0.2511591962905719, 0.833976833976834, 0.4337585868498528, 0.3333333333333333, 0.34558823529411764], "argmax_sim_u4_predicted_ops": 5}, "C : F  ::  F : ?": {"sim_u1_trans_u2": [0.4833091436865022, 0.18699186991869918, 0.47262247838616717, 0.1787773933102653, 0.47262247838616717, 0.18975552968568102, 0.49415204678362573, 0.1787773933102653], "unary_tran": [{"name": "mirror_left_right"}, {"name": "rot_binary", "args": {"angle": 180}}], "sim_u4_predicted_ops": [0.5855978260869565, 0.30515463917525776, 0.6633466135458167, 0.2511591962905719, 0.8234165067178503, 0.45084409136047665, 0.3419633225458468, 0.3466884709730172], "argmax_sim_u4_predicted_ops": 5}, "A : G  ::  C : ?": {"sim_u1_trans_u2": [0.6878198567041965, 0.06387096774193549, 0.5825335892514395, 0.06387096774193549, 0.6072124756335283, 0.06387096774193549, 0.6407960199004975, 0.0645577792123951], "unary_tran": [{"name": null}], "sim_u4_predicted_ops": [0.6253333333333333, 0.3399725274725275, 0.6186131386861314, 0.24608501118568232, 0.45428156748911463, 0.44508118433619864, 0.34300518134715025, 0.23563636363636364], "argmax_sim_u4_predicted_ops": 1}, "B : H  ::  C : ?": {"sim_u1_trans_u2": [0.6571146245059288, 0.185997171145686, 0.6653426017874876, 0.18767705382436262, 0.6281553398058253, 0.18515901060070672, 0.693939393939394, 0.18851878100637845], "unary_tran": [{"name": "mirror_left_right"}, {"name": "rot_binary", "args": {"angle": 180}}], "sim_u4_predicted_ops": [0.7339971550497866, 0.3381344307270233, 0.5699115044247788, 0.24887892376681614, 0.4778761061946903, 0.44232602478551003, 0.32515337423312884, 0.22760115606936415], "argmax_sim_u4_predicted_ops": 1}}, "binary_analogies_data": {"A : B : C  ::  G : H : ?": {"b1_b2_align_x": -3, "b1_b2_align_y": 0, "sim_b1_b2_trans_b3": [0.4701195219123506, 0.7549019607843137, 0.1656210790464241, 0.012962962962962963, 0.16356877323420074], "b1_b2_tran": [{"name": "intersect"}], "sim_b6_predicted_ops": [0.4238505747126437, 0.20742817098808689, 0.840782122905028, 0.2526041666666667, 0.6226415094339622, 0.2914572864321608, 0.37806451612903225, 0.25298126064735943], "argmax_sim_b6_predicted_ops": 3}, "D : E : F  ::  G : H : ?": {"b1_b2_align_x": -2, "b1_b2_align_y": 0, "sim_b1_b2_trans_b3": [0.4891304347826087, 0.8031189083820662, 0.19205298013245034, 0.04251012145748988, 0.18471337579617833], "b1_b2_tran": [{"name": "intersect"}], "sim_b6_predicted_ops": [0.4213564213564214, 0.20660576247364723, 0.8498583569405099, 0.25392670157068065, 0.5966735966735967, 0.29322548028311424, 0.37922077922077924, 0.2457482993197279], "argmax_sim_b6_predicted_ops": 3}, "A : D : G  ::  C : F : ?": {"b1_b2_align_x": -1, "b1_b2_align_y": 0,