{"unary_analogies_data": {"A : B  ::  C : ?": {"sim_u1_trans_u2": [0.5185528756957328, 0.4977127172918573, 0.5227906976744187, 0.5004582951420715, 0.5157407407407407, 0.5059797608095676, 0.5171455050973123, 0.501834862385321, 0.9555555555555556], "best_unary_tran": [{"name": "add_diff"}], "sim_u4_predicted_ops": [0.46935300794551643, 0.7796610169491526, 0.08622828784119106, 0.6515495086923658, 0.5606217616580311, 0.19693654266958424], "argmax_sim_u4_predicted_ops": 2}, "A : C  ::  B : ?": {"sim_u1_trans_u2": [0.28411513859275056, 0.28685897435897434, 0.2773064687168611, 0.2786624203821656, 0.28685897435897434, 0.28138297872340423, 0.2759533898305085, 0.28343100692594564, 0.5066539923954373], "best_unary_tran": [{"name": "add_diff"}], "sim_u4_predicted_ops": [0.5189599133261105, 0.4737934613388687, 0.403283369022127, 0.5434083601286174, 0.4850437183617119, 0.2898550724637681], "argmax_sim_u4_predicted_ops": 4}}, "binary_analogies_data": {}}