{"unary_analogies_data": {"A : B  ::  H : ?": {"sim_u1_trans_u2": [0.19506726457399104, 0.20953101361573373, 0.18620178041543026, 0.20497362471740768, 0.18973214285714285, 0.20135236664162284, 0.18007380073800738, 0.1968562874251497, 0.33984375], "best_unary_tran": [{"name": "add_diff"}], "sim_u4_predicted_ops": [0.164802825191289, 0.3084507042253521, 0.16624685138539042, 0.48619631901840493, 0.2278397898883782, 0.25404312668463613, 0.17451690821256038, 0.20175989943431805], "argmax_sim_u4_predicted_ops": 4}, "B : C  ::  H : ?": {"sim_u1_trans_u2": [0.4701492537313433, 0.37077534791252487, 0.33624031007751937, 0.3323671497584541, 0.385929648241206, 0.3466796875, 0.3108365019011407, 0.30340264650283555, 0.8047445255474452], "best_unary_tran": [{"name": "add_diff"}], "sim_u4_predicted_ops": [0.1740216486261449, 0.40261153427638735, 0.1562913907284768, 0.6395209580838324, 0.2893954410307235, 0.3116751269035533, 0.17306052855924978, 0.23778801843317973], "argmax_sim_u4_predicted_ops": 4}, "D : E  ::  H : ?": {"sim_u1_trans_u2": [0.6356382978723404, 0.35911602209944754, 0.5708812260536399, 0.34133042529989094, 0.5728900255754475, 0.34573304157549234, 0.6248348745046235, 0.34720700985761227, 0.855098389982111], "best_unary_tran": [{"name": "add_diff"}], "sim_u4_predicted_ops": [0.17418351477449456, 0.4115853658536585, 0.15809284818067754, 0.7141190198366394, 0.2960222016651249, 0.3206831119544592, 0.17985611510791366, 0.23544520547945205], "argmax_sim_u4_predicted_ops": 4}, "E : F  ::  H : ?": {"sim_u1_trans_u2": [0.539906103286385, 0.3133133133133133, 0.3106893106893107, 0.2964426877470356, 0.28627450980392155, 0.32659251769464104, 0.5291375291375291, 0.3185929648241206, 0.8228980322003577], "best_unary_tran": [{"name": "add_diff"}], "sim_u4_predicted_ops": [0.15444015444015444, 0.3267248215701824, 0.15823817292006526, 0.5444933920704845, 0.24354243542435425, 0.26109857035364936, 0.15258677144728225, 0.23005698005698005], "argmax_sim_u4_predicted_ops": 4}, "G : H  ::  H : ?": {"sim_u1_trans_u2": [0.1966374269005848, 0.2134914751667902, 0.21079881656804733, 0.21079881656804733, 0.2001466275659824, 0.20279206465833946, 0.21800595238095238, 0.19838945827232796, 0.3605898123324397], "best_unary_tran": [{"name": "add_diff"}], "sim_u4_predicted_ops": [0.15954875100725222, 0.3615702479338843, 0.15035644847699287, 0.6544378698224852, 0.2582781456953642, 0.2862706913339825, 0.16888519134775373, 0.21308576480990274], "argmax_sim_u4_predicted_ops": 4}, "A : C  ::  G : ?": {"sim_u1_trans_u2": [0.2914622178606477, 0.2839024390243902, 0.25692454632282713, 0.28515625, 0.27643064985451016, 0.2889324191968658, 0.25933014354066986, 0.2789115646258503, 0.541970802919708], "best_unary_tran": [{"name": "add_diff"}], "sim_u4_predicted_ops": [0.14775910364145659, 0.23615635179153094, 0.14227877385772122, 0.19342793129200897, 0.257189811010682, 0.22070626003210272, 0.10385144429160935, 0.16444444444444445], "argmax_sim_u4_predicted_ops": 5}, "D : F  ::  G : ?": {"sim_u1_trans_u2": [0.45010183299389, 0.2680320569902048, 0.42685370741482964, 0.2657777777777778, 0.4340382678751259, 0.26916221033868093, 0.45901639344262296, 0.2669039145907473, 0.6587183308494784], "best_unary_tran": [{"name": "add_diff"}], "sim_u4_predicted_ops": [0.1411764705882353, 0.20463576158940397, 0.16359918200409, 0.17657992565055763, 0.2272117962466488, 0.20184696569920843, 0.10492753623188406, 0.24039735099337747], "argmax_sim_u4_predicted_ops": 8}, "A : D  ::  F : ?": {"sim_u1_trans_u2": [0.21229991575400167, 0.40940254652301666, 0.21639898562975485, 0.388996138996139, 0.22363945578231292, 0.40940254652301666, 0.20721476510067113, 0.36657169990503324, 0.37555886736214605], "best_unary_tran": [{"name": "rot_binary", "args": {"angle": 90}}], "sim_u4_predicted_ops": [0.21371610845295055, 0.3081232492997199, 0.20414776409591703, 0.26473099914602904, 0.2764227642276423, 0.296398891966759, 0.15527950310559005, 0.1985172981878089], "argmax_sim_u4_predicted_ops": 2}, "D : G  ::  F : ?": {"sim_u1_trans_u2": [0.2688870836718115, 0.23575949367088608, 0.25967741935483873, 0.21745908028059235, 0.2586623690572119, 0.2270227808326787, 0.2688870836718115, 0.23478260869565218, 0.4932935916542474], "best_unary_tran": [{"name": "add_diff"}], "sim_u4_predicted_ops": [0.18208778173190984, 0.20463320463320464, 0.21618798955613577, 0.18951858622790982, 0.3092425295343989, 0.22149837133550487, 0.11433447098976109, 0.29088471849865954], "argmax_sim_u4_predicted_ops": 5}, "B : E  ::  F : ?": {"sim_u1_trans_u2": [0.33014354066985646, 0.3051643192488263, 0.2858464384828862, 0.2930232558139535, 0.301498127340824, 0.28703703703703703, 0.301498127340824, 0.2858464384828862, 0.6171735241502684], "best_unary_tran": [{"name": "add_diff"}], "sim_u4_predicted_ops": [0.18450479233226838, 0.27408793264733394, 0.18578878748370273, 0.24956672443674177, 0.39634146341463417, 0.2865221489161169, 0.13026521060842433, 0.3511450381679389], "argmax_sim_u4_predicted_ops": 5}, "E : H  ::  F : ?": {"sim_u1_trans_u2": [0.3343558282208589, 0.36506276150627615, 0.35233160621761656, 0.3942307692307692, 0.34953464322647365, 0.36506276150627615, 0.37658227848101267, 0.35796045785639957, 0.5849731663685152], "best_unary_tran": [{"name": "add_diff"}], "sim_u4_predicted_ops": [0.1831340465701699, 0.2933823529411765, 0.19848566792861005, 0.4113584036838066, 0.3366037735849057, 0.2594710507505361, 0.16983523447401774, 0.3033788641265277], "argmax_sim_u4_predicted_ops": 4}, "C : F  ::  F : ?": {"sim_u1_trans_u2": [0.3651626442812172, 0.3651626442812172, 0.3637316561844864, 0.3495850622406639, 0.3509865005192108, 0.362303664921466, 0.3537981269510926, 0.34262125902992774, 0.635036496350365], "best_unary_tran": [{"name": "add_diff"}], "sim_u4_predicted_ops": [0.18304431599229287, 0.2292857142857143, 0.2, 0.21116341627437793, 0.3475894245723173, 0.24297043979812544, 0.1195046439628483, 0.30610743193524653], "argmax_sim_u4_predicted_ops": 5}, "A : G  ::  C : ?": {"sim_u1_trans_u2": [0.17576187101346563, 0.24830699774266365, 0.2047930283224401, 0.18584703359542531, 0.17659574468085107, 0.23898431665421957, 0.21627565982404692, 0.19438444924406048, 0.3229166666666667], "best_unary_tran": [{"name": "add_diff"}], "sim_u4_predicted_ops": [0.16909436352121596, 0.2730627306273063, 0.18458197611292074, 0.3684609552691433, 0.24874191229331416, 0.3180778032036613, 0.17662337662337663, 0.19878706199460916], "argmax_sim_u4_predicted_ops": 4}, "B : H  ::  C : ?": {"sim_u1_trans_u2": [0.43103448275862066, 0.3387096774193548, 0.2915642915642916, 0.34786324786324785, 0.41308243727598565, 0.3421276595744681, 0.2852485737571312, 0.3387096774193548, 0.6367292225201072], "best_unary_tran": [{"name": "add_diff"}], "sim_u4_predicted_ops": [0.17050691244239632, 0.39441747572815533, 0.1414356787491116, 0.5229244114002478, 0.35, 0.43820224719101125, 0.1693472090823084, 0.22380467955239064], "argmax_sim_u4_predicted_ops": 4}, "F : G  ::  E : ?": {"sim_u1_trans_u2": [0.3057982525814138, 0.2607361963190184, 0.2511415525114155, 0.22048997772828507, 0.21507760532150777, 0.2773892773892774, 0.31942215088282505, 0.2549618320610687, 0.5112881806108898], "best_unary_tran": [{"name": "add_diff"}], "sim_u4_predicted_ops": [0.19797979797979798, 0.24849397590361447, 0.18024553571428573, 0.24320457796852646, 0.3790255986787779, 0.2865995352439969, 0.11858974358974358, 0.27002967359050445], "argmax_sim_u4_predicted_ops": 5}, "G : B  ::  E : ?": {"sim_u1_trans_u2": [0.1762295081967213, 0.1643002028397566, 0.16666666666666666, 0.16587677725118483, 0.18350515463917524, 0.16824966078697423, 0.18676774638180565, 0.17222600408441116, 0.3104693140794224], "best_unary_tran": [{"name": "add_diff"}], "sim_u4_predicted_ops": [0.21911196911196912, 0.3419506462984724, 0.17400881057268722, 0.31965442764578833, 0.5224274406332454, 0.4049079754601227, 0.15725047080979285, 0.35141242937853107], "argmax_sim_u4_predicted_ops": 5},