{"unary_analogies_data": {"A : B  ::  H : ?": {"sim_u1_trans_u2": [0.41710758377425045, 0.4196113074204947, 0.901775147928994, 0.41585903083700443, 0.42338352524357836, 0.4196113074204947, 0.41585903083700443, 0.8642691415313225, 0.6048593350383632], "best_unary_tran": [{"name": "rot_binary", "args": {"angle": 180}}], "sim_u4_predicted_ops": [0.3027863777089783, 0.2826923076923077, 0.5382899628252789, 0.2937249666221629, 0.4209070796460177, 0.3204323570432357, 0.23001567398119122, 0.5861865407319953], "argmax_sim_u4_predicted_ops": 8}, "B : C  ::  H : ?": {"sim_u1_trans_u2": [0.6736474694589878, 0.35356386732533523, 0.6839332748024582, 0.3488045007032349, 0.35070422535211265, 0.6506024096385542, 0.3545197740112994, 0.6898678414096916, 0.9357575757575758], "best_unary_tran": [{"name": "add_diff"}], "sim_u4_predicted_ops": [0.7221022318214543, 0.25840783312047677, 0.4531442663378545, 0.315356113627007, 0.5052687038988409, 0.3462173769408655, 0.23362131029517638, 0.6788939051918735], "argmax_sim_u4_predicted_ops": 1}, "D : E  ::  H : ?": {"sim_u1_trans_u2": [0.46218487394957986, 0.4608208955223881, 0.9097560975609756, 0.4608208955223881, 0.4608208955223881, 0.9214723926380368, 0.4581005586592179, 0.4635514018691589, 0.6487549148099607], "best_unary_tran": [{"name": "mirror_left_right"}, {"name": "rot_binary", "args": {"angle": 90}}], "sim_u4_predicted_ops": [0.5666418466120625, 0.28207592503604034, 0.5213235294117647, 0.3041722745625841, 0.4193370165745856, 0.32135380321004886, 0.23001567398119122, 0.572264482153306], "argmax_sim_u4_predicted_ops": 8}, "E : F  ::  H : ?": {"sim_u1_trans_u2": [0.6848934198331789, 0.3731117824773414, 0.6911627906976744, 0.3741496598639456, 0.3700075357950264, 0.6848934198331789, 0.3741496598639456, 0.7054409005628518, 0.9685452162516383], "best_unary_tran": [{"name": "add_diff"}], "sim_u4_predicted_ops": [0.7394468704512372, 0.3070796460176991, 0.7214912280701754, 0.3006109979633401, 0.3839069316529326, 0.413745227351614, 0.2346791636625811, 0.7315084449621433], "argmax_sim_u4_predicted_ops": 1}, "G : H  ::  H : ?": {"sim_u1_trans_u2": [0.2933832709113608, 0.3039647577092511, 0.9292364990689013, 0.3023255813953488, 0.3640552995391705, 0.48637015781922527, 0.2933832709113608, 0.528023598820059, 0.45542635658914726], "best_unary_tran": [{"name": "rot_binary", "args": {"angle": 180}}], "sim_u4_predicted_ops": [0.3027863777089783, 0.2826923076923077, 0.5382899628252789, 0.2937249666221629, 0.4209070796460177, 0.3204323570432357, 0.23001567398119122, 0.5861865407319953], "argmax_sim_u4_predicted_ops": 8}, "A : C  ::  G : ?": {"sim_u1_trans_u2": [0.6548984995586937, 0.31486676016830295, 0.675603217158177, 0.3157894736842105, 0.33167613636363635, 0.6490765171503958, 0.33167613636363635, 0.6053082191780822, 0.948849104859335], "best_unary_tran": [{"name": "add_diff"}], "sim_u4_predicted_ops": [0.343013698630137, 0.24689826302729528, 0.42958579881656805, 0.3965665236051502, 0.44930417495029823, 0.4080381471389646, 0.27040816326530615, 0.6224598930481283], "argmax_sim_u4_predicted_ops": 8}, "D : F  ::  G : ?": {"sim_u1_trans_u2": [0.7077205882352942, 0.40226415094339624, 0.7478833490122295, 0.405446293494705, 0.40226415094339624, 0.7397003745318352, 0.4075757575757576, 0.7077205882352942, 0.958904109589041], "best_unary_tran": [{"name": "add_diff"}], "sim_u4_predicted_ops": [0.45169230769230767, 0.3031654034774855, 0.7063142437591777, 0.29484029484029484, 0.37890625, 0.41131284916201116, 0.23238925199709515, 0.7459940652818992], "argmax_sim_u4_predicted_ops": 8}, "A : D  ::  F : ?": {"sim_u1_trans_u2": [0.43568840579710144, 0.49528301886792453, 0.4292155094679892, 0.4305054151624549, 0.43309222423146476, 0.4292155094679892, 0.4924670433145009, 0.43568840579710144, 0.6150895140664961], "best_unary_tran": [{"name": "add_diff"}], "sim_u4_predicted_ops": [0.4669522643818849, 0.3136645962732919, 0.7431734317343174, 0.2563800549666274, 0.22832618025751072, 0.36181575433911883, 0.233201581027668, 0.5227388860500767], "argmax_sim_u4_predicted_ops": 3}, "D : G  ::  F : ?": {"sim_u1_trans_u2": [0.6588658865886589, 0.36215816703621584, 0.3672106824925816, 0.4036557501904037, 0.36417468541820874, 0.36518518518518517, 0.4057971014492754, 0.6633574007220217, 0.9115815691158157], "best_unary_tran": [{"name": "add_diff"}], "sim_u4_predicted_ops": [0.4566128067025733, 0.2580780528745279, 0.7135714285714285, 0.270906949352179, 0.31176470588235294, 0.3659588586595886, 0.26191342306293197, 0.5306950786402841], "argmax_sim_u4_predicted_ops": 3}, "B : E  ::  F : ?": {"sim_u1_trans_u2": [0.44626593806921677, 0.4995278564683664, 0.44232515894641233, 0.44363636363636366, 0.4397098821396192, 0.44494995450409464, 0.5066413662239089, 0.4397098821396192, 0.6422018348623854], "best_unary_tran": [{"name": "add_diff"}], "sim_u4_predicted_ops": [0.5518518518518518, 0.28516191396810053, 0.8847209515096066, 0.24111349036402568, 0.25, 0.3492857142857143, 0.2245696400625978, 0.5864928909952607], "argmax_sim_u4_predicted_ops": 3}, "E : H  ::  F : ?": {"sim_u1_trans_u2": [0.6760037348272643, 0.3306152705707932, 0.3650190114068441, 0.38183217859892227, 0.3619119878603945, 0.33358098068350667, 0.40234375, 0.6156615661566157, 0.9488859764089121], "best_unary_tran": [{"name": "add_diff"}], "sim_u4_predicted_ops": [0.6156439649359406, 0.3033905768383972, 0.7334801762114538, 0.24377916018662518, 0.3135904499540863, 0.3628466421650518, 0.21666666666666667, 0.6190217391304348], "argmax_sim_u4_predicted_ops": 3}, "C : F  ::  F : ?": {"sim_u1_trans_u2": [0.30895795246800734, 0.38046272493573263, 0.30656934306569344, 0.37516005121638923, 0.38046272493573263, 0.30656934306569344, 0.376040999359385, 0.30736457699330494, 0.48056872037914694], "best_unary_tran": [{"name": "add_diff"}], "sim_u4_predicted_ops": [0.5486725663716814, 0.2832369942196532, 0.8979779411764706, 0.2390098164746052, 0.24878286270691333, 0.3510714285714286, 0.22269890795631825, 0.5894549763033176], "argmax_sim_u4_predicted_ops": 3}, "A : G  ::  C : ?": {"sim_u1_trans_u2": [0.6458897922312556, 0.3866057838660578, 0.31457431457431456, 0.3496296296296296, 0.31742588575560376, 0.702803738317757, 0.3496296296296296, 0.3466371027346637, 0.9143222506393862], "best_unary_tran": [{"name": "add_diff"}], "sim_u4_predicted_ops": [0.4733373277411624, 0.26803691275167785, 0.35570469798657717, 0.37405223251895536, 0.5839653304442037, 0.34786853237878296, 0.2541277817659727, 0.6416621694549379], "argmax_sim_u4_predicted_ops": 8}, "B : H  ::  C : ?": {"sim_u1_trans_u2": [0.6881818181818182, 0.38685586258401794, 0.3564645726807889, 0.3544857768052516, 0.3564645726807889, 0.6699640287769785, 0.3889304412864622, 0.3544857768052516, 0.9175757575757576], "best_unary_tran": [{"name": "add_diff"}], "sim_u4_predicted_ops": [0.6525951557093426, 0.2577758841073711, 0.38984051978735973, 0.3707044673539519, 0.5867630700778643, 0.36017373872368863, 0.24835886214442013, 0.6986849628359062], "argmax_sim_u4_predicted_ops": 8}, "F : G  ::  E : ?": {"sim_u1_trans_u2": [0.5461254612546126, 0.34037108125399873, 0.5303140978816655, 0.3352453792224347, 0.34294871794871795, 0.5393093313739897, 0.3369495851946394, 0.5370506236243581, 0.7115384615384616], "best_unary_tran": [{"name": "add_diff"}], "sim_u4_predicted_ops": [0.5324074074074074, 0.2886178861788618, 0.5413891531874405, 0.24455696202531646, 0.2895377128953771, 0.20375045077533357, 0.22161671207992734, 0.34092270820850806], "argmax_sim_u4_predicted_ops": 3}, "G : B  ::  E : ?": {"sim_u1_trans_u2": [0.35439360929557007, 0.3835311572700297, 0.6908431550317317, 0.35439360929557007, 0.38868205510052123, 0.35144927536231885, 0.3573508005822416, 0.6832129963898917, 0.5915151515151515], "best_unary_tran": [{"name": "rot_binary", "args": {"angle": 180}}], "sim_u4_predicted_ops": [0.37144992526158443, 0.2849491162292448, 0.6775396085740913, 0.24492685228881547, 0.271420674405749, 0.2709537572254335, 0.22440273037542663, 0.4435820895522388], "argmax_sim_u4_predicted_ops": 3},