{"unary_analogies_data": {"A : B  ::  H : ?": {"sim_u1_trans_u2": [0.1802536231884058, 0.14398595258999122, 0.1582222222222222, 0.20425138632162662, 0.17811934900542495, 0.20202952029520296, 0.1592526690391459, 0.14700704225352113, 0.3189102564102564], "best_unary_tran": [{"name": "add_diff"}], "sim_u4_predicted_ops": [0.5050618672665916, 0.1297208538587849, 0.10987379361544172, 0.31125827814569534, 0.17965367965367965, 0.34044823906083244, 0.19961977186311788, 0.21604938271604937], "argmax_sim_u4_predicted_ops": 1}, "B : C  ::  H : ?": {"sim_u1_trans_u2": [0.28884462151394424, 0.11840968020743302, 0.18065693430656934, 0.1222896790980052, 0.294, 0.12131715771230503, 0.18065693430656934, 0.12034632034632034, 0.4715447154471545], "best_unary_tran": [{"name": "add_diff"}], "sim_u4_predicted_ops": [0.5324947589098532, 0.10329985652797705, 0.1031055900621118, 0.15922619047619047, 0.08553326293558607, 0.4170305676855895, 0.11205432937181664, 0.0851063829787234], "argmax_sim_u4_predicted_ops": 1}, "D : E  ::  H : ?": {"sim_u1_trans_u2": [0.2557522123893805, 0.16216216216216217, 0.16982687551525144, 0.16121112929623568, 0.2524271844660194, 0.16598192276088744, 0.16982687551525144, 0.15836734693877552, 0.4081920903954802], "best_unary_tran": [{"name": "add_diff"}], "sim_u4_predicted_ops": [0.2653927813163482, 0.20075757575757575, 0.16925465838509315, 0.19038817005545286, 0.1361323155216285, 0.2567237163814181, 0.20092378752886836, 0.14560439560439561], "argmax_sim_u4_predicted_ops": 1}, "E : F  ::  H : ?": {"sim_u1_trans_u2": [0.19940179461615154, 0.10265811182401467, 0.116991643454039, 0.14790076335877864, 0.19463753723932473, 0.15451055662188098, 0.116991643454039, 0.1046831955922865, 0.40404040404040403], "best_unary_tran": [{"name": "add_diff"}], "sim_u4_predicted_ops": [0.7181628392484343, 0.14342629482071714, 0.1111111111111111, 0.24251069900142652, 0.09161793372319688, 0.6004319654427646, 0.17084639498432602, 0.1156677181913775], "argmax_sim_u4_predicted_ops": 1}, "G : H  ::  H : ?": {"sim_u1_trans_u2": [0.1470281543274244, 0.12130479102956167, 0.14822546972860126, 0.12130479102956167, 0.14464099895941726, 0.12359550561797752, 0.14942528735632185, 0.1190233977619532, 0.30128205128205127], "best_unary_tran": [{"name": "add_diff"}], "sim_u4_predicted_ops": [0.6465696465696466, 0.1464088397790055, 0.12440758293838862, 0.21739130434782608, 0.11349693251533742, 0.4669421487603306, 0.1834710743801653, 0.11471861471861472], "argmax_sim_u4_predicted_ops": 1}, "A : C  ::  G : ?": {"sim_u1_trans_u2": [0.13047445255474452, 0.15578358208955223, 0.18451242829827916, 0.15363128491620112, 0.13047445255474452, 0.1568627450980392, 0.18451242829827916, 0.15255813953488373, 0.23252032520325203], "best_unary_tran": [{"name": "add_diff"}], "sim_u4_predicted_ops": [0.14084507042253522, 0.1938534278959811, 0.13467336683417086, 0.30268199233716475, 0.23684210526315788, 0.14690721649484537, 0.4592833876221498, 0.29411764705882354], "argmax_sim_u4_predicted_ops": 7}, "D : F  ::  G : ?": {"sim_u1_trans_u2": [0.2484472049689441, 0.13666352497643733, 0.1585014409221902, 0.1323943661971831, 0.24715615305067218, 0.13559322033898305, 0.15738963531669867, 0.13559322033898305, 0.48484848484848486], "best_unary_tran": [{"name": "add_diff"}], "sim_u4_predicted_ops": [0.15591397849462366, 0.21515561569688768, 0.17031070195627157, 0.3572496263079223, 0.20145379023883697, 0.2043343653250774, 0.5711422845691383, 0.21460176991150443], "argmax_sim_u4_predicted_ops": 7}, "A : D  ::  F : ?": {"sim_u1_trans_u2": [0.11715481171548117, 0.18561278863232683, 0.17724867724867724, 0.14690721649484537, 0.11809045226130653, 0.15086206896551724, 0.17724867724867724, 0.18666666666666668, 0.22435897435897437], "best_unary_tran": [{"name": "add_diff"}], "sim_u4_predicted_ops": [0.19761029411764705, 0.19412288512911843, 0.20462046204620463, 0.49612403100775193, 0.1834319526627219, 0.13581395348837208, 0.32792207792207795, 0.17186311787072242], "argmax_sim_u4_predicted_ops": 4}, "D : G  ::  F : ?": {"sim_u1_trans_u2": [0.29633204633204635, 0.09991809991809991, 0.18221830985915494, 0.09991809991809991, 0.2988394584139265, 0.09811937857726902, 0.18221830985915494, 0.09901800327332243, 0.48575949367088606], "best_unary_tran": [{"name": "add_diff"}], "sim_u4_predicted_ops": [0.21705426356589147, 0.20321637426900585, 0.13630880579010857, 0.5200729927007299, 0.11316872427983539, 0.1875, 0.4151696606786427, 0.15855039637599094], "argmax_sim_u4_predicted_ops": 4}, "B : E  ::  F : ?": {"sim_u1_trans_u2": [0.3323727185398655, 0.23398576512455516, 0.14628099173553719, 0.1096, 0.328544061302682, 0.23398576512455516, 0.1434460016488046, 0.11048839071257005, 0.5095729013254786], "best_unary_tran": [{"name": "add_diff"}], "sim_u4_predicted_ops": [0.2034548944337812, 0.3237704918032787, 0.2586975914362177, 0.5390070921985816, 0.2508064516129032, 0.13565891472868216, 0.34782608695652173, 0.29739130434782607], "argmax_sim_u4_predicted_ops": 4}, "E : H  ::  F : ?": {"sim_u1_trans_u2": [0.11893434823977164, 0.20615384615384616, 0.21237113402061855, 0.12968299711815562, 0.11787072243346007, 0.13404050144648022, 0.22118380062305296, 0.2, 0.2670940170940171], "best_unary_tran": [{"name": "add_diff"}], "sim_u4_predicted_ops": [0.25996810207336524, 0.17613636363636365, 0.12872467222884387, 0.5347985347985348, 0.10918367346938776, 0.17024793388429751, 0.3076923076923077, 0.13591160220994475], "argmax_sim_u4_predicted_ops": 4}, "C : F  ::  F : ?": {"sim_u1_trans_u2": [0.16842105263157894, 0.13846153846153847, 0.10667996011964108, 0.1408016443987667, 0.16596638655462184, 0.13846153846153847, 0.10778443113772455, 0.13846153846153847, 0.32323232323232326], "best_unary_tran": [{"name": "add_diff"}], "sim_u4_predicted_ops": [0.32006125574272587, 0.19363395225464192, 0.16590389016018306, 0.6727941176470589, 0.15323383084577114, 0.21495327102803738, 0.3693379790940767, 0.1470281543274244], "argmax_sim_u4_predicted_ops": 4}, "A : G  ::  C : ?": {"sim_u1_trans_u2": [0.17492984097287184, 0.16945996275605213, 0.18378887841658811, 0.2337917485265226, 0.17054986020503263, 0.2253658536585366, 0.17823639774859287, 0.17273576097105509, 0.29967948717948717], "best_unary_tran": [{"name": "add_diff"}], "sim_u4_predicted_ops": [0.2659303313508921, 0.16463414634146342, 0.14853556485355648, 0.20250195465207194, 0.1810971579643093, 0.32082551594746717, 0.18823529411764706, 0.19667590027700832], "argmax_sim_u4_predicted_ops": 6}, "B : H  ::  C : ?": {"sim_u1_trans_u2": [0.24, 0.13902681231380337, 0.1597573306370071, 0.1378968253968254, 0.24268689057421453, 0.14585414585414586, 0.15858585858585858, 0.13564356435643565, 0.47435897435897434], "best_unary_tran": [{"name": "add_diff"}], "sim_u4_predicted_ops": [0.4230088495575221, 0.145578231292517, 0.11874272409778813, 0.15760869565217392, 0.10542168674698796, 0.6116071428571429, 0.2616984402079723, 0.12526997840172785], "argmax_sim_u4_predicted_ops": 6}, "F : G  ::  E : ?": {"sim_u1_trans_u2": [0.3448687350835322, 0.09737098344693282, 0.1618556701030928, 0.0963035019455253, 0.3594692400482509, 0.09844054580896686, 0.16425619834710745, 0.09737098344693282, 0.5838383838383838], "best_unary_tran": [{"name": "add_diff"}], "sim_u4_predicted_ops": [0.11583011583011583, 0.4582104228121927, 0.3966870095902354, 0.16549570647931303, 0.5134665508253693, 0.10993485342019543, 0.1631265930331351, 0.586239396795476], "argmax_sim_u4_predicted_ops": 8}, "G : B  ::  E : ?": {"sim_u1_trans_u2": [0.5814234016887817, 0.11955593509820667, 0.1875, 0.11955593509820667, 0.5968331303288672, 0.12147134302822926, 0.1875, 0.11860068259385666, 0.7626582278481012], "best_unary_tran": [{"name": "add_diff"}], "sim_u4_predicted_ops": [0.13929492691315562, 0.5195094760312151, 0.4402332361516035, 0.19599303135888502, 0.5701839303000968, 0.1519925857275255, 0.20676328502415459, 0.6574761399787911], "argmax_sim_u4_predicted_ops": 8},