{"unary_analogies_data": {"A : B  ::  H : ?": {"sim_u1_trans_u2": [0.40014903129657226, 0.15701970443349753, 0.3431022158684775, 0.15559655596555966, 0.39288361749444034, 0.15488629379225569, 0.3440629470672389, 0.15701970443349753, 0.5780409041980624], "best_unary_tran": [{"name": "add_diff"}], "sim_u4_predicted_ops": [0.24588938714499253, 0.39395700174317255, 0.33633633633633636, 0.4912033779028853, 0.2708150744960561, 0.21499380421313508, 0.6688995215311004, 0.39687703318152245], "argmax_sim_u4_predicted_ops": 7}, "B : C  ::  H : ?": {"sim_u1_trans_u2": [0.46358267716535434, 0.15809968847352024, 0.5377456049638056, 0.15809968847352024, 0.46646942800788954, 0.15719844357976653, 0.5204498977505112, 0.15719844357976653, 0.8770949720670391], "best_unary_tran": [{"name": "add_diff"}], "sim_u4_predicted_ops": [0.40463215258855584, 0.22091412742382271, 0.8203125, 0.27844827586206894, 0.5475285171102662, 0.29142300194931775, 0.41507024265644954, 0.2729570345408593], "argmax_sim_u4_predicted_ops": 3}, "D : E  ::  H : ?": {"sim_u1_trans_u2": [0.3445575567736883, 0.11711125569290826, 0.3258687258687259, 0.11493506493506493, 0.3445575567736883, 0.11711125569290826, 0.3268933539412674, 0.11348897535667964, 0.5146198830409356], "best_unary_tran": [{"name": "add_diff"}], "sim_u4_predicted_ops": [0.2582123758594347, 0.41354723707664887, 0.345957011258956, 0.524328249818446, 0.27906976744186046, 0.22537878787878787, 0.7361530715005036, 0.4459551325628824], "argmax_sim_u4_predicted_ops": 7}, "E : F  ::  H : ?": {"sim_u1_trans_u2": [0.4673202614379085, 0.1141439205955335, 0.4609544468546638, 0.11970074812967581, 0.4515086206896552, 0.11691542288557213, 0.4657236126224157, 0.11877076411960133, 0.8845360824742268], "best_unary_tran": [{"name": "add_diff"}], "sim_u4_predicted_ops": [0.40511440107671604, 0.23419041000694926, 0.8209718670076727, 0.2918825561312608, 0.5812619502868069, 0.29902912621359223, 0.41183879093198994, 0.26683291770573564], "argmax_sim_u4_predicted_ops": 3}, "G : H  ::  H : ?": {"sim_u1_trans_u2": [0.27152899824253074, 0.10205635948210205, 0.2862222222222222, 0.10121765601217655, 0.27714033539276256, 0.10289634146341463, 0.27714033539276256, 0.10289634146341463, 0.42916666666666664], "best_unary_tran": [{"name": "add_diff"}], "sim_u4_predicted_ops": [0.23468634686346865, 0.39339513325608344, 0.3316782522343595, 0.498589562764457, 0.2705061082024433, 0.2097170971709717, 0.6859344894026975, 0.43820975283901137], "argmax_sim_u4_predicted_ops": 7}, "A : C  ::  G : ?": {"sim_u1_trans_u2": [0.4674674674674675, 0.1173780487804878, 0.5431578947368421, 0.1173780487804878, 0.46893787575150303, 0.11652703731911652, 0.5350785340314136, 0.1173780487804878, 0.8696461824953445], "best_unary_tran": [{"name": "add_diff"}], "sim_u4_predicted_ops": [0.40355677154582764, 0.2182952182952183, 0.7794871794871795, 0.2719449225473322, 0.5769980506822612, 0.2840466926070039, 0.3667905824039653, 0.25604670558799], "argmax_sim_u4_predicted_ops": 3}, "D : F  ::  G : ?": {"sim_u1_trans_u2": [0.47739801543550164, 0.07890499194847021, 0.4596949891067538, 0.08239095315024232, 0.4517876489707476, 0.08064516129032258, 0.48066298342541436, 0.08151735270379339, 0.8927835051546392], "best_unary_tran": [{"name": "add_diff"}], "sim_u4_predicted_ops": [0.3795811518324607, 0.2317241379310345, 0.6297968397291196, 0.28061224489795916, 0.5273722627737226, 0.2609915809167446, 0.32280701754385965, 0.24614134849715677], "argmax_sim_u4_predicted_ops": 3}, "A : D  ::  F : ?": {"sim_u1_trans_u2": [0.5900178253119429, 0.09313725490196079, 0.5942806076854334, 0.0998766954377312, 0.5472679965307893, 0.09313725490196079, 0.620345140781108, 0.0998766954377312, 0.7742690058479532], "best_unary_tran": [{"name": "add_diff"}], "sim_u4_predicted_ops": [0.52400548696845, 0.2736696613683483, 0.5897959183673469, 0.22684458398744112, 0.74609375, 0.40219560878243515, 0.3026315789473684, 0.3073130649137223], "argmax_sim_u4_predicted_ops": 5}, "D : G  ::  F : ?": {"sim_u1_trans_u2": [0.6862955032119914, 0.056338028169014086, 0.6899141630901288, 0.056338028169014086, 0.6304347826086957, 0.05563002680965148, 0.7403314917127072, 0.056338028169014086, 0.8902777777777777], "best_unary_tran": [{"name": "add_diff"}], "sim_u4_predicted_ops": [0.4047287899860918, 0.21224773834377175, 0.6907730673316709, 0.2316764953664701, 0.602020202020202, 0.2923686818632309, 0.31280193236714976, 0.23960066555740434], "argmax_sim_u4_predicted_ops": 3}, "B : E  ::  F : ?": {"sim_u1_trans_u2": [0.581151832460733, 0.18975705843729482, 0.6007067137809188, 0.18664047151277013, 0.578397212543554, 0.18586387434554974, 0.6193029490616622, 0.1874180865006553, 0.7726218097447796], "best_unary_tran": [{"name": "add_diff"}], "sim_u4_predicted_ops": [0.4972677595628415, 0.2641770401106501, 0.5069033530571992, 0.209375, 0.7201565557729941, 0.38033763654419067, 0.26537216828478966, 0.2875816993464052], "argmax_sim_u4_predicted_ops": 5}, "E : H  ::  F : ?": {"sim_u1_trans_u2": [0.7347161572052402, 0.19204801200300076, 0.6814814814814815, 0.19473684210526315, 0.7442371020856202, 0.19204801200300076, 0.6886291179596175, 0.1911544227886057, 0.9257221458046767], "best_unary_tran": [{"name": "add_diff"}], "sim_u4_predicted_ops": [0.4523809523809524, 0.22337482710926695, 0.7625, 0.26079593564775616, 0.6768916155419223, 0.32043650793650796, 0.36185819070904646, 0.2662771285475793], "argmax_sim_u4_predicted_ops": 3}, "C : F  ::  F : ?": {"sim_u1_trans_u2": [0.4833091436865022, 0.18699186991869918, 0.47262247838616717, 0.1787773933102653, 0.47262247838616717, 0.18975552968568102, 0.49415204678362573, 0.1787773933102653, 0.6865979381443299], "best_unary_tran": [{"name": "add_diff"}], "sim_u4_predicted_ops": [0.5364511691884457, 0.2804709141274238, 0.5955284552845529, 0.22769953051643194, 0.7441860465116279, 0.40818363273453095, 0.3063457330415755, 0.31009023789991796], "argmax_sim_u4_predicted_ops": 5}, "A : G  ::  C : ?": {"sim_u1_trans_u2": [0.6878198567041965, 0.06387096774193549, 0.5825335892514395, 0.06387096774193549, 0.6072124756335283, 0.06387096774193549, 0.6407960199004975, 0.0645577792123951, 0.9333333333333333], "best_unary_tran": [{"name": "add_diff"}], "sim_u4_predicted_ops": [0.44428969359331477, 0.2301808066759388, 0.7893401015228426, 0.2554806070826307, 0.5241635687732342, 0.2998046875, 0.36855036855036855, 0.2465078060805259], "argmax_sim_u4_predicted_ops": 3}, "B : H  ::  C : ?": {"sim_u1_trans_u2": [0.6571146245059288, 0.185997171145686, 0.6653426017874876, 0.18767705382436262, 0.6281553398058253, 0.18515901060070672, 0.693939393939394, 0.18851878100637845, 0.9147180192572214], "best_unary_tran": [{"name": "add_diff"}], "sim_u4_predicted_ops": [0.42698191933240615, 0.22253129346314326, 0.7263681592039801, 0.23889354568315171, 0.48440366972477067, 0.28780487804878047, 0.35006119951040393, 0.23039215686274508], "argmax_sim_u4_predicted_ops": 3}, "F : G  ::  E : ?": {"sim_u1_trans_u2": [0.3724373576309795, 0.06921029281277728, 0.3882488479262673, 0.07015985790408526, 0.38985005767012687, 0.06826241134751773, 0.37400228050171036, 0.07015985790408526, 0.6742268041237114], "best_unary_tran": [{"name": "add_diff"}], "sim_u4_predicted_ops": [0.30006882312456984, 0.6229102167182663, 0.2699836867862969, 0.6685673556664291, 0.3238321456848773, 0.25604142692750287, 0.5791164658634538, 0.5127713920817369], "argmax_sim_u4_predicted_ops": 4}, "G : B  ::  E : ?": {"sim_u1_trans_u2": [0.23703703703703705, 0.1163101604278075, 0.2252384446074835, 0.1163101604278075, 0.23156342182890854, 0.11481975967957277, 0.22703894195444527, 0.11481975967957277, 0.4444444444444444], "best_unary_tran": [{"name": "add_diff"}], "sim_u4_predicted_ops": [0.3195105370496261, 0.45588235294117646, 0.2589984350547731, 0.44156626506024094, 0.3190512624330528, 0.30472854640980734, 0.5619195046439629, 0.4350918790752816], "argmax_sim_u4_predicted_ops": 7},