{"unary_analogies_data": {"A : B  ::  C : ?": {"sim_u1_trans_u2": [0.9333863591171206, 0.19023136246786632, 0.8993944129712834, 0.1900856793145655, 0.9333863591171206, 0.1900856793145655, 0.8886946386946387, 0.19037708129285014, 0.971038477451386], "best_unary_tran": [{"name": "add_diff"}], "sim_u4_predicted_ops": [0.250975800156128, 0.478105050957554, 0.8907910271546635, 0.38593282341203855, 0.2491507708387771, 0.17320979899497488], "argmax_sim_u4_predicted_ops": 3}, "A : C  ::  B : ?": {"sim_u1_trans_u2": [0.8929544569871546, 0.1891429270081917, 0.9600967351874244, 0.1891429270081917, 0.8929544569871546, 0.1891429270081917, 0.9600967351874244, 0.1891429270081917, 0.9485218110399007], "best_unary_tran": [{"name": "rot_binary", "args": {"angle": 180}}], "sim_u4_predicted_ops": [0.25795279630579787, 0.49391944661385695, 0.9053265940902022, 0.40189557698703027, 0.2561823802163833, 0.17656993704897897], "argmax_sim_u4_predicted_ops": 3}}, "binary_analogies_data": {}, "best_analog_name": "A : C  ::  B : ?", "best_analog_type": "unary", "best_tran": [{"name": "rot_binary", "args": {"angle": 180}}], "best_sim": 0.9600967351874244, "sim_predicted": 0.9053265940902022, "argmax_sim_predicted_ops": 3}