{"unary_analogies_data": {"A : B  ::  C : ?": {"sim_u1_trans_u2": [0.5890308039068369, 0.2314410480349345, 0.5254237288135594, 0.2357581069237511, 0.5896279594137542, 0.23503649635036497, 0.5254237288135594, 0.23215846198660064, 0.8407506702412869], "best_unary_tran": [{"name": "add_diff"}], "sim_u4_predicted_ops": [0.5707736389684813, 0.6959048146098505, 0.5557319784058431, 0.7459510955859003, 0.6712328767123288, 0.8605841613971695], "argmax_sim_u4_predicted_ops": 6}, "A : C  ::  B : ?": {"sim_u1_trans_u2": [0.7263499796995534, 0.3275054636278489, 0.3872756933115824, 0.3350078492935636, 0.734094616639478, 0.33208020050125314, 0.3872756933115824, 0.33208020050125314, 0.9592493297587131], "best_unary_tran": [{"name": "add_diff"}], "sim_u4_predicted_ops": [0.598676293622142, 0.7353711790393013, 0.5071678878623765, 0.6745208922400251, 0.7489319750246467, 0.9216751918158568], "argmax_sim_u4_predicted_ops": 6}}, "binary_analogies_data": {}}