{"unary_analogies_data": {"A : B  ::  H : ?": {"sim_u1_trans_u2": [0.3467600700525394, 0.33816705336426917, 0.34518950437317786, 0.34049970947123764, 0.3459743290548425, 0.3397212543554007, 0.3459743290548425, 0.338943702843877, 0.5823529411764706], "best_unary_tran": [{"name": "add_diff"}], "sim_u4_predicted_ops": [0.7296489917849142, 0.44519704433497537, 0.2591414944356121, 0.8090909090909091, 0.256561328334226, 0.6511627906976745, 0.2177734375, 0.5375], "argmax_sim_u4_predicted_ops": 4}, "B : C  ::  H : ?": {"sim_u1_trans_u2": [0.5121765601217656, 0.4984917043740573, 0.507587253414264, 0.5064442759666414, 0.5121765601217656, 0.4984917043740573, 0.5087319665907365, 0.5030257186081695, 0.6959669079627715], "best_unary_tran": [{"name": "add_diff"}], "sim_u4_predicted_ops": [0.5652173913043478, 0.5353889278206027, 0.34627046694966646, 0.708362614195362, 0.12250128139415685, 0.5497597803706246, 0.22088772845953003, 0.7139830508474576], "argmax_sim_u4_predicted_ops": 8}, "D : E  ::  H : ?": {"sim_u1_trans_u2": [0.4054794520547945, 0.40779363336992314, 0.4070213933077345, 0.4085667215815486, 0.4070213933077345, 0.4085667215815486, 0.4054794520547945, 0.40779363336992314, 0.6630824372759857], "best_unary_tran": [{"name": "add_diff"}], "sim_u4_predicted_ops": [0.7272727272727273, 0.4446494464944649, 0.2648936170212766, 0.8066992323796232, 0.2583065380493033, 0.6491467576791808, 0.21106259097525473, 0.5377751338488994], "argmax_sim_u4_predicted_ops": 4}, "E : F  ::  H : ?": {"sim_u1_trans_u2": [0.6005685856432125, 0.5870331219168429, 0.5915194346289753, 0.5825720309205903, 0.5960311835577604, 0.589273112208892, 0.5960311835577604, 0.5803508771929825, 0.757168458781362], "best_unary_tran": [{"name": "add_diff"}], "sim_u4_predicted_ops": [0.6573134328358209, 0.4380122950819672, 0.2815183009489381, 0.774606872451951, 0.24545051043053706, 0.6394751853964632, 0.23494983277591974, 0.5486005089058524], "argmax_sim_u4_predicted_ops": 4}, "G : H  ::  H : ?": {"sim_u1_trans_u2": [0.46756367131186927, 0.4584527220630373, 0.46474820143884893, 0.46404602109300097, 0.46968238691049086, 0.4633445136559655, 0.4633445136559655, 0.4584527220630373, 0.7060957910014514], "best_unary_tran": [{"name": "add_diff"}], "sim_u4_predicted_ops": [0.7239583333333334, 0.4404907975460123, 0.25967143614202437, 0.8097902097902098, 0.25575173889780634, 0.6450953678474114, 0.21707317073170732, 0.5380952380952381], "argmax_sim_u4_predicted_ops": 4}, "A : C  ::  G : ?": {"sim_u1_trans_u2": [0.47706422018348627, 0.4607906675307842, 0.47706422018348627, 0.46173800259403375, 0.479002624671916, 0.4607906675307842, 0.47320261437908495, 0.4607906675307842, 0.7528438469493278], "best_unary_tran": [{"name": "add_diff"}], "sim_u4_predicted_ops": [0.4481881754609027, 0.5815068493150685, 0.46951602765556255, 0.5851990049751243, 0.1414441147378833, 0.44, 0.26078028747433263, 0.7455418381344308], "argmax_sim_u4_predicted_ops": 8}, "D : F  ::  G : ?": {"sim_u1_trans_u2": [0.525974025974026, 0.5134660421545667, 0.5277777777777778, 0.5090484530064214, 0.5286812536960378, 0.5090484530064214, 0.525974025974026, 0.5125804564072557, 0.784330985915493], "best_unary_tran": [{"name": "add_diff"}], "sim_u4_predicted_ops": [0.4532828282828283, 0.5881552076242341, 0.4698195395146235, 0.598136645962733, 0.1482028557360906, 0.4457831325301205, 0.2672457843638222, 0.7535836177474403], "argmax_sim_u4_predicted_ops": 8}, "A : D  ::  F : ?": {"sim_u1_trans_u2": [0.8023715415019763, 0.5536626916524702, 0.77431906614786, 0.5536626916524702, 0.772020725388601, 0.5536626916524702, 0.8023715415019763, 0.5536626916524702, 0.9463869463869464], "best_unary_tran": [{"name": "add_diff"}], "sim_u4_predicted_ops": [0.5579150579150579, 0.7871720116618076, 0.40486976217440546, 0.48976203652462647, 0.21819085487077536, 0.4800235017626322, 0.2585956416464891, 0.68], "argmax_sim_u4_predicted_ops": 2}, "D : G  ::  F : ?": {"sim_u1_trans_u2": [0.7536475869809203, 0.6124871001031992, 0.7189218921892189, 0.6124871001031992, 0.7198679141441937, 0.6124871001031992, 0.7516816143497758, 0.6124871001031992, 0.9268461007591442], "best_unary_tran": [{"name": "add_diff"}], "sim_u4_predicted_ops": [0.5400611620795107, 0.7375596455351057, 0.3890086206896552, 0.4748810153358012, 0.2127558305568777, 0.46390598768886404, 0.2580494633691087, 0.6430678466076696], "argmax_sim_u4_predicted_ops": 2}, "B : E  ::  F : ?": {"sim_u1_trans_u2": [0.8477508650519031, 0.7711442786069652, 0.8209718670076727, 0.7667493796526055, 0.8194207836456558, 0.7696768848384424, 0.8287671232876712, 0.7667493796526055, 0.9607843137254902], "best_unary_tran": [{"name": "add_diff"}], "sim_u4_predicted_ops": [0.559866220735786, 0.8417770849571318, 0.40705882352941175, 0.49169054441260746, 0.19112455874936965, 0.46827794561933533, 0.2619406737053796, 0.7246184472461845], "argmax_sim_u4_predicted_ops": 2}, "E : H  ::  F : ?": {"sim_u1_trans_u2": [0.7625441696113074, 0.7176308539944903, 0.7725657427149965, 0.7117364447494853, 0.7612994350282486, 0.7140893470790378, 0.7827019299499642, 0.7140893470790378, 0.9668458781362007], "best_unary_tran": [{"name": "add_diff"}], "sim_u4_predicted_ops": [0.5196319018404908, 0.7538461538461538, 0.3855816493719279, 0.4593733404142326, 0.1978021978021978, 0.4393515930687535, 0.26188212927756654, 0.6590084643288996], "argmax_sim_u4_predicted_ops": 2}, "C : F  ::  F : ?": {"sim_u1_trans_u2": [0.8020565552699229, 0.7167346938775511, 0.7776838546069316, 0.7181372549019608, 0.7852292020373515, 0.7195421095666394, 0.7943686006825939, 0.7167346938775511, 0.96794208893485], "best_unary_tran": [{"name": "add_diff"}], "sim_u4_predicted_ops": [0.5836200963523744, 0.8656, 0.4129263913824057, 0.523696682464455, 0.19661190965092404, 0.5078566939032055, 0.2532861476238625, 0.7589041095890411], "argmax_sim_u4_predicted_ops": 2}, "A : G  ::  C : ?": {"sim_u1_trans_u2": [0.7067972350230415, 0.5521215295966475, 0.6787535410764872, 0.5529350104821803, 0.6797052154195011, 0.5521215295966475, 0.7058146229130685, 0.5529350104821803, 0.9533799533799534], "best_unary_tran": [{"name": "add_diff"}], "sim_u4_predicted_ops": [0.44896755162241886, 0.6201954397394137, 0.419063733784546, 0.4107604759441283, 0.2109108621529469, 0.3872895165670831, 0.25011865211200757, 0.5667433831990794], "argmax_sim_u4_predicted_ops": 2}, "B : H  ::  C : ?": {"sim_u1_trans_u2": [0.7177650429799427, 0.6816269284712483, 0.69950389794472, 0.6757512229210343, 0.697098372257608, 0.680448493342677, 0.7165354330708661, 0.6792717086834734, 0.9823529411764705], "best_unary_tran": [{"name": "add_diff"}], "sim_u4_predicted_ops": [0.4023952095808383, 0.6320495185694636, 0.4246737841043891, 0.3716535433070866, 0.17251606524962926, 0.33406232914160744, 0.24752475247524752, 0.5802543912780134], "argmax_sim_u4_predicted_ops": 2}, "F : G  ::  E : ?": {"sim_u1_trans_u2": [0.46002076843198336, 0.4532299741602067, 0.4607792207792208, 0.45473357475426796, 0.4607792207792208, 0.4532299741602067, 0.46002076843198336, 0.45473357475426796, 0.7799295774647887], "best_unary_tran": [{"name": "add_diff"}], "sim_u4_predicted_ops": [0.5769644779332616, 0.43043478260869567, 0.3804247460757156, 0.5163429654192326, 0.2579685507862303, 0.499009900990099, 0.26495726495726496, 0.3851819757365685], "argmax_sim_u4_predicted_ops": 1}, "G : B  ::  E : ?": {"sim_u1_trans_u2": [0.32027424094025464, 0.31898238747553814, 0.3183374083129584, 0.31898238747553814, 0.3183374083129584, 0.31962799804209496, 0.31898238747553814, 0.3183374083129584, 0.6411764705882353], "best_unary_tran": [{"name": "add_diff"}], "sim_u4_predicted_ops": [0.7181500872600349, 0.5163002274450341, 0.2752985543683218, 0.5752461322081576, 0.20276774969915765, 0.5814843152257078, 0.2075365579302587, 0.4269304403318443], "argmax_sim_u4_predicted_ops": 1}, "H : C  ::  E : ?": {"sim_u1_trans_u2": [0.4194915254237288, 0.4186327888687235, 0.4194915254237288, 0.42035130224106604, 0.4194915254237288, 0.4186327888687235, 0.4194915254237288, 0.42035130224106604, 0.7166494312306101],