{"unary_analogies_data": {"A : B  ::  H : ?": {"sim_u1_trans_u2": [0.4735973597359736, 0.5476603119584056, 0.48092868988391374, 0.5557491289198606, 0.471169686985173, 0.5557491289198606, 0.4833887043189369, 0.5476603119584056, 0.841642228739003], "best_unary_tran": [{"name": "add_diff"}], "sim_u4_predicted_ops": [0.40327380952380953, 0.5140788415124699, 0.7440476190476191, 0.46142754145638065, 0.4924060751398881, 0.31969448990725585, 0.26864406779661015, 0.5166312809624911], "argmax_sim_u4_predicted_ops": 3}, "B : C  ::  H : ?": {"sim_u1_trans_u2": [0.6575, 0.35306122448979593, 0.6554307116104869, 0.3572159672466735, 0.6575, 0.35306122448979593, 0.6554307116104869, 0.3572159672466735, 0.9528985507246377], "best_unary_tran": [{"name": "add_diff"}], "sim_u4_predicted_ops": [0.3986784140969163, 0.5027667984189723, 0.7322175732217573, 0.45519203413940257, 0.4803767660910518, 0.22635814889336017, 0.26438698915763137, 0.49930651872399445], "argmax_sim_u4_predicted_ops": 3}, "D : E  ::  H : ?": {"sim_u1_trans_u2": [0.561035758323058, 0.5785536159600998, 0.561035758323058, 0.5944584382871536, 0.5746268656716418, 0.5825, 0.5571955719557196, 0.5944584382871536, 0.8733205374280231], "best_unary_tran": [{"name": "add_diff"}], "sim_u4_predicted_ops": [0.46431312356101306, 0.5027624309392266, 0.7303839732888147, 0.5325355272999253, 0.48974763406940064, 0.2840610205155181, 0.26688907422852376, 0.5530846484935438], "argmax_sim_u4_predicted_ops": 3}, "E : F  ::  H : ?": {"sim_u1_trans_u2": [0.6133971291866028, 0.6305609284332688, 0.6057142857142858, 0.635305528612997, 0.5981042654028436, 0.6337209302325582, 0.6305609284332688, 0.6337209302325582, 0.8604026845637583], "best_unary_tran": [{"name": "add_diff"}], "sim_u4_predicted_ops": [0.4070536370315944, 0.4988235294117647, 0.7318900915903414, 0.47807332854061824, 0.48240813135261923, 0.2925026399155227, 0.2632450331125828, 0.5317348377997179], "argmax_sim_u4_predicted_ops": 3}, "G : H  ::  H : ?": {"sim_u1_trans_u2": [0.5642023346303502, 0.4738771769019248, 0.5314285714285715, 0.47522935779816516, 0.5314285714285715, 0.48202764976958523, 0.5672514619883041, 0.4725274725274725, 0.8656716417910447], "best_unary_tran": [{"name": "add_diff"}], "sim_u4_predicted_ops": [0.38896746817538896, 0.4837244511733535, 0.6964143426294821, 0.4358799454297408, 0.45911477869467365, 0.26366396761133604, 0.2509928514694202, 0.48960429242119385], "argmax_sim_u4_predicted_ops": 3}, "A : C  ::  G : ?": {"sim_u1_trans_u2": [0.39724310776942356, 0.435006435006435, 0.41139240506329117, 0.435006435006435, 0.4060529634300126, 0.435006435006435, 0.3954943679599499, 0.435006435006435, 0.9296187683284457], "best_unary_tran": [{"name": "add_diff"}], "sim_u4_predicted_ops": [0.44896265560165977, 0.44324772162386084, 0.5142630744849446, 0.42630385487528344, 0.6783284742468416, 0.3045220377790498, 0.3111111111111111, 0.48150887573964496], "argmax_sim_u4_predicted_ops": 5}, "D : F  ::  G : ?": {"sim_u1_trans_u2": [0.5150259067357513, 0.41529525653436594, 0.5308900523560209, 0.42217898832684825, 0.5260960334029228, 0.41529525653436594, 0.5150259067357513, 0.4207968901846453, 0.9539347408829175], "best_unary_tran": [{"name": "add_diff"}], "sim_u4_predicted_ops": [0.3826291079812207, 0.40031771247021447, 0.49883630721489525, 0.4091580502215657, 0.6021998166819432, 0.2994350282485876, 0.3111322549952426, 0.48823529411764705], "argmax_sim_u4_predicted_ops": 5}, "A : D  ::  F : ?": {"sim_u1_trans_u2": [0.5392857142857143, 0.5787545787545788, 0.4991304347826087, 0.5787545787545788, 0.4991304347826087, 0.5787545787545788, 0.512280701754386, 0.5787545787545788, 0.8856304985337243], "best_unary_tran": [{"name": "add_diff"}], "sim_u4_predicted_ops": [0.5254515599343186, 0.5309661436829067, 0.43781094527363185, 0.7443280977312391, 0.41570438799076215, 0.3188086045228902, 0.2885964912280702, 0.5574374079528719], "argmax_sim_u4_predicted_ops": 4}, "D : G  ::  F : ?": {"sim_u1_trans_u2": [0.5712401055408971, 0.3721198156682028, 0.5795755968169761, 0.3705408515535098, 0.5733157199471598, 0.3721198156682028, 0.5712401055408971, 0.3721198156682028, 0.8310940499040307], "best_unary_tran": [{"name": "add_diff"}], "sim_u4_predicted_ops": [0.5422885572139303, 0.538971807628524, 0.5179910044977512, 0.738488271068636, 0.42823894491854153, 0.3235619469026549, 0.29832303618711387, 0.5929270127915726], "argmax_sim_u4_predicted_ops": 4}, "B : E  ::  F : ?": {"sim_u1_trans_u2": [0.5422116527942925, 0.544047619047619, 0.5514354066985646, 0.5312868949232585, 0.5458879618593564, 0.5422116527942925, 0.5477326968973747, 0.5312868949232585, 0.8260869565217391], "best_unary_tran": [{"name": "add_diff"}], "sim_u4_predicted_ops": [0.5178423236514523, 0.5719207579672696, 0.5128983308042488, 0.7589285714285714, 0.44223107569721115, 0.3151447661469933, 0.2972972972972973, 0.582701062215478], "argmax_sim_u4_predicted_ops": 4}, "E : H  ::  F : ?": {"sim_u1_trans_u2": [0.6323957322987391, 0.6532416502946955, 0.6355685131195336, 0.6663366336633664, 0.6339805825242718, 0.6614017769002961, 0.6339805825242718, 0.6597633136094675, 0.8751677852348994], "best_unary_tran": [{"name": "add_diff"}], "sim_u4_predicted_ops": [0.47751937984496123, 0.513126491646778, 0.45537596626844695, 0.7101086048454469, 0.4241509433962264, 0.3482587064676617, 0.2769360269360269, 0.5362215909090909], "argmax_sim_u4_predicted_ops": 4}, "C : F  ::  F : ?": {"sim_u1_trans_u2": [0.5968342644320298, 0.4436026936026936, 0.6650485436893204, 0.4570943075615973, 0.6118421052631579, 0.4533898305084746, 0.6458733205374281, 0.4484797297297297, 0.8281653746770026], "best_unary_tran": [{"name": "add_diff"}], "sim_u4_predicted_ops": [0.4698242933537051, 0.5047021943573667, 0.418194161575017, 0.6995884773662552, 0.3956043956043956, 0.33098591549295775, 0.2728026533996683, 0.5283812193412754], "argmax_sim_u4_predicted_ops": 4}, "A : G  ::  C : ?": {"sim_u1_trans_u2": [0.46098265895953755, 0.43607954545454547, 0.4442857142857143, 0.42595204513399154, 0.442225392296719, 0.4340425531914894, 0.4442857142857143, 0.42998585572843, 0.9354838709677419], "best_unary_tran": [{"name": "add_diff"}], "sim_u4_predicted_ops": [0.6609403254972875, 0.3813112283345893, 0.40392706872370265, 0.4761194029850746, 0.378316906747536, 0.35894495412844035, 0.31876138433515483, 0.49358059914407987], "argmax_sim_u4_predicted_ops": 1}, "B : H  ::  C : ?": {"sim_u1_trans_u2": [0.5700737618545838, 0.41500474833808165, 0.5684210526315789, 0.4109848484848485, 0.5684210526315789, 0.41634980988593157, 0.5717299578059072, 0.4109848484848485, 0.980072463768116], "best_unary_tran": [{"name": "add_diff"}], "sim_u4_predicted_ops": [0.679368029739777, 0.36694465504169826, 0.4136200716845878, 0.48136882129277564, 0.3566009104704097, 0.3235294117647059, 0.30570902394106814, 0.4806312769010043], "argmax_sim_u4_predicted_ops": 1}, "F : G  ::  E : ?": {"sim_u1_trans_u2": [0.4672131147540984, 0.587192118226601, 0.43839285714285714, 0.532825880114177, 0.4422560429722471, 0.584070796460177, 0.4618874773139746, 0.532825880114177, 0.7656716417910447], "best_unary_tran": [{"name": "add_diff"}], "sim_u4_predicted_ops": [0.3119072708113804, 0.637203166226913, 0.41708542713567837, 0.40996948118006105, 0.4305717619603267, 0.18850267379679145, 0.3739967897271268, 0.347085201793722], "argmax_sim_u4_predicted_ops": 2}, "G : B  ::  E : ?": {"sim_u1_trans_u2": [0.35176991150442477, 0.6693989071038251, 0.3562708102108768, 0.6785714285714286, 0.3487858719646799, 0.6785714285714286, 0.3592880978865406, 0.6693989071038251, 0.5760869565217391], "best_unary_tran": [{"name": "rot_binary", "args": {"angle": 270}}], "sim_u4_predicted_ops": [0.4436893203883495, 0.8772151898734177, 0.6291913214990138, 0.6905503634475597, 0.48133198789101916, 0.23020706455542023, 0.37593984962406013, 0.5060449050086355], "argmax_sim_u4_predicted_ops": 2},