{"unary_analogies_data": {"A : B  ::  H : ?": {"sim_u1_trans_u2": [0.37144790257104193, 0.3576691225720027, 0.3695945945945946, 0.36223118279569894, 0.36498316498316496, 0.36866981769074947, 0.37144790257104193, 0.35404141616566465, 0.5484515484515484], "best_unary_tran": [{"name": "add_diff"}], "sim_u4_predicted_ops": [0.3638211382113821, 0.23673469387755103, 0.3691886964448496, 0.24007330482590103, 0.24663677130044842, 0.3212803793716657, 0.37877770315648085, 0.7025210084033613], "argmax_sim_u4_predicted_ops": 8}, "B : C  ::  H : ?": {"sim_u1_trans_u2": [0.3991769547325103, 0.4049586776859504, 0.42160278745644597, 0.40592694693314957, 0.40981340704906705, 0.41863699582753827, 0.4030261348005502, 0.39630390143737165, 0.5814185814185814], "best_unary_tran": [{"name": "add_diff"}], "sim_u4_predicted_ops": [0.4136239782016349, 0.28178368121442127, 0.33868894601542415, 0.26318335752298017, 0.29856115107913667, 0.34000953743443013, 0.3951271186440678, 0.6573426573426573], "argmax_sim_u4_predicted_ops": 8}, "D : E  ::  H : ?": {"sim_u1_trans_u2": [0.42034883720930233, 0.3755630630630631, 0.3717012914093206, 0.3717012914093206, 0.3701626472237802, 0.3717012914093206, 0.4121387283236994, 0.3755630630630631, 0.607563025210084], "best_unary_tran": [{"name": "add_diff"}], "sim_u4_predicted_ops": [0.4568169473112439, 0.3381294964028777, 0.3007789095266627, 0.31658536585365854, 0.2799804209495839, 0.37606837606837606, 0.3930399181166837, 0.6176470588235294], "argmax_sim_u4_predicted_ops": 8}, "E : F  ::  H : ?": {"sim_u1_trans_u2": [0.5122828040742959, 0.48209042865531415, 0.5334143377885784, 0.48209042865531415, 0.5168269230769231, 0.46403712296983757, 0.5324833029751063, 0.5032757593805837, 0.6823623304070231], "best_unary_tran": [{"name": "add_diff"}], "sim_u4_predicted_ops": [0.48231884057971014, 0.33116883116883117, 0.32512953367875647, 0.31797235023041476, 0.2888198757763975, 0.41914022517911975, 0.39924568965517243, 0.6688311688311688], "argmax_sim_u4_predicted_ops": 8}, "G : H  ::  H : ?": {"sim_u1_trans_u2": [0.3621203097081596, 0.19114583333333332, 0.18069179143004646, 0.22824919441460795, 0.3113532110091743, 0.21005291005291005, 0.2322198275862069, 0.1905257678292556, 0.5448028673835126], "best_unary_tran": [{"name": "add_diff"}], "sim_u4_predicted_ops": [0.4625735912531539, 0.22724252491694352, 0.22310756972111553, 0.2715423606082549, 0.29012345679012347, 0.4004297994269341, 0.4534313725490196, 0.5587188612099644], "argmax_sim_u4_predicted_ops": 8}, "A : C  ::  G : ?": {"sim_u1_trans_u2": [0.36574074074074076, 0.3612392880685564, 0.35587655942219304, 0.3648380700594845, 0.3612392880685564, 0.35944700460829493, 0.3603425559947299, 0.3675496688741722, 0.5389863547758285], "best_unary_tran": [{"name": "add_diff"}], "sim_u4_predicted_ops": [0.31081767394616555, 0.2161917684305744, 0.3109563014566181, 0.2, 0.2323529411764706, 0.2771689497716895, 0.28543403629230013, 0.3154158215010142], "argmax_sim_u4_predicted_ops": 8}, "D : F  ::  G : ?": {"sim_u1_trans_u2": [0.3787114845938375, 0.38258426966292136, 0.36646307606885065, 0.37486033519553075, 0.37716843872411865, 0.37948430493273544, 0.36874304783092327, 0.3725599553820413, 0.5680672268907563], "best_unary_tran": [{"name": "add_diff"}], "sim_u4_predicted_ops": [0.3467945482079758, 0.23873270861222667, 0.29705351773902583, 0.22379216043755698, 0.22746578574799434, 0.29443447037701975, 0.29631402584968886, 0.3458835341365462], "argmax_sim_u4_predicted_ops": 1}, "A : D  ::  F : ?": {"sim_u1_trans_u2": [0.43896103896103894, 0.2590909090909091, 0.2590909090909091, 0.2590909090909091, 0.259806708357021, 0.2590909090909091, 0.425997425997426, 0.259806708357021, 0.6588693957115009], "best_unary_tran": [{"name": "add_diff"}], "sim_u4_predicted_ops": [0.39018344075359446, 0.6774193548387096, 0.18562564632885212, 0.5248648648648648, 0.3403525954946131, 0.3446126447016919, 0.3021978021978022, 0.26549865229110514], "argmax_sim_u4_predicted_ops": 2}, "D : G  ::  F : ?": {"sim_u1_trans_u2": [0.22015503875968992, 0.16305418719211823, 0.15170731707317073, 0.15170731707317073, 0.15114578254509994, 0.15170731707317073, 0.27209051724137934, 0.15565345080763582, 0.3637916310845431], "best_unary_tran": [{"name": "add_diff"}], "sim_u4_predicted_ops": [0.5905383360522023, 0.5782208588957055, 0.1951827242524917, 0.4745127436281859, 0.27488151658767773, 0.40558079169370537, 0.31266490765171506, 0.247141041931385], "argmax_sim_u4_predicted_ops": 1}, "B : E  ::  F : ?": {"sim_u1_trans_u2": [0.40348692403486924, 0.31812865497076026, 0.3360995850622407, 0.3173582700175336, 0.3360995850622407, 0.315820198482195, 0.399130974549969, 0.3188999414862493, 0.6473526473526473], "best_unary_tran": [{"name": "add_diff"}], "sim_u4_predicted_ops": [0.4288670460424211, 0.6982248520710059, 0.1841136244082062, 0.5577354260089686, 0.3771078180889116, 0.3806212331942513, 0.31611085016439644, 0.2764489420423183], "argmax_sim_u4_predicted_ops": 2}, "E : H  ::  F : ?": {"sim_u1_trans_u2": [0.3037974683544304, 0.2514527205493925, 0.2527763088313062, 0.2777777777777778, 0.25079197465681097, 0.27365591397849465, 0.30739514348785874, 0.25410269984118583, 0.4946236559139785], "best_unary_tran": [{"name": "add_diff"}], "sim_u4_predicted_ops": [0.46431312356101306, 0.5507692307692308, 0.21162185602775369, 0.4717125382262997, 0.2515295717199184, 0.38461538461538464, 0.29263437292634376, 0.29534726904922454], "argmax_sim_u4_predicted_ops": 2}, "C : F  ::  F : ?": {"sim_u1_trans_u2": [0.43656716417910446, 0.4383561643835616, 0.43478260869565216, 0.42153846153846153, 0.4464621164683782, 0.42945544554455445, 0.4276885043263288, 0.42945544554455445, 0.6756496631376323], "best_unary_tran": [{"name": "add_diff"}], "sim_u4_predicted_ops": [0.4389709906951286, 0.7623953638119768, 0.1753607103218646, 0.5882352941176471, 0.4115702479338843, 0.40702274975272007, 0.3160749506903353, 0.2659319597508385], "argmax_sim_u4_predicted_ops": 2}, "A : G  ::  C : ?": {"sim_u1_trans_u2": [0.2266890005583473, 0.16059165346011622, 0.16243386243386243, 0.1786480686695279, 0.16181914331041777, 0.1786480686695279, 0.22395543175487465, 0.16059165346011622, 0.39571150097465885], "best_unary_tran": [{"name": "add_diff"}], "sim_u4_predicted_ops": [0.2636363636363636, 0.33026255181943803, 0.24876169510181617, 0.38602576808721506, 0.581002331002331, 0.3140350877192982, 0.30434782608695654, 0.3453757225433526], "argmax_sim_u4_predicted_ops": 5}, "B : H  ::  C : ?": {"sim_u1_trans_u2": [0.30517879161528977, 0.3027692307692308, 0.2791540785498489, 0.3297738693467337, 0.28225317989097515, 0.32810539523212046, 0.3011677934849416, 0.30357142857142855, 0.4945054945054945], "best_unary_tran": [{"name": "add_diff"}], "sim_u4_predicted_ops": [0.2946382092660073, 0.4011879049676026, 0.20194647201946472, 0.46005830903790085, 0.7102473498233216, 0.3811957077158917, 0.3652079956780119, 0.36836343732895455], "argmax_sim_u4_predicted_ops": 5}, "F : G  ::  E : ?": {"sim_u1_trans_u2": [0.20771513353115728, 0.2017716535433071, 0.19296531509526135, 0.1941320293398533, 0.2011805213969503, 0.2035485460818137, 0.19705882352941176, 0.19705882352941176, 0.35866780529462], "best_unary_tran": [{"name": "add_diff"}], "sim_u4_predicted_ops": [0.3054363376251788, 0.28523936170212766, 0.13080895008605853, 0.23873570948217887, 0.19429347826086957, 0.25137952176578787, 0.22697368421052633, 0.2286096256684492], "argmax_sim_u4_predicted_ops": 1}, "G : B  ::  E : ?": {"sim_u1_trans_u2": [0.21953958450308816, 0.2026578073089701, 0.1986754966887417, 0.2264257481648786, 0.1986754966887417, 0.20066334991708126, 0.21748878923766815, 0.2271186440677966, 0.3906093906093906], "best_unary_tran": [{"name": "add_diff"}], "sim_u4_predicted_ops": [0.3282247765006386, 0.4319371727748691, 0.1717699775952203, 0.3280557314756175, 0.3096942094990241, 0.2920652785593697, 0.26642771804062126, 0.25329341317365267], "argmax_sim_u4_predicted_ops": 2},