{"unary_analogies_data": {"A : B  ::  H : ?": {"sim_u1_trans_u2": [0.2721311475409836, 0.2721311475409836, 0.2721311475409836, 0.2721311475409836, 0.2721311475409836, 0.2721311475409836, 0.2721311475409836, 0.2721311475409836, 0.4853801169590643], "best_unary_tran": [{"name": "add_diff"}], "sim_u4_predicted_ops": [0.5331125827814569, 0.7318181818181818, 0.21604139715394566, 0.2817796610169492, 0.22339304531085352, 0.37254901960784315, 0.3000931966449208, 0.22036082474226804], "argmax_sim_u4_predicted_ops": 2}, "B : C  ::  H : ?": {"sim_u1_trans_u2": [0.21039290240811154, 0.24511082138200782, 0.2088607594936709, 0.24025974025974026, 0.21039290240811154, 0.24348958333333334, 0.21039290240811154, 0.24348958333333334, 0.4853801169590643], "best_unary_tran": [{"name": "add_diff"}], "sim_u4_predicted_ops": [0.5149501661129569, 0.5435897435897435, 0.4410844629822732, 0.25089605734767023, 0.3459277917716205, 0.509713228492137, 0.4441823899371069, 0.23576512455516013], "argmax_sim_u4_predicted_ops": 2}, "D : E  ::  H : ?": {"sim_u1_trans_u2": [0.19843342036553524, 0.22237017310252996, 0.20157068062827224, 0.22563417890520696, 0.196870925684485, 0.22563417890520696, 0.196870925684485, 0.22237017310252996, 0.47648902821316613], "best_unary_tran": [{"name": "add_diff"}], "sim_u4_predicted_ops": [0.4989106753812636, 0.5380710659898477, 0.48504273504273504, 0.22389791183294663, 0.3281121187139324, 0.5457115928369463, 0.44028103044496486, 0.25742574257425743], "argmax_sim_u4_predicted_ops": 6}, "E : F  ::  H : ?": {"sim_u1_trans_u2": [0.23289315726290516, 0.234375, 0.234375, 0.2314148681055156, 0.2314148681055156, 0.234375, 0.234375, 0.2314148681055156, 0.4532710280373832], "best_unary_tran": [{"name": "add_diff"}], "sim_u4_predicted_ops": [0.6743801652892562, 0.9251700680272109, 0.24033816425120774, 0.24236983842010773, 0.2542713567839196, 0.4728950403690888, 0.3786046511627907, 0.23684210526315788], "argmax_sim_u4_predicted_ops": 2}, "G : H  ::  H : ?": {"sim_u1_trans_u2": [0.23668639053254437, 0.23522458628841608, 0.23668639053254437, 0.23231132075471697, 0.23522458628841608, 0.23522458628841608, 0.23668639053254437, 0.23231132075471697, 0.46511627906976744], "best_unary_tran": [{"name": "add_diff"}], "sim_u4_predicted_ops": [0.6611295681063123, 0.908675799086758, 0.23809523809523808, 0.24816176470588236, 0.25, 0.45790080738177624, 0.37033582089552236, 0.2360774818401937], "argmax_sim_u4_predicted_ops": 2}, "A : C  ::  G : ?": {"sim_u1_trans_u2": [0.22887323943661972, 0.2346698113207547, 0.23176470588235293, 0.23176470588235293, 0.23031727379553465, 0.2332155477031802, 0.23176470588235293, 0.2346698113207547, 0.44930875576036866], "best_unary_tran": [{"name": "add_diff"}], "sim_u4_predicted_ops": [0.26831210191082805, 0.1978206202849958, 0.5739471106758081, 0.17343173431734318, 0.2918727915194346, 0.4749801429706116, 0.3970189701897019, 0.228310502283105], "argmax_sim_u4_predicted_ops": 3}, "D : F  ::  G : ?": {"sim_u1_trans_u2": [0.2533557046979866, 0.2533557046979866, 0.2533557046979866, 0.2533557046979866, 0.2533557046979866, 0.2533557046979866, 0.2533557046979866, 0.2533557046979866, 0.47335423197492166], "best_unary_tran": [{"name": "add_diff"}], "sim_u4_predicted_ops": [0.33430232558139533, 0.3418141592920354, 0.7496855345911949, 0.16685082872928178, 0.29373996789727125, 0.6215415019762845, 0.4221879815100154, 0.273224043715847], "argmax_sim_u4_predicted_ops": 3}, "A : D  ::  F : ?": {"sim_u1_trans_u2": [0.25083056478405313, 0.25083056478405313, 0.25083056478405313, 0.25083056478405313, 0.25083056478405313, 0.25083056478405313, 0.25083056478405313, 0.25083056478405313, 0.47335423197492166], "best_unary_tran": [{"name": "add_diff"}], "sim_u4_predicted_ops": [0.42333333333333334, 0.5825688073394495, 0.20388349514563106, 0.28433734939759037, 0.18112798264642083, 0.292485549132948, 0.23414179104477612, 0.18243243243243243], "argmax_sim_u4_predicted_ops": 2}, "D : G  ::  F : ?": {"sim_u1_trans_u2": [0.19743589743589743, 0.22091503267973855, 0.20051413881748073, 0.22251308900523561, 0.19743589743589743, 0.22251308900523561, 0.20051413881748073, 0.22251308900523561, 0.4827586206896552], "best_unary_tran": [{"name": "add_diff"}], "sim_u4_predicted_ops": [0.4494264859228363, 0.5344180225281602, 0.5411635565312843, 0.17472527472527472, 0.28560126582278483, 0.5329008341056534, 0.3559445660102115, 0.296875], "argmax_sim_u4_predicted_ops": 3}, "B : E  ::  F : ?": {"sim_u1_trans_u2": [0.2079589216944801, 0.23978919631093545, 0.2064102564102564, 0.23653088042049936, 0.2079589216944801, 0.23978919631093545, 0.2079589216944801, 0.2381578947368421, 0.47368421052631576], "best_unary_tran": [{"name": "add_diff"}], "sim_u4_predicted_ops": [0.48083242059145676, 0.5611038107752957, 0.49452954048140046, 0.18642117376294592, 0.2965686274509804, 0.5812133072407045, 0.3837386018237082, 0.2952830188679245], "argmax_sim_u4_predicted_ops": 6}, "E : H  ::  F : ?": {"sim_u1_trans_u2": [0.23529411764705882, 0.23233532934131737, 0.23381294964028776, 0.23086124401913877, 0.23529411764705882, 0.23233532934131737, 0.23381294964028776, 0.23086124401913877, 0.4558139534883721], "best_unary_tran": [{"name": "add_diff"}], "sim_u4_predicted_ops": [0.6583747927031509, 0.9130434782608695, 0.2441717791411043, 0.2504604051565378, 0.25380710659898476, 0.45454545454545453, 0.3665116279069767, 0.23458282950423218], "argmax_sim_u4_predicted_ops": 2}, "C : F  ::  F : ?": {"sim_u1_trans_u2": [0.23049645390070922, 0.2334123222748815, 0.2319526627218935, 0.2319526627218935, 0.23049645390070922, 0.23487544483985764, 0.2319526627218935, 0.2319526627218935, 0.45560747663551404], "best_unary_tran": [{"name": "add_diff"}], "sim_u4_predicted_ops": [0.6550580431177446, 0.9084668192219679, 0.23565323565323565, 0.2513863216266174, 0.2530487804878049, 0.4489092996555683, 0.36465116279069765, 0.24116930572472595], "argmax_sim_u4_predicted_ops": 2}, "A : G  ::  C : ?": {"sim_u1_trans_u2": [0.23411764705882354, 0.23702830188679244, 0.23411764705882354, 0.23702830188679244, 0.23411764705882354, 0.23702830188679244, 0.23411764705882354, 0.23702830188679244, 0.45852534562211983], "best_unary_tran": [{"name": "add_diff"}], "sim_u4_predicted_ops": [0.26480541455160744, 0.22785977859778597, 0.5867507886435331, 0.1521099116781158, 0.2949101796407186, 0.5402802101576182, 0.4160057678442682, 0.22852512155591573], "argmax_sim_u4_predicted_ops": 3}, "B : H  ::  C : ?": {"sim_u1_trans_u2": [0.27182866556836904, 0.27182866556836904, 0.27182866556836904, 0.27182866556836904, 0.27182866556836904, 0.27182866556836904, 0.27182866556836904, 0.27182866556836904, 0.4824561403508772], "best_unary_tran": [{"name": "add_diff"}], "sim_u4_predicted_ops": [0.3538011695906433, 0.37485970819304154, 0.66429418742586, 0.17105263157894737, 0.2657833203429462, 0.6269685039370079, 0.4447900466562986, 0.26005361930294907], "argmax_sim_u4_predicted_ops": 3}, "F : G  ::  E : ?": {"sim_u1_trans_u2": [0.23431952662721894, 0.23431952662721894, 0.23431952662721894, 0.23871733966745842, 0.23431952662721894, 0.23871733966745842, 0.235781990521327, 0.23431952662721894, 0.46261682242990654], "best_unary_tran": [{"name": "add_diff"}], "sim_u4_predicted_ops": [0.2785234899328859, 0.2465627864344638, 0.5426278836509528, 0.1611969111969112, 0.3156320119670905, 0.5178268251273345, 0.4015471167369902, 0.21366849960722703], "argmax_sim_u4_predicted_ops": 3}, "G : B  ::  E : ?": {"sim_u1_trans_u2": [0.2037735849056604, 0.23166023166023167, 0.2052896725440806, 0.23483870967741935, 0.2052896725440806, 0.23483870967741935, 0.2068095838587642, 0.23483870967741935, 0.47368421052631576], "best_unary_tran": [{"name": "add_diff"}], "sim_u4_predicted_ops": [0.2437070938215103, 0.21128608923884515, 0.6556390977443609, 0.18944099378881987, 0.2332089552238806, 0.5248306997742663, 0.4249084249084249, 0.2311111111111111], "argmax_sim_u4_predicted_ops": 3},