{"unary_analogies_data": {"A : B  ::  H : ?": {"sim_u1_trans_u2": [0.5023547880690737, 0.45, 0.48833592534992226, 0.463302752293578, 0.5, 0.4677914110429448, 0.48833592534992226, 0.44780635400907715, 0.943952802359882], "best_unary_tran": [{"name": "add_diff"}], "sim_u4_predicted_ops": [0.20490367775831875, 0.6955187231430325, 0.19502971366828742, 0.2798459563543004, 0.2171353826030085, 0.290407358738502, 0.2019774011299435, 0.30337078651685395], "argmax_sim_u4_predicted_ops": 2}, "B : C  ::  H : ?": {"sim_u1_trans_u2": [0.35403726708074534, 0.2976190476190476, 0.3346938775510204, 0.29376854599406527, 0.3582554517133956, 0.29504950495049503, 0.3306205493387589, 0.2976190476190476, 0.5533980582524272], "best_unary_tran": [{"name": "add_diff"}], "sim_u4_predicted_ops": [0.3117729176361098, 0.6670595167943429, 0.16991786447638604, 0.2709891936824605, 0.20802005012531327, 0.2914702100300043, 0.18820861678004536, 0.2750447227191413], "argmax_sim_u4_predicted_ops": 2}, "D : E  ::  H : ?": {"sim_u1_trans_u2": [0.5077054794520548, 0.45057660626029655, 0.5, 0.44819078947368424, 0.5051282051282051, 0.44819078947368424, 0.5051282051282051, 0.44819078947368424, 0.9309262166405023], "best_unary_tran": [{"name": "add_diff"}], "sim_u4_predicted_ops": [0.2722602739726027, 0.6188925081433225, 0.19391261659302897, 0.2895582329317269, 0.19118488838008013, 0.3061056105610561, 0.2035590277777778, 0.2377420683971982], "argmax_sim_u4_predicted_ops": 2}, "E : F  ::  H : ?": {"sim_u1_trans_u2": [0.35835214446952596, 0.34619686800894856, 0.35835214446952596, 0.3492152466367713, 0.35988700564971754, 0.3469501958589815, 0.3568207440811725, 0.3477043673012318, 0.5649466192170819], "best_unary_tran": [{"name": "add_diff"}], "sim_u4_predicted_ops": [0.26824124841838887, 0.598834128245893, 0.16258246936852028, 0.2734405649274225, 0.18477043673012317, 0.2697342324474415, 0.18181818181818182, 0.24294478527607363], "argmax_sim_u4_predicted_ops": 2}, "G : H  ::  H : ?": {"sim_u1_trans_u2": [0.5299212598425197, 0.21210230817217718, 0.506201550387597, 0.20235148514851486, 0.5275157232704403, 0.2053349875930521, 0.506201550387597, 0.20983810709838108, 0.9839181286549707], "best_unary_tran": [{"name": "add_diff"}], "sim_u4_predicted_ops": [0.1960238568588469, 0.6002120890774125, 0.205078125, 0.2773406766325728, 0.1853303471444569, 0.29321486268174474, 0.2175986129172085, 0.3086526043908739], "argmax_sim_u4_predicted_ops": 2}, "A : C  ::  G : ?": {"sim_u1_trans_u2": [0.4431977559607293, 0.4, 0.4193103448275862, 0.41346153846153844, 0.43916083916083914, 0.4212707182320442, 0.42323651452282157, 0.39620081411126185, 0.9321533923303835], "best_unary_tran": [{"name": "add_diff"}], "sim_u4_predicted_ops": [0.3710462287104623, 0.4447989789406509, 0.17397260273972603, 0.20551257253384914, 0.3181818181818182, 0.35398230088495575, 0.19337979094076654, 0.24306688417618272], "argmax_sim_u4_predicted_ops": 2}, "D : F  ::  G : ?": {"sim_u1_trans_u2": [0.4523449319213313, 0.22998078155028828, 0.44360902255639095, 0.23393316195372751, 0.4501510574018127, 0.23314065510597304, 0.4457831325301205, 0.23711340206185566, 0.9387755102040817], "best_unary_tran": [{"name": "add_diff"}], "sim_u4_predicted_ops": [0.32266526757607555, 0.37778987479586285, 0.1855176540993417, 0.2398921832884097, 0.2528823981552652, 0.29594272076372313, 0.17391304347826086, 0.2632360217714003], "argmax_sim_u4_predicted_ops": 2}, "A : D  ::  F : ?": {"sim_u1_trans_u2": [0.5038520801232665, 0.4720965309200603, 0.4900763358778626, 0.4855403348554033, 0.5108359133126935, 0.47878787878787876, 0.4946401225114854, 0.46987951807228917, 0.9646017699115044], "best_unary_tran": [{"name": "add_diff"}], "sim_u4_predicted_ops": [0.6873868436934218, 0.20017108639863132, 0.1762252346193952, 0.2992294520547945, 0.21183206106870228, 0.3218390804597701, 0.19237832874196512, 0.24471830985915494], "argmax_sim_u4_predicted_ops": 1}, "D : G  ::  F : ?": {"sim_u1_trans_u2": [0.36749482401656314, 0.3196803196803197, 0.35348360655737704, 0.32364729458917835, 0.35765673175745116, 0.32232232232232233, 0.35209825997952915, 0.3316532258064516, 0.5572998430141287], "best_unary_tran": [{"name": "add_diff"}], "sim_u4_predicted_ops": [0.7181588902900379, 0.270910780669145, 0.18299945858148348, 0.29658792650918636, 0.22266666666666668, 0.33653846153846156, 0.19094766619519093, 0.25204359673024523], "argmax_sim_u4_predicted_ops": 1}, "B : E  ::  F : ?": {"sim_u1_trans_u2": [0.4812925170068027, 0.4675652906486942, 0.4825531914893617, 0.47877758913412566, 0.4812925170068027, 0.4663299663299663, 0.4838160136286201, 0.47877758913412566, 0.9158576051779935], "best_unary_tran": [{"name": "add_diff"}], "sim_u4_predicted_ops": [0.6274617067833698, 0.2632247143461701, 0.16618773946360152, 0.2825219473264166, 0.19426934097421203, 0.3204166666666667, 0.1909051909051909, 0.24565037282518642], "argmax_sim_u4_predicted_ops": 1}, "E : H  ::  F : ?": {"sim_u1_trans_u2": [0.3750721292556261, 0.35860889395667045, 0.3734870317002882, 0.3624928530588908, 0.3750721292556261, 0.36093660765276986, 0.3742791234140715, 0.35860889395667045, 0.5782918149466192], "best_unary_tran": [{"name": "add_diff"}], "sim_u4_predicted_ops": [0.6522234891676169, 0.24860455130957493, 0.18018018018018017, 0.27676027676027676, 0.20035885167464115, 0.3213675213675214, 0.18846323205636284, 0.25535561268209084], "argmax_sim_u4_predicted_ops": 1}, "C : F  ::  F : ?": {"sim_u1_trans_u2": [0.5003802281368821, 0.19070609535304767, 0.47129008202833705, 0.20231566118220598, 0.46909903201787045, 0.1979356405585914, 0.49356548069644207, 0.19214501510574017, 0.9536231884057971], "best_unary_tran": [{"name": "add_diff"}], "sim_u4_predicted_ops": [0.6069915254237288, 0.19560094265514533, 0.20716360116166505, 0.28554595443833464, 0.18463239358761746, 0.3137973137973138, 0.20586984262016164, 0.3192771084337349], "argmax_sim_u4_predicted_ops": 1}, "A : G  ::  C : ?": {"sim_u1_trans_u2": [0.45519203413940257, 0.42877094972067037, 0.4656160458452722, 0.4449152542372881, 0.463519313304721, 0.44084507042253523, 0.453125, 0.42877094972067037, 0.943952802359882], "best_unary_tran": [{"name": "add_diff"}], "sim_u4_predicted_ops": [0.4325032765399738, 0.31891891891891894, 0.1841726618705036, 0.21675865529352734, 0.31739572736520855, 0.4175104228707564, 0.1862686567164179, 0.2580828133862734], "argmax_sim_u4_predicted_ops": 1}, "B : H  ::  C : ?": {"sim_u1_trans_u2": [0.46640625, 0.2316272965879265, 0.44273635664873173, 0.23081967213114754, 0.45843045843045843, 0.23001310615989515, 0.44830246913580246, 0.23324572930354795, 0.9660194174757282], "best_unary_tran": [{"name": "add_diff"}], "sim_u4_predicted_ops": [0.44778067885117495, 0.241917502787068, 0.2106782106782107, 0.22482552342971088, 0.30738916256157633, 0.40232558139534885, 0.2017857142857143, 0.2410369553226696], "argmax_sim_u4_predicted_ops": 1}, "F : G  ::  E : ?": {"sim_u1_trans_u2": [0.2097170971709717, 0.441025641025641, 0.20012202562538134, 0.4484536082474227, 0.20823095823095822, 0.4315866084425036, 0.20305810397553517, 0.457037037037037, 0.49853801169590645], "best_unary_tran": [{"name": "add_diff"}], "sim_u4_predicted_ops": [0.2970238095238095, 0.30686567164179107, 0.20781134856300662, 0.3993055555555556, 0.2664700098328417, 0.17475247524752474, 0.23210952084629746, 0.21885336273428888], "argmax_sim_u4_predicted_ops": 4}, "G : B  ::  E : ?": {"sim_u1_trans_u2": [0.33265097236438074, 0.32857142857142857, 0.3258655804480652, 0.3191489361702128, 0.3299284984678243, 0.3204868154158215, 0.3299284984678243, 0.32857142857142857, 0.5258899676375405], "best_unary_tran": [{"name": "add_diff"}], "sim_u4_predicted_ops": [0.3397548161120841, 0.3354577056778679, 0.22044506258692628, 0.43406904357668363, 0.28689275893675525, 0.1892021022455805, 0.24761904761904763, 0.25040300913487373], "argmax_sim_u4_predicted_ops": 4},