{"unary_analogies_data": {"A : B  ::  H : ?": {"sim_u1_trans_u2": [0.27105666156202146, 0.14958448753462603, 0.23511904761904762, 0.14482758620689656, 0.2652439024390244, 0.15117891816920942, 0.23328380386329867, 0.14325068870523416, 0.46335078534031415], "best_unary_tran": [{"name": "add_diff"}], "sim_u4_predicted_ops": [0.37268847795163584, 0.48044692737430167, 0.29044585987261146, 0.213768115942029, 0.3958076448828607, 0.3427471116816431, 0.4624664879356568, 0.6077844311377245], "argmax_sim_u4_predicted_ops": 8}, "B : C  ::  H : ?": {"sim_u1_trans_u2": [0.5435992578849722, 0.3639344262295082, 0.38205980066445183, 0.37976782752902155, 0.5350553505535055, 0.3684210526315789, 0.38666666666666666, 0.36617405582922824, 0.7630208333333334], "best_unary_tran": [{"name": "add_diff"}], "sim_u4_predicted_ops": [0.4989733059548255, 0.5566037735849056, 0.36013986013986016, 0.22416534181240064, 0.44212218649517687, 0.3839590443686007, 0.5097001763668431, 0.7813163481953291], "argmax_sim_u4_predicted_ops": 8}, "D : E  ::  H : ?": {"sim_u1_trans_u2": [0.5023923444976076, 0.2526595744680851, 0.2493368700265252, 0.2493368700265252, 0.5023923444976076, 0.2526595744680851, 0.247682119205298, 0.247682119205298, 0.6907894736842105], "best_unary_tran": [{"name": "add_diff"}], "sim_u4_predicted_ops": [0.4475806451612903, 0.5397727272727273, 0.3298611111111111, 0.22653721682847897, 0.45320197044334976, 0.3704974271012007, 0.5098389982110912, 0.7484143763213531], "argmax_sim_u4_predicted_ops": 8}, "E : F  ::  H : ?": {"sim_u1_trans_u2": [0.7408163265306122, 0.2924242424242424, 0.27886056971514245, 0.2750373692077728, 0.7443762781186094, 0.28851963746223563, 0.27313432835820894, 0.27886056971514245, 0.9143576826196473], "best_unary_tran": [{"name": "add_diff"}], "sim_u4_predicted_ops": [0.49295774647887325, 0.6003824091778203, 0.36915077989601386, 0.231496062992126, 0.46849757673667203, 0.39728353140916806, 0.552772808586762, 0.8183760683760684], "argmax_sim_u4_predicted_ops": 8}, "G : H  ::  H : ?": {"sim_u1_trans_u2": [0.38688524590163936, 0.23865300146412885, 0.2422907488986784, 0.2422907488986784, 0.3778501628664495, 0.2404692082111437, 0.2404692082111437, 0.23865300146412885, 0.565947242206235], "best_unary_tran": [{"name": "add_diff"}], "sim_u4_predicted_ops": [0.4236453201970443, 0.5693311582381729, 0.3416422287390029, 0.2373806275579809, 0.46458923512747874, 0.39002932551319647, 0.5137195121951219, 0.7033158813263525], "argmax_sim_u4_predicted_ops": 8}, "A : C  ::  G : ?": {"sim_u1_trans_u2": [0.41589648798521256, 0.19314641744548286, 0.27454242928452577, 0.18944099378881987, 0.4132841328413284, 0.19129082426127528, 0.27454242928452577, 0.19129082426127528, 0.5890052356020943], "best_unary_tran": [{"name": "add_diff"}], "sim_u4_predicted_ops": [0.30600292825768666, 0.3862359550561798, 0.34285714285714286, 0.273224043715847, 0.521551724137931, 0.30254350736278446, 0.3627844712182062, 0.3693570451436389], "argmax_sim_u4_predicted_ops": 5}, "D : F  ::  G : ?": {"sim_u1_trans_u2": [0.494077834179357, 0.23842917251051893, 0.2723342939481268, 0.2419127988748242, 0.49155405405405406, 0.2454160789844852, 0.27050359712230215, 0.23842917251051893, 0.7355163727959698], "best_unary_tran": [{"name": "add_diff"}], "sim_u4_predicted_ops": [0.38140417457305503, 0.4044368600682594, 0.3152542372881356, 0.3333333333333333, 0.5457685664939551, 0.24845679012345678, 0.3954248366013072, 0.38576158940397354], "argmax_sim_u4_predicted_ops": 5}, "A : D  ::  F : ?": {"sim_u1_trans_u2": [0.2859259259259259, 0.14966887417218544, 0.18904109589041096, 0.14814814814814814, 0.2878338278931751, 0.14814814814814814, 0.18904109589041096, 0.14966887417218544, 0.5052356020942408], "best_unary_tran": [{"name": "add_diff"}], "sim_u4_predicted_ops": [0.4635658914728682, 0.5886850152905199, 0.34599728629579374, 0.2713178294573643, 0.4225352112676056, 0.4375876577840112, 0.5620437956204379, 0.4584487534626039], "argmax_sim_u4_predicted_ops": 2}, "D : G  ::  F : ?": {"sim_u1_trans_u2": [0.7037735849056603, 0.4175824175824176, 0.4242902208201893, 0.4242902208201893, 0.6358695652173914, 0.4517684887459807, 0.43789808917197454, 0.4153605015673981, 0.894484412470024], "best_unary_tran": [{"name": "add_diff"}], "sim_u4_predicted_ops": [0.5813953488372093, 0.7260579064587973, 0.35315985130111527, 0.2020033388981636, 0.3683360258481422, 0.4950884086444008, 0.6550308008213552, 0.5320388349514563], "argmax_sim_u4_predicted_ops": 2}, "B : E  ::  F : ?": {"sim_u1_trans_u2": [0.3972179289026275, 0.18635170603674542, 0.2538141470180305, 0.18791064388961892, 0.3972179289026275, 0.18947368421052632, 0.2538141470180305, 0.18324607329842932, 0.5736607142857143], "best_unary_tran": [{"name": "add_diff"}], "sim_u4_predicted_ops": [0.4973544973544973, 0.697841726618705, 0.38854489164086686, 0.24162011173184358, 0.3879781420765027, 0.5448504983388704, 0.652542372881356, 0.5110410094637224], "argmax_sim_u4_predicted_ops": 2}, "E : H  ::  F : ?": {"sim_u1_trans_u2": [0.6238532110091743, 0.28820960698689957, 0.29008746355685133, 0.291970802919708, 0.5747330960854092, 0.2863372093023256, 0.3169642857142857, 0.29385964912280704, 0.7925407925407926], "best_unary_tran": [{"name": "add_diff"}], "sim_u4_predicted_ops": [0.5589622641509434, 0.6912751677852349, 0.36346153846153845, 0.22982456140350876, 0.3777038269550749, 0.4635108481262327, 0.6327800829875518, 0.5650406504065041], "argmax_sim_u4_predicted_ops": 2}, "C : F  ::  F : ?": {"sim_u1_trans_u2": [0.39464285714285713, 0.2203125, 0.2203125, 0.2203125, 0.39713774597495527, 0.21840873634945399, 0.21840873634945399, 0.2222222222222222, 0.5755208333333334], "best_unary_tran": [{"name": "add_diff"}], "sim_u4_predicted_ops": [0.5223880597014925, 0.7723735408560312, 0.40032414910858993, 0.23878437047756873, 0.4371345029239766, 0.5681818181818182, 0.6972972972972973, 0.5677966101694916], "argmax_sim_u4_predicted_ops": 2}, "A : G  ::  C : ?": {"sim_u1_trans_u2": [0.33612040133779264, 0.1819526627218935, 0.17673048600883653, 0.18020679468242246, 0.33835845896147404, 0.18020679468242246, 0.17673048600883653, 0.1819526627218935, 0.5261780104712042], "best_unary_tran": [{"name": "add_diff"}], "sim_u4_predicted_ops": [0.41809672386895474, 0.33688415446071907, 0.5637254901960784, 0.3694083694083694, 0.32839506172839505, 0.438953488372093, 0.35117493472584854, 0.28535353535353536], "argmax_sim_u4_predicted_ops": 3}, "B : H  ::  C : ?": {"sim_u1_trans_u2": [0.5974499089253188, 0.18995929443690637, 0.26187050359712233, 0.18513513513513513, 0.5577264653641207, 0.18834688346883469, 0.2878120411160059, 0.18673883626522328, 0.7645687645687645], "best_unary_tran": [{"name": "add_diff"}], "sim_u4_predicted_ops": [0.5822784810126582, 0.4090019569471624, 0.6216867469879518, 0.35991820040899797, 0.2611464968152866, 0.4831932773109244, 0.43320610687022904, 0.32730560578661844], "argmax_sim_u4_predicted_ops": 3}, "F : G  ::  E : ?": {"sim_u1_trans_u2": [0.37966101694915255, 0.24655436447166923, 0.2389649923896499, 0.24274809160305344, 0.377326565143824, 0.24655436447166923, 0.24085365853658536, 0.24085365853658536, 0.5642317380352645], "best_unary_tran": [{"name": "add_diff"}], "sim_u4_predicted_ops": [0.5, 0.6018808777429467, 0.3751763046544429, 0.25421530479896237, 0.4904632152588556, 0.4177215189873418, 0.6902086677367576, 0.4715909090909091], "argmax_sim_u4_predicted_ops": 7}, "G : B  ::  E : ?": {"sim_u1_trans_u2": [0.2536231884057971, 0.14116094986807387, 0.21830985915492956, 0.14721485411140584, 0.25180897250361794, 0.1502659574468085, 0.22869318181818182, 0.14417989417989419, 0.4196642685851319], "best_unary_tran": [{"name": "add_diff"}], "sim_u4_predicted_ops": [0.45982142857142855, 0.5616835994194485, 0.37566844919786097, 0.26049382716049385, 0.37815126050420167, 0.417890520694259, 0.6207906295754027, 0.45139813581890814], "argmax_sim_u4_predicted_ops": 7},