{"unary_analogies_data": {"A : B  ::  H : ?": {"sim_u1_trans_u2": [0.5567010309278351, 0.415625, 0.3895705521472393, 0.546829268292683, 0.5164992826398852, 0.5460750853242321, 0.41184327693677647, 0.415625, 0.9775862068965517], "best_unary_tran": [{"name": "add_diff"}], "sim_u4_predicted_ops": [0.24566473988439305, 0.24705882352941178, 0.2854415274463007, 0.4812925170068027, 0.8059071729957806, 0.3016120644825793, 0.4574095682613769, 0.48333333333333334], "argmax_sim_u4_predicted_ops": 5}, "B : C  ::  H : ?": {"sim_u1_trans_u2": [0.28771289537712896, 0.3945981554677207, 0.23009877977919815, 0.39001969796454367, 0.3181818181818182, 0.3945981554677207, 0.20971428571428571, 0.39276315789473687, 0.4942528735632184], "best_unary_tran": [{"name": "add_diff"}], "sim_u4_predicted_ops": [0.1761297798377752, 0.24720893141945774, 0.15329512893982808, 0.2523524379811805, 0.41292134831460675, 0.15825091098386257, 0.24487179487179486, 0.2373029772329247], "argmax_sim_u4_predicted_ops": 5}, "D : E  ::  H : ?": {"sim_u1_trans_u2": [0.45591739475774423, 0.472289156626506, 0.45591739475774423, 0.472289156626506, 0.45591739475774423, 0.472289156626506, 0.45591739475774423, 0.472289156626506, 0.8830769230769231], "best_unary_tran": [{"name": "add_diff"}], "sim_u4_predicted_ops": [0.20886699507389161, 0.30275229357798167, 0.2539379474940334, 0.4227504244482173, 0.7276595744680852, 0.26861009890681936, 0.3787878787878788, 0.4266900790166813], "argmax_sim_u4_predicted_ops": 5}, "E : F  ::  H : ?": {"sim_u1_trans_u2": [0.3954248366013072, 0.4154696132596685, 0.3954248366013072, 0.4154696132596685, 0.3954248366013072, 0.4154696132596685, 0.3954248366013072, 0.4154696132596685, 0.5752773375594294], "best_unary_tran": [{"name": "add_diff"}], "sim_u4_predicted_ops": [0.22420634920634921, 0.2882882882882883, 0.2572792362768496, 0.42506350550381033, 0.7326732673267327, 0.27225403435710566, 0.3709677419354839, 0.43283582089552236], "argmax_sim_u4_predicted_ops": 5}, "G : H  ::  H : ?": {"sim_u1_trans_u2": [0.6689453125, 0.22684852835606603, 0.6689453125, 0.22684852835606603, 0.6689453125, 0.22684852835606603, 0.6689453125, 0.22684852835606603, 0.9985422740524781], "best_unary_tran": [{"name": "add_diff"}], "sim_u4_predicted_ops": [0.21994134897360704, 0.1761297798377752, 0.2639618138424821, 0.4604130808950086, 0.7328671328671329, 0.2782111284451378, 0.43333333333333335, 0.44259421560035056], "argmax_sim_u4_predicted_ops": 5}, "A : C  ::  G : ?": {"sim_u1_trans_u2": [0.437984496124031, 0.2576271186440678, 0.2732732732732733, 0.4053030303030303, 0.437984496124031, 0.42077549066539016, 0.2732732732732733, 0.25126475548060706, 0.9446185997910136], "best_unary_tran": [{"name": "add_diff"}], "sim_u4_predicted_ops": [0.19069767441860466, 0.35446313065976714, 0.16319444444444445, 0.16587997302764665, 0.23398058252427184, 0.16627634660421545, 0.1873198847262248, 0.22571219868517164], "argmax_sim_u4_predicted_ops": 2}, "D : F  ::  G : ?": {"sim_u1_trans_u2": [0.4832379394930499, 0.22816519972918078, 0.4735987002437043, 0.22816519972918078, 0.4735987002437043, 0.22816519972918078, 0.4832379394930499, 0.22816519972918078, 0.936608557844691], "best_unary_tran": [{"name": "add_diff"}], "sim_u4_predicted_ops": [0.21115537848605578, 0.25316455696202533, 0.22483221476510068, 0.3376358695652174, 0.5125125125125125, 0.23529411764705882, 0.262617621899059, 0.3431372549019608], "argmax_sim_u4_predicted_ops": 5}, "A : D  ::  F : ?": {"sim_u1_trans_u2": [0.551238465274405, 0.5385356454720617, 0.43809095002251236, 0.40272288098375053, 0.43809095002251236, 0.5073147711184521, 0.5504854368932038, 0.417036379769299, 0.959425190194421], "best_unary_tran": [{"name": "add_diff"}], "sim_u4_predicted_ops": [0.7510729613733905, 0.2012121212121212, 0.24419155998103367, 0.23468634686346865, 0.2247983870967742, 0.2598343685300207, 0.39644970414201186, 0.4772313296903461], "argmax_sim_u4_predicted_ops": 1}, "D : G  ::  F : ?": {"sim_u1_trans_u2": [0.29917550058892817, 0.4077855775366943, 0.22691879866518352, 0.4077855775366943, 0.22623679822123402, 0.4077855775366943, 0.29917550058892817, 0.4086845466155811, 0.4965786901270772], "best_unary_tran": [{"name": "add_diff"}], "sim_u4_predicted_ops": [0.5933908045977011, 0.2, 0.19362511893434825, 0.17319277108433734, 0.19956379498364232, 0.19290123456790123, 0.2971985383678441, 0.37249544626593806], "argmax_sim_u4_predicted_ops": 1}, "B : E  ::  F : ?": {"sim_u1_trans_u2": [0.48117839607201307, 0.46321746160064675, 0.48117839607201307, 0.46321746160064675, 0.48117839607201307, 0.46321746160064675, 0.48117839607201307, 0.46321746160064675, 0.9046153846153846], "best_unary_tran": [{"name": "add_diff"}], "sim_u4_predicted_ops": [0.7187948350071736, 0.227735368956743, 0.2306963524396021, 0.19694767441860464, 0.2034412955465587, 0.23868312757201646, 0.3264367816091954, 0.453551912568306], "argmax_sim_u4_predicted_ops": 1}, "E : H  ::  F : ?": {"sim_u1_trans_u2": [0.4152542372881356, 0.3945720250521921, 0.4152542372881356, 0.3945720250521921, 0.4152542372881356, 0.3945720250521921, 0.4152542372881356, 0.3945720250521921, 0.6030769230769231], "best_unary_tran": [{"name": "add_diff"}], "sim_u4_predicted_ops": [0.6304128902316214, 0.21899736147757257, 0.253217102532171, 0.3155216284987277, 0.43365983971504896, 0.2640750670241287, 0.32687447346251053, 0.4489942528735632], "argmax_sim_u4_predicted_ops": 1}, "C : F  ::  F : ?": {"sim_u1_trans_u2": [0.6303901437371663, 0.2085235920852359, 0.6072874493927125, 0.20030234315948603, 0.6187563710499491, 0.20394238059135708, 0.6187563710499491, 0.20394238059135708, 0.9730586370839936], "best_unary_tran": [{"name": "add_diff"}], "sim_u4_predicted_ops": [0.7582260371959942, 0.17038777908343125, 0.24656235182550973, 0.23020527859237536, 0.21635094715852443, 0.26373056994818656, 0.3892145369284877, 0.4831358249772106], "argmax_sim_u4_predicted_ops": 1}, "A : G  ::  C : ?": {"sim_u1_trans_u2": [0.40658321743161796, 0.44476190476190475, 0.2699874424445375, 0.2921635434412266, 0.2699874424445375, 0.44476190476190475, 0.40658321743161796, 0.2921635434412266, 0.8572825024437928], "best_unary_tran": [{"name": "add_diff"}], "sim_u4_predicted_ops": [0.25674325674325676, 0.36666666666666664, 0.17350993377483442, 0.1796821008984105, 0.2079303675048356, 0.16856060606060605, 0.1925343811394892, 0.23582089552238805], "argmax_sim_u4_predicted_ops": 2}, "B : H  ::  C : ?": {"sim_u1_trans_u2": [0.5281456953642384, 0.23066666666666666, 0.5281456953642384, 0.23066666666666666, 0.5281456953642384, 0.23066666666666666, 0.5281456953642384, 0.23066666666666666, 0.9300291545189504], "best_unary_tran": [{"name": "add_diff"}], "sim_u4_predicted_ops": [0.38001958863858964, 0.30666666666666664, 0.17384036773923944, 0.20571057754704739, 0.1834319526627219, 0.17707865168539325, 0.19213973799126638, 0.2761299435028249], "argmax_sim_u4_predicted_ops": 1}, "F : G  ::  E : ?": {"sim_u1_trans_u2": [0.21349963316214232, 0.615234375, 0.20029027576197386, 0.615234375, 0.20116194625998549, 0.615234375, 0.2126099706744868, 0.615234375, 0.4611727416798732], "best_unary_tran": [{"name": "rot_binary", "args": {"angle": 90}}], "sim_u4_predicted_ops": [0.42826780021253985, 0.14772727272727273, 0.2828424497428705, 0.4745065789473684, 0.4037854889589905, 0.3131105398457584, 0.9259259259259259, 0.4082457558609539], "argmax_sim_u4_predicted_ops": 7}, "G : B  ::  E : ?": {"sim_u1_trans_u2": [0.41386010362694303, 0.20341786108048512, 0.41386010362694303, 0.287905604719764, 0.41386010362694303, 0.287905604719764, 0.41386010362694303, 0.20341786108048512, 0.624633431085044], "best_unary_tran": [{"name": "add_diff"}], "sim_u4_predicted_ops": [0.284435261707989, 0.16905444126074498, 0.23768006065200908, 0.357981220657277, 0.28, 0.2556145365455288, 0.5537542662116041, 0.30132259919493964], "argmax_sim_u4_predicted_ops": 7},