{"unary_analogies_data": {"A : B  ::  H : ?": {"sim_u1_trans_u2": [0.9719438877755511, 0.9627659574468085, 0.974581939799331, 0.974581939799331, 0.9838709677419355, 0.9640718562874252, 0.9693128752501667, 0.9640718562874252, 0.9857723577235772], "best_unary_tran": [{"name": "add_diff"}], "sim_u4_predicted_ops": [0.5628192032686414, 0.20334261838440112, 0.9083728278041074, 0.11010215664018161, 0.42401215805471126, 0.1424272818455366, 0.18489583333333334, 0.1486111111111111], "argmax_sim_u4_predicted_ops": 3}, "B : C  ::  H : ?": {"sim_u1_trans_u2": [0.9721115537848606, 0.9616908850726552, 0.9603960396039604, 0.9500984898227183, 0.973421926910299, 0.9539473684210527, 0.9642857142857143, 0.9591029023746702, 0.991869918699187], "best_unary_tran": [{"name": "add_diff"}], "sim_u4_predicted_ops": [0.5581162324649298, 0.21081576535288726, 0.8767123287671232, 0.10828729281767956, 0.4214071856287425, 0.14005876591576885, 0.1829787234042553, 0.1523678792038435], "argmax_sim_u4_predicted_ops": 3}, "D : E  ::  H : ?": {"sim_u1_trans_u2": [0.9593023255813954, 0.7877984084880637, 0.9312320916905444, 0.783068783068783, 0.9479768786127167, 0.783068783068783, 0.9423631123919308, 0.7877984084880637, 0.990990990990991], "best_unary_tran": [{"name": "add_diff"}], "sim_u4_predicted_ops": [0.5638406537282942, 0.20315398886827457, 0.909952606635071, 0.10997732426303855, 0.4247720364741641, 0.14228456913827656, 0.18473547267996532, 0.14930555555555555], "argmax_sim_u4_predicted_ops": 3}, "E : F  ::  H : ?": {"sim_u1_trans_u2": [0.8661417322834646, 0.8515625, 0.8661417322834646, 0.8467532467532467, 0.8661417322834646, 0.8515625, 0.8661417322834646, 0.8467532467532467, 0.990990990990991], "best_unary_tran": [{"name": "add_diff"}], "sim_u4_predicted_ops": [0.5493096646942801, 0.20995475113122172, 0.8558692421991084, 0.1309655937846837, 0.4195700518902891, 0.13680154142581888, 0.18052057094878254, 0.1754507628294036], "argmax_sim_u4_predicted_ops": 3}, "G : H  ::  H : ?": {"sim_u1_trans_u2": [0.9413680781758957, 0.664804469273743, 0.8509316770186336, 0.6718092566619915, 0.925686591276252, 0.664804469273743, 0.8683385579937304, 0.6694677871148459, 0.9763513513513513], "best_unary_tran": [{"name": "add_diff"}], "sim_u4_predicted_ops": [0.5624365482233502, 0.20387453874538744, 0.8985959438377535, 0.10898876404494381, 0.4265151515151515, 0.14228855721393036, 0.18448275862068966, 0.15006915629322268], "argmax_sim_u4_predicted_ops": 3}, "A : C  ::  G : ?": {"sim_u1_trans_u2": [0.9708029197080292, 0.9513797634691196, 0.9655857048312376, 0.9565217391304348, 0.9681908548707754, 0.957811470006592, 0.9655857048312376, 0.9513797634691196, 0.9911924119241192], "best_unary_tran": [{"name": "add_diff"}], "sim_u4_predicted_ops": [0.551, 0.19836214740673339, 0.8315946348733234, 0.11123470522803114, 0.40682999257609503, 0.1350293542074364, 0.18461538461538463, 0.15278733654507914], "argmax_sim_u4_predicted_ops": 3}, "D : F  ::  G : ?": {"sim_u1_trans_u2": [0.8772845953002611, 0.8723958333333334, 0.8871391076115486, 0.8675324675324675, 0.8871391076115486, 0.8723958333333334, 0.8772845953002611, 0.8675324675324675, 0.9853372434017595], "best_unary_tran": [{"name": "add_diff"}], "sim_u4_predicted_ops": [0.5722952477249748, 0.19655797101449277, 0.8239644970414202, 0.12570145903479238, 0.40458579881656803, 0.13339824732229796, 0.17597292724196278, 0.1619377162629758], "argmax_sim_u4_predicted_ops": 3}, "A : D  ::  F : ?": {"sim_u1_trans_u2": [0.231029810298103, 0.231029810298103, 0.231029810298103, 0.231029810298103, 0.231029810298103, 0.231029810298103, 0.231029810298103, 0.231029810298103, 1.0], "best_unary_tran": [{"name": "add_diff"}], "sim_u4_predicted_ops": [0.10897435897435898, 0.09536784741144415, 0.11353032659409021, 0.28232189973614774, 0.060629316960859554, 0.11744386873920552, 0.09125, 0.09622641509433963], "argmax_sim_u4_predicted_ops": 4}, "D : G  ::  F : ?": {"sim_u1_trans_u2": [0.11203814064362336, 0.10807600950118765, 0.11336515513126491, 0.10676156583629894, 0.11203814064362336, 0.10807600950118765, 0.11336515513126491, 0.10676156583629894, 0.2756598240469208], "best_unary_tran": [{"name": "add_diff"}], "sim_u4_predicted_ops": [0.31733116354759966, 0.181740614334471, 0.4143947655398037, 0.5396825396825397, 0.25111536010197577, 0.1455223880597015, 0.20165289256198346, 0.27879677182685253], "argmax_sim_u4_predicted_ops": 4}, "B : E  ::  F : ?": {"sim_u1_trans_u2": [0.22560975609756098, 0.22560975609756098, 0.22560975609756098, 0.22560975609756098, 0.22560975609756098, 0.22560975609756098, 0.22560975609756098, 0.22560975609756098, 1.0], "best_unary_tran": [{"name": "add_diff"}], "sim_u4_predicted_ops": [0.07692307692307693, 0.06758620689655172, 0.06853582554517133, 0.1968503937007874, 0.052140077821011675, 0.10771992818671454, 0.05375, 0.06691800188501414], "argmax_sim_u4_predicted_ops": 4}, "E : H  ::  F : ?": {"sim_u1_trans_u2": [0.11071428571428571, 0.10807600950118765, 0.11071428571428571, 0.10939357907253269, 0.11071428571428571, 0.10939357907253269, 0.11071428571428571, 0.10807600950118765, 0.27927927927927926], "best_unary_tran": [{"name": "add_diff"}], "sim_u4_predicted_ops": [0.3308943089430894, 0.19404255319148936, 0.4498346196251378, 0.5260196905766527, 0.2739549839228296, 0.14732965009208104, 0.21753515301902399, 0.2788671023965142], "argmax_sim_u4_predicted_ops": 4}, "C : F  ::  F : ?": {"sim_u1_trans_u2": [0.25301204819277107, 0.25301204819277107, 0.25301204819277107, 0.25301204819277107, 0.25301204819277107, 0.25301204819277107, 0.25301204819277107, 0.25301204819277107, 1.0], "best_unary_tran": [{"name": "add_diff"}], "sim_u4_predicted_ops": [0.17395944503735325, 0.06257668711656442, 0.10984308131241084, 0.4308093994778068, 0.06411201179071481, 0.08409785932721713, 0.1865482233502538, 0.1590909090909091], "argmax_sim_u4_predicted_ops": 4}, "A : G  ::  C : ?": {"sim_u1_trans_u2": [0.1319102353585112, 0.13253012048192772, 0.1319102353585112, 0.1319102353585112, 0.1319102353585112, 0.1319102353585112, 0.13129102844638948, 0.13253012048192772, 0.40709459459459457], "best_unary_tran": [{"name": "add_diff"}], "sim_u4_predicted_ops": [0.1886178861788618, 0.4114942528735632, 0.24318429661941113, 0.21010638297872342, 0.2918454935622318, 0.34210526315789475, 0.15597147950089127, 0.1410071942446043], "argmax_sim_u4_predicted_ops": 2}, "B : H  ::  C : ?": {"sim_u1_trans_u2": [0.13195201744820065, 0.13566739606126915, 0.1331877729257642, 0.13442622950819672, 0.13380666302566904, 0.13504647348277748, 0.132569558101473, 0.13442622950819672, 0.4033333333333333], "best_unary_tran": [{"name": "add_diff"}], "sim_u4_predicted_ops": [0.1892147587511826, 0.4327731092436975, 0.23026315789473684, 0.128, 0.21012849584278157, 0.19119669876203577, 0.08982035928143713, 0.100398406374502], "argmax_sim_u4_predicted_ops": 2}, "F : G  ::  E : ?": {"sim_u1_trans_u2": [0.11366245694603903, 0.10857142857142857, 0.11366245694603903, 0.10983981693363844, 0.11366245694603903, 0.10983981693363844, 0.11366245694603903, 0.10857142857142857, 0.2619047619047619], "best_unary_tran": [{"name": "add_diff"}], "sim_u4_predicted_ops": [0.41379310344827586, 0.18412438625204583, 0.5531428571428572, 0.41478696741854637, 0.3166449934980494, 0.15075825156110614, 0.22258064516129034, 0.24140302613480055], "argmax_sim_u4_predicted_ops": 3}, "G : B  ::  E : ?": {"sim_u1_trans_u2": [0.13129102844638948, 0.13129102844638948, 0.1319102353585112, 0.1319102353585112, 0.13129102844638948, 0.13129102844638948, 0.13129102844638948, 0.1319102353585112, 0.40540540540540543], "best_unary_tran": [{"name": "add_diff"}], "sim_u4_predicted_ops": [0.2614861032331254, 0.2579013906447535, 0.13620071684587814, 0.2851652574942352, 0.3028919330289193, 0.21875, 0.12329514457174032, 0.20719794344473008], "argmax_sim_u4_predicted_ops": 5},