{"unary_analogies_data": {"A : B  ::  H : ?": {"sim_u1_trans_u2": [0.48564593301435405, 0.4750593824228028, 0.4768133174791914, 0.4803337306317044, 0.4785714285714286, 0.4821002386634845, 0.4821002386634845, 0.4750593824228028, 0.9950980392156863], "best_unary_tran": [{"name": "add_diff"}], "sim_u4_predicted_ops": [0.29832893579595426, 0.4434719183078045, 0.599705304518664, 0.2292655682770176, 0.3429049344856426, 0.2638446849140675, 0.5606521138436033, 0.1534781008465219], "argmax_sim_u4_predicted_ops": 3}, "B : C  ::  H : ?": {"sim_u1_trans_u2": [0.647196261682243, 0.24558303886925795, 0.6408068269976727, 0.24558303886925795, 0.6433566433566433, 0.24558303886925795, 0.6433566433566433, 0.24338624338624337, 0.9964028776978417], "best_unary_tran": [{"name": "add_diff"}], "sim_u4_predicted_ops": [0.3170223841749089, 0.4101522842639594, 0.6641089108910891, 0.2847589857899136, 0.3934017188799556, 0.32572153504598794, 0.6134986225895317, 0.14447107155083874], "argmax_sim_u4_predicted_ops": 3}, "D : E  ::  H : ?": {"sim_u1_trans_u2": [0.48895522388059703, 0.4854079809410363, 0.4845238095238095, 0.4809976247030879, 0.48364069006543725, 0.4809976247030879, 0.4880668257756563, 0.4845238095238095, 0.9879372738238842], "best_unary_tran": [{"name": "add_diff"}], "sim_u4_predicted_ops": [0.30277777777777776, 0.4279216235129461, 0.590843720038351, 0.22462787550744248, 0.3340534701593303, 0.25698495548050354, 0.5480150214592274, 0.14844851904090267], "argmax_sim_u4_predicted_ops": 3}, "E : F  ::  H : ?": {"sim_u1_trans_u2": [0.6402961808261887, 0.6371061843640606, 0.6282398452611219, 0.6371061843640606, 0.6377431906614786, 0.6301316808675446, 0.6313953488372093, 0.643498633346349, 0.9867867867867868], "best_unary_tran": [{"name": "add_diff"}], "sim_u4_predicted_ops": [0.33916083916083917, 0.35642982971227244, 0.7935516120969758, 0.30582774626095927, 0.40775950668037, 0.34641092705608834, 0.6113381001021451, 0.12241277350680072], "argmax_sim_u4_predicted_ops": 3}, "G : H  ::  H : ?": {"sim_u1_trans_u2": [0.48660535785685727, 0.27766323024054984, 0.48068498606133014, 0.2798623063683305, 0.48127490039840637, 0.2794218857536132, 0.48482428115015974, 0.27810244070127194, 0.986223662884927], "best_unary_tran": [{"name": "add_diff"}], "sim_u4_predicted_ops": [0.4064614343707713, 0.33551733551733554, 0.713759779107225, 0.30114606193611315, 0.3951965065502183, 0.2677694494701473, 0.5925477861117832, 0.11482597972047136], "argmax_sim_u4_predicted_ops": 3}, "A : C  ::  G : ?": {"sim_u1_trans_u2": [0.31644583008573657, 0.3174726989079563, 0.31542056074766356, 0.31644583008573657, 0.31644583008573657, 0.3174726989079563, 0.31542056074766356, 0.31542056074766356, 0.9950980392156863], "best_unary_tran": [{"name": "add_diff"}], "sim_u4_predicted_ops": [0.2068501058302867, 0.7532307692307693, 0.3687009369460623, 0.32728738411930675, 0.30105263157894735, 0.27540106951871657, 0.4548076923076923, 0.2530940594059406], "argmax_sim_u4_predicted_ops": 2}, "D : F  ::  G : ?": {"sim_u1_trans_u2": [0.3196400625978091, 0.3237833594976452, 0.3180930050801094, 0.32119075597336466, 0.317578125, 0.32170846394984326, 0.3206734534064213, 0.3222265778126225, 0.985524728588661], "best_unary_tran": [{"name": "add_diff"}], "sim_u4_predicted_ops": [0.24415778650214995, 0.6095617529880478, 0.46903553299492384, 0.2839678658749563, 0.37836927223719674, 0.2866772402854877, 0.451061320754717, 0.2046023011505753], "argmax_sim_u4_predicted_ops": 2}, "A : D  ::  F : ?": {"sim_u1_trans_u2": [0.4796650717703349, 0.48677884615384615, 0.47437425506555425, 0.4849939975990396, 0.47437425506555425, 0.4849939975990396, 0.4796650717703349, 0.48677884615384615, 0.9828431372549019], "best_unary_tran": [{"name": "add_diff"}], "sim_u4_predicted_ops": [0.3113010115102895, 0.2772061116308076, 0.6145631067961165, 0.24281412537640296, 0.35865094598299974, 0.43071030640668523, 0.4226702729284485, 0.14605954465849388], "argmax_sim_u4_predicted_ops": 3}, "D : G  ::  F : ?": {"sim_u1_trans_u2": [0.6438247011952192, 0.2457729468599034, 0.6347068145800316, 0.24652567975830816, 0.6360031720856463, 0.24502112251056127, 0.6412092283214001, 0.2457729468599034, 0.9746682750301568], "best_unary_tran": [{"name": "add_diff"}], "sim_u4_predicted_ops": [0.2832, 0.28036437246963564, 0.6313896737734395, 0.24274406332453827, 0.3644092641454119, 0.4811357448463633, 0.43136743215031315, 0.16190848650762613], "argmax_sim_u4_predicted_ops": 3}, "B : E  ::  F : ?": {"sim_u1_trans_u2": [0.48045023696682465, 0.4955116696588869, 0.4822064056939502, 0.47869822485207103, 0.47782377291543465, 0.4830860534124629, 0.4946172248803828, 0.48132780082987553, 0.9724220623501199], "best_unary_tran": [{"name": "add_diff"}], "sim_u4_predicted_ops": [0.3349637375611402, 0.2327113062568606, 0.5493515058254561, 0.20596139750794037, 0.3111982357265376, 0.37936313533374155, 0.3783723522853958, 0.12931034482758622], "argmax_sim_u4_predicted_ops": 3}, "E : H  ::  F : ?": {"sim_u1_trans_u2": [0.6451229183187946, 0.6366863905325444, 0.6503579952267303, 0.6497017892644135, 0.6438193343898574, 0.6431683168316832, 0.658273381294964, 0.6386255924170616, 0.9771771771771772], "best_unary_tran": [{"name": "add_diff"}], "sim_u4_predicted_ops": [0.2829519247826858, 0.2790463398253862, 0.6291272075761454, 0.24175182481751825, 0.3629197080291971, 0.47852998065764024, 0.4297971918876755, 0.16102683780630106], "argmax_sim_u4_predicted_ops": 3}, "C : F  ::  F : ?": {"sim_u1_trans_u2": [0.48716951788491447, 0.2809778968519759, 0.4831329972857697, 0.27798195790177077, 0.4791183294663573, 0.27883650952858574, 0.4929742388758782, 0.28012048192771083, 0.9781420765027322], "best_unary_tran": [{"name": "add_diff"}], "sim_u4_predicted_ops": [0.3634664401019541, 0.2462080173347779, 0.606149012567325, 0.24567901234567902, 0.3471502590673575, 0.37403216200119116, 0.4307482374346145, 0.1261180679785331], "argmax_sim_u4_predicted_ops": 3}, "A : G  ::  C : ?": {"sim_u1_trans_u2": [0.32955465587044536, 0.3263327948303716, 0.319935691318328, 0.3263327948303716, 0.319935691318328, 0.32740501212611156, 0.32955465587044536, 0.3252623083131558, 0.9975490196078431], "best_unary_tran": [{"name": "add_diff"}], "sim_u4_predicted_ops": [0.23351023502653526, 0.36989342806394315, 0.39871063724274736, 0.31336062523260144, 0.27307940606843123, 0.6718834322719913, 0.3546099290780142, 0.22947253942359977], "argmax_sim_u4_predicted_ops": 6}, "B : H  ::  C : ?": {"sim_u1_trans_u2": [0.3277310924369748, 0.3256092688773472, 0.3229665071770335, 0.3256092688773472, 0.3256092688773472, 0.32826261008807045, 0.3240223463687151, 0.3240223463687151, 0.9820143884892086], "best_unary_tran": [{"name": "add_diff"}], "sim_u4_predicted_ops": [0.304263905948412, 0.31389252948885976, 0.460734149054505, 0.30462800234329235, 0.3205858421480879, 0.4481641468682505, 0.42857142857142855, 0.15267727930535455], "argmax_sim_u4_predicted_ops": 3}, "F : G  ::  E : ?": {"sim_u1_trans_u2": [0.2776462631044978, 0.4671844660194175, 0.2759202971968929, 0.4706111327364733, 0.27635135135135136, 0.4666149068322981, 0.2776462631044978, 0.471183800623053, 0.6653160453808752], "best_unary_tran": [{"name": "add_diff"}], "sim_u4_predicted_ops": [0.00449582530507386, 0.011961722488038277, 0.00578490665264265, 0.00469208211143695, 0.005671077504725898, 0.01024428684003152, 0.006805035726437564, 0.018306636155606407], "argmax_sim_u4_predicted_ops": 8}, "G : B  ::  E : ?": {"sim_u1_trans_u2": [0.248038624019312, 0.6334913112164297, 0.24353577871316898, 0.6464968152866242, 0.24353577871316898, 0.6491228070175439, 0.24728588661037396, 0.6334913112164297, 0.49280575539568344], "best_unary_tran": [{"name": "mirror_left_right"}, {"name": "rot_binary", "args": {"angle": 90}}], "sim_u4_predicted_ops": [0.2131367292225201, 0.3860066634935745, 0.4273035760897938, 0.1418849948962232, 0.27657413676371023, 0.3849431818181818, 0.3587245349867139, 0.2495511669658887], "argmax_sim_u4_predicted_ops": 3},