{"unary_analogies_data": {"A : B  ::  H : ?": {"sim_u1_trans_u2": [0.1606425702811245, 0.15831663326653306, 0.16180904522613065, 0.1606425702811245, 0.1606425702811245, 0.1606425702811245, 0.16297786720321933, 0.15831663326653306, 0.3143418467583497], "best_unary_tran": [{"name": "add_diff"}], "sim_u4_predicted_ops": [0.3125, 0.769501054111033, 0.4190377651319193, 0.2587763289869609, 0.1488302638128422, 0.5006741573033708, 0.4882790165809034, 0.13764337851929093], "argmax_sim_u4_predicted_ops": 2}, "B : C  ::  H : ?": {"sim_u1_trans_u2": [0.47393822393822393, 0.4725168756027001, 0.4460227272727273, 0.4668587896253602, 0.4668587896253602, 0.47109826589595377, 0.4460227272727273, 0.4654510556621881, 0.9646365422396856], "best_unary_tran": [{"name": "add_diff"}], "sim_u4_predicted_ops": [0.3729946524064171, 0.6677506775067751, 0.45977011494252873, 0.32341526520051744, 0.2931889941362201, 0.5567092651757188, 0.45513115508513574, 0.28504453820909514], "argmax_sim_u4_predicted_ops": 2}, "D : E  ::  H : ?": {"sim_u1_trans_u2": [0.18632075471698112, 0.18632075471698112, 0.18912529550827423, 0.18352941176470589, 0.1872541306058222, 0.18260188087774296, 0.18818897637795276, 0.18632075471698112, 0.3618320610687023], "best_unary_tran": [{"name": "add_diff"}], "sim_u4_predicted_ops": [0.31617182564750473, 0.6401673640167364, 0.40158465387823183, 0.2751732572360375, 0.17133706965572457, 0.47484159522922104, 0.41271929824561404, 0.14566284779050737], "argmax_sim_u4_predicted_ops": 2}, "E : F  ::  H : ?": {"sim_u1_trans_u2": [0.5262803234501348, 0.51, 0.5366350067842606, 0.5140374331550802, 0.52834008097166, 0.5120160213618158, 0.5376782077393075, 0.5140374331550802, 0.914519906323185], "best_unary_tran": [{"name": "add_diff"}], "sim_u4_predicted_ops": [0.3490350016355904, 0.6664870689655172, 0.45271453590192645, 0.3005902192242833, 0.28647925033467203, 0.5470355731225296, 0.4678983833718245, 0.20130718954248367], "argmax_sim_u4_predicted_ops": 2}, "G : H  ::  H : ?": {"sim_u1_trans_u2": [0.1532916866890918, 0.15273775216138327, 0.1510791366906475, 0.15273775216138327, 0.15273775216138327, 0.15163147792706333, 0.15273775216138327, 0.15273775216138327, 0.2931985294117647], "best_unary_tran": [{"name": "add_diff"}], "sim_u4_predicted_ops": [0.3521698407742741, 0.6034985422740525, 0.36310904872389793, 0.2889584964761159, 0.17804041174227983, 0.45207892882311485, 0.38219681502654146, 0.1614420062695925], "argmax_sim_u4_predicted_ops": 2}, "A : C  ::  G : ?": {"sim_u1_trans_u2": [0.5887404580152672, 0.1935483870967742, 0.18421052631578946, 0.18843683083511778, 0.5887404580152672, 0.1875891583452211, 0.18421052631578946, 0.18928571428571428, 0.9536321483771252], "best_unary_tran": [{"name": "add_diff"}], "sim_u4_predicted_ops": [0.24991669443518827, 0.2610106629578118, 0.2368752624947501, 0.5142378559463987, 0.7005420054200542, 0.5695921985815603, 0.29322268326417705, 0.43527995183624324], "argmax_sim_u4_predicted_ops": 5}, "D : F  ::  G : ?": {"sim_u1_trans_u2": [0.4006779661016949, 0.14333148865522966, 0.16921335597057158, 0.14333148865522966, 0.40831629175187456, 0.146503884572697, 0.16987542468856173, 0.14396456256921372, 0.9022900763358779], "best_unary_tran": [{"name": "add_diff"}], "sim_u4_predicted_ops": [0.31953428201811124, 0.3672645739910314, 0.4154777345438824, 0.3193058568329718, 0.5737250554323725, 0.43068391866913125, 0.3928888888888889, 0.3410776075135937], "argmax_sim_u4_predicted_ops": 5}, "A : D  ::  F : ?": {"sim_u1_trans_u2": [0.20221606648199447, 0.1944954128440367, 0.7690217391304348, 0.19012797074954296, 0.20221606648199447, 0.1934005499541705, 0.7983425414364641, 0.19121683440073192, 0.3384853168469861], "best_unary_tran": [{"name": "mirror_left_right"}, {"name": "rot_binary", "args": {"angle": 180}}], "sim_u4_predicted_ops": [0.503577106518283, 0.4956521739130435, 0.5586387434554974, 0.32752781809385584, 0.33019361590790164, 0.5178419711129991, 0.4900210084033613, 0.32166301969365424], "argmax_sim_u4_predicted_ops": 3}, "D : G  ::  F : ?": {"sim_u1_trans_u2": [0.5590339892665475, 0.18571428571428572, 0.5064822817631807, 0.1849082256968049, 0.5493333333333333, 0.18089430894308944, 0.493573264781491, 0.18169491525423728, 0.9541984732824428], "best_unary_tran": [{"name": "add_diff"}], "sim_u4_predicted_ops": [0.3464926590538336, 0.4596888260254597, 0.5620884289746002, 0.2436568666935159, 0.3190127970749543, 0.5693108974358975, 0.7401531728665208, 0.3006597549481621], "argmax_sim_u4_predicted_ops": 7}, "B : E  ::  F : ?": {"sim_u1_trans_u2": [0.11174551386623165, 0.1162981162981163, 0.11174551386623165, 0.1162981162981163, 0.11083944580277098, 0.11721311475409836, 0.11174551386623165, 0.1162981162981163, 0.2691552062868369], "best_unary_tran": [{"name": "add_diff"}], "sim_u4_predicted_ops": [0.33292040879529267, 0.39395229982964225, 0.47160286074884306, 0.22101720269259537, 0.2735966735966736, 0.4844089920232052, 0.6731439960139511, 0.17151974471479856], "argmax_sim_u4_predicted_ops": 7}, "E : H  ::  F : ?": {"sim_u1_trans_u2": [0.5833333333333334, 0.5582733812949641, 0.5593952483801296, 0.5482487491065047, 0.5833333333333334, 0.5560344827586207, 0.5616438356164384, 0.5482487491065047, 0.9344262295081968], "best_unary_tran": [{"name": "add_diff"}], "sim_u4_predicted_ops": [0.3504657886283328, 0.48479176415535796, 0.5115658362989324, 0.3111019055509528, 0.3239499553172475, 0.5817821782178217, 0.7120336311087756, 0.20518266779949024], "argmax_sim_u4_predicted_ops": 7}, "C : F  ::  F : ?": {"sim_u1_trans_u2": [0.1711668273866924, 0.18603515625, 0.31724511930585686, 0.18661455788959452, 0.17456479690522245, 0.19302554027504912, 0.31724511930585686, 0.18952007835455437, 0.3487229862475442], "best_unary_tran": [{"name": "add_diff"}], "sim_u4_predicted_ops": [0.33122933573790203, 0.3983539094650206, 0.4509411293552263, 0.24039517014270034, 0.2834138486312399, 0.5024928774928775, 0.6413760603204524, 0.18269602162997295], "argmax_sim_u4_predicted_ops": 7}, "A : G  ::  C : ?": {"sim_u1_trans_u2": [0.5518783542039356, 0.18430034129692832, 0.4969801553062985, 0.1778682959945689, 0.5491071428571429, 0.18268575323790048, 0.5100087032201914, 0.17866847826086957, 0.9536321483771252], "best_unary_tran": [{"name": "add_diff"}], "sim_u4_predicted_ops": [0.2597577388963661, 0.2773069679849341, 0.21908713692946058, 0.56720741599073, 0.49254621347644606, 0.4792800334868146, 0.2666364870982345, 0.46366995073891626], "argmax_sim_u4_predicted_ops": 4}, "B : H  ::  C : ?": {"sim_u1_trans_u2": [0.3795454545454545, 0.3468934911242604, 0.3579418344519016, 0.341930729550479, 0.37226827430293896, 0.3549107142857143, 0.3579418344519016, 0.33897058823529413, 0.9842829076620825], "best_unary_tran": [{"name": "add_diff"}], "sim_u4_predicted_ops": [0.3594364351245085, 0.42765567765567764, 0.4341484341484341, 0.4519140989729225, 0.3550792171481827, 0.43236363636363634, 0.4267260579064588, 0.3279236276849642], "argmax_sim_u4_predicted_ops": 4}, "F : G  ::  E : ?": {"sim_u1_trans_u2": [0.3299627461415647, 0.17104029990627928, 0.3306709265175719, 0.1699438202247191, 0.33636363636363636, 0.16830294530154277, 0.3306709265175719, 0.17049180327868851, 0.5698529411764706], "best_unary_tran": [{"name": "add_diff"}], "sim_u4_predicted_ops": [0.24615384615384617, 0.41949458483754515, 0.36510903426791275, 0.1182181610508281, 0.15223097112860892, 0.27376599634369286, 0.40095628415300544, 0.13668061366806136], "argmax_sim_u4_predicted_ops": 2}, "G : B  ::  E : ?": {"sim_u1_trans_u2": [0.16229985443959244, 0.15976761074800291, 0.15976761074800291, 0.16145454545454546, 0.16061046511627908, 0.16229985443959244, 0.15808556925308195, 0.15976761074800291, 0.4381139489194499], "best_unary_tran": [{"name": "add_diff"}], "sim_u4_predicted_ops": [0.2943129929431299, 0.5068592057761733, 0.4289245982694685, 0.1441937259218492, 0.16294919454770757, 0.32181818181818184, 0.4596774193548387, 0.16577896138482023], "argmax_sim_u4_predicted_ops": 2},