{"unary_analogies_data": {"A : B  ::  C : ?": {"sim_u1_trans_u2": [0.7987191216834401, 0.5347384855581577, 0.7192829033668562, 0.5510848126232741, 0.779185520361991, 0.521083172147002, 0.7344508160564622, 0.5702875399361023, 0.9041947177628172], "best_unary_tran": [{"name": "add_diff"}], "sim_u4_predicted_ops": [0.08692449355432781, 0.7698744769874477, 0.09252053610030264, 0.08759521218715996, 0.15722120658135283, 0.1510039499670836], "argmax_sim_u4_predicted_ops": 2}, "A : C  ::  B : ?": {"sim_u1_trans_u2": [0.9179462571976967, 0.5331799002685078, 0.8028867839422643, 0.5438393202008498, 0.8301282051282052, 0.5308310991957105, 0.873008434864105, 0.5492248062015503, 0.9584168336673347], "best_unary_tran": [{"name": "add_diff"}], "sim_u4_predicted_ops": [0.10170722847802398, 0.853670162059104, 0.11257995735607676, 0.08385416666666666, 0.15544967242406194, 0.15775181040157998], "argmax_sim_u4_predicted_ops": 2}}, "binary_analogies_data": {}}