{"unary_analogies_data": {"A : B  ::  H : ?": {"sim_u1_trans_u2": [0.6002349256068912, 0.3963102152374445, 0.6002349256068912, 0.40013703323055844, 0.5921308920919361, 0.39965753424657535, 0.6052631578947368, 0.39965753424657535, 0.9146778042959427], "best_unary_tran": [{"name": "add_diff"}], "sim_u4_predicted_ops": [0.1154903758020165, 0.2711722987067167, 0.4683929931454684, 0.1041046995835812, 0.7478260869565218, 0.10452961672473868, 0.43354655294953803, 0.09006928406466513], "argmax_sim_u4_predicted_ops": 5}, "B : C  ::  H : ?": {"sim_u1_trans_u2": [0.18019142738243862, 0.16229508196721312, 0.1831455986649979, 0.15991820040899796, 0.18265221017514596, 0.16086778550961933, 0.1806827643630308, 0.16134316134316135, 0.3732758620689655], "best_unary_tran": [{"name": "add_diff"}], "sim_u4_predicted_ops": [0.11764705882352941, 0.25647451963241436, 0.4486196319018405, 0.10388821385176185, 0.7229219143576826, 0.10323159784560143, 0.4118486795146324, 0.09085545722713864], "argmax_sim_u4_predicted_ops": 5}, "D : E  ::  H : ?": {"sim_u1_trans_u2": [0.607416127133608, 0.6188500296384114, 0.6083627797408716, 0.6064705882352941, 0.6188500296384114, 0.6112094395280236, 0.6017595307917889, 0.6083627797408716, 0.9644859813084112], "best_unary_tran": [{"name": "add_diff"}], "sim_u4_predicted_ops": [0.11552680221811461, 0.26752921535893154, 0.4596651445966514, 0.1087087087087087, 0.7289603960396039, 0.1073943661971831, 0.43254817987152033, 0.09059233449477352], "argmax_sim_u4_predicted_ops": 5}, "E : F  ::  H : ?": {"sim_u1_trans_u2": [0.1763046544428773, 0.1729957805907173, 0.17547568710359407, 0.1729957805907173, 0.17547568710359407, 0.1729957805907173, 0.17547568710359407, 0.1729957805907173, 0.4180602006688963], "best_unary_tran": [{"name": "add_diff"}], "sim_u4_predicted_ops": [0.12055335968379446, 0.23757828810020876, 0.41162968630451413, 0.07259528130671507, 0.6654088050314465, 0.08615948670944087, 0.3804425410421128, 0.07890017931858936], "argmax_sim_u4_predicted_ops": 5}, "G : H  ::  H : ?": {"sim_u1_trans_u2": [0.46741573033707867, 0.17657657657657658, 0.4762622456669179, 0.1794099939795304, 0.5139103554868625, 0.17728365384615385, 0.44575645756457566, 0.17657657657657658, 0.8764044943820225], "best_unary_tran": [{"name": "add_diff"}], "sim_u4_predicted_ops": [0.11310592459605028, 0.2807676261994159, 0.48365019011406846, 0.10986414648552864, 0.7676143386897404, 0.1053082191780822, 0.4478353442157559, 0.0901312036508842], "argmax_sim_u4_predicted_ops": 5}, "A : C  ::  G : ?": {"sim_u1_trans_u2": [0.2179399727148704, 0.223364165810209, 0.215039128955427, 0.22294520547945204, 0.21462585034013607, 0.22294520547945204, 0.2171097477845944, 0.223364165810209, 0.5508620689655173], "best_unary_tran": [{"name": "add_diff"}], "sim_u4_predicted_ops": [0.3150214592274678, 0.3241433635289484, 0.7592156862745097, 0.11964930376482723, 0.5145118733509235, 0.1648270787343635, 0.3212464589235127, 0.18824163969795038], "argmax_sim_u4_predicted_ops": 3}, "D : F  ::  G : ?": {"sim_u1_trans_u2": [0.3327433628318584, 0.21451612903225806, 0.33827014218009477, 0.21451612903225806, 0.33827014218009477, 0.21451612903225806, 0.3327433628318584, 0.21451612903225806, 0.9431438127090301], "best_unary_tran": [{"name": "add_diff"}], "sim_u4_predicted_ops": [0.2543103448275862, 0.2857142857142857, 0.6935105551211884, 0.11146496815286625, 0.5231481481481481, 0.1848937844217152, 0.3280329799764429, 0.12845010615711253], "argmax_sim_u4_predicted_ops": 3}, "A : D  ::  F : ?": {"sim_u1_trans_u2": [0.4327938071780436, 0.4322898346816743, 0.42029996512033485, 0.44294826364280654, 0.4312829525483304, 0.43481324876673716, 0.4242742217558587, 0.4403961796957906, 0.74051776038531], "best_unary_tran": [{"name": "add_diff"}], "sim_u4_predicted_ops": [0.11123595505617978, 0.09305932531989143, 0.10605074821080027, 0.3289795918367347, 0.1112158341187559, 0.20509849362688296, 0.16395575797007156, 0.14403859407305306], "argmax_sim_u4_predicted_ops": 4}, "D : G  ::  F : ?": {"sim_u1_trans_u2": [0.15488482922954727, 0.13727023856081344, 0.15580286168521462, 0.13905209557383472, 0.15764331210191082, 0.13727023856081344, 0.15396825396825398, 0.13994511956095648, 0.31275060144346434], "best_unary_tran": [{"name": "add_diff"}], "sim_u4_predicted_ops": [0.09887359198998748, 0.07631160572337042, 0.08686730506155951, 0.2323314378554021, 0.11715481171548117, 0.19716494845360824, 0.13378378378378378, 0.11921965317919075], "argmax_sim_u4_predicted_ops": 4}, "B : E  ::  F : ?": {"sim_u1_trans_u2": [0.5900405327156919, 0.5983701979045402, 0.5900405327156919, 0.5918840579710145, 0.5900405327156919, 0.5928074245939675, 0.5891203703703703, 0.5965116279069768, 0.9523364485981308], "best_unary_tran": [{"name": "add_diff"}], "sim_u4_predicted_ops": [0.1130890052356021, 0.1046200840015273, 0.11152882205513784, 0.383739837398374, 0.1157613535173642, 0.24887892376681614, 0.17762326169405815, 0.17718940936863545], "argmax_sim_u4_predicted_ops": 4}, "E : H  ::  F : ?": {"sim_u1_trans_u2": [0.09191176470588236, 0.0885766646304215, 0.09191176470588236, 0.08990825688073395, 0.09124311083894672, 0.08924205378973105, 0.09124311083894672, 0.08924205378973105, 0.21067415730337077], "best_unary_tran": [{"name": "add_diff"}], "sim_u4_predicted_ops": [0.10609037328094302, 0.11044327573253193, 0.12012195121951219, 0.4052547770700637, 0.11904761904761904, 0.2324607329842932, 0.18523076923076923, 0.169921875], "argmax_sim_u4_predicted_ops": 4}, "C : F  ::  F : ?": {"sim_u1_trans_u2": [0.4723618090452261, 0.31292008961911877, 0.4577114427860697, 0.31390134529147984, 0.4589211618257261, 0.31292008961911877, 0.4723618090452261, 0.31390134529147984, 0.9431438127090301], "best_unary_tran": [{"name": "add_diff"}], "sim_u4_predicted_ops": [0.1062992125984252, 0.11010898158586997, 0.11958511287370348, 0.4036624203821656, 0.11829787234042553, 0.23036649214659685, 0.18472906403940886, 0.17014341590612778], "argmax_sim_u4_predicted_ops": 4}, "A : G  ::  C : ?": {"sim_u1_trans_u2": [0.39511823035850496, 0.21892702432522493, 0.39778372181887656, 0.22464010713090057, 0.3988527724665392, 0.21933333333333332, 0.3919330289193303, 0.2254606365159129, 0.830793905372895], "best_unary_tran": [{"name": "add_diff"}], "sim_u4_predicted_ops": [0.4106962663975782, 0.17424518006547834, 0.2727821363910682, 0.2597402597402597, 0.09820193637621023, 0.1713823767178658, 0.1703940362087327, 0.2142018779342723], "argmax_sim_u4_predicted_ops": 1}, "B : H  ::  C : ?": {"sim_u1_trans_u2": [0.363013698630137, 0.16091395235780262, 0.3851508120649652, 0.1631758402338042, 0.3859547301218804, 0.15978630403108304, 0.36379211878926326, 0.16374269005847952, 0.8932584269662921], "best_unary_tran": [{"name": "add_diff"}], "sim_u4_predicted_ops": [0.2883275261324042, 0.18857758620689655, 0.20528343423225096, 0.37711313394018203, 0.11118508655126498, 0.16883116883116883, 0.16572890025575449, 0.22857142857142856], "argmax_sim_u4_predicted_ops": 4}, "F : G  ::  E : ?": {"sim_u1_trans_u2": [0.12089914945321993, 0.0936573799644339, 0.12089914945321993, 0.09300947867298578, 0.12089914945321993, 0.0936573799644339, 0.12089914945321993, 0.0936573799644339, 0.33277591973244147], "best_unary_tran": [{"name": "add_diff"}], "sim_u4_predicted_ops": [0.21560574948665298, 0.41156691324815065, 0.41109074243813015, 0.22434853420195439, 0.21347248576850095, 0.15741626794258373, 0.24332810047095763, 0.5632716049382716], "argmax_sim_u4_predicted_ops": 8}, "G : B  ::  E : ?": {"sim_u1_trans_u2": [0.43073910915320607, 0.24754588134869826, 0.4012464046021093, 0.24277210884353742, 0.41275978733687774, 0.24382978723404256, 0.4154963680387409, 0.2443593018305662, 0.7056936647955092], "best_unary_tran": [{"name": "add_diff"}], "sim_u4_predicted_ops": [0.21217712177121772, 0.4294847687100414, 0.1893569844789357, 0.27007299270072993, 0.09639776763064434, 0.16946211683053788, 0.14315181518151815, 0.6763959390862944], "argmax_sim_u4_predicted_ops": 8},