{"unary_analogies_data": {"A : B  ::  H : ?": {"sim_u1_trans_u2": [0.5233898305084745, 0.27597955706984667, 0.5213270142180095, 0.28620492272467085, 0.5182432432432432, 0.2854691075514874, 0.5244233378561737, 0.27743035815804434, 0.9601990049751243], "best_unary_tran": [{"name": "add_diff"}], "sim_u4_predicted_ops": [0.12968036529680366, 0.3260950954698615, 0.35680994303469704, 0.41195190947666194, 0.33148250971682397, 0.5914962325080731, 0.37872132747681797, 0.27947238252267104], "argmax_sim_u4_predicted_ops": 6}, "B : C  ::  H : ?": {"sim_u1_trans_u2": [0.27579092159559837, 0.2679425837320574, 0.2775482093663912, 0.271418779986292, 0.27403846153846156, 0.26967830253251196, 0.2775482093663912, 0.2705479452054795, 0.9733009708737864], "best_unary_tran": [{"name": "add_diff"}], "sim_u4_predicted_ops": [0.11273885350318472, 0.28950984883188274, 0.3444602272727273, 0.32818218788125253, 0.4042016806722689, 0.7088122605363985, 0.3949468085106383, 0.24320083682008367], "argmax_sim_u4_predicted_ops": 6}, "D : E  ::  H : ?": {"sim_u1_trans_u2": [0.5721991701244813, 0.29849211788896507, 0.5702445089100705, 0.2936155684533971, 0.5754677754677755, 0.2993827160493827, 0.5682947019867549, 0.29141104294478526, 0.9066403681788298], "best_unary_tran": [{"name": "add_diff"}], "sim_u4_predicted_ops": [0.12053758924821503, 0.28429013406668957, 0.3118881118881119, 0.35501618122977346, 0.30447911424257673, 0.53857421875, 0.2879692832764505, 0.27041602465331277], "argmax_sim_u4_predicted_ops": 6}, "E : F  ::  H : ?": {"sim_u1_trans_u2": [0.36646757679180886, 0.30468431771894094, 0.3334721065778518, 0.31594083812654067, 0.3641396933560477, 0.3132431324313243, 0.33625365039632876, 0.3078807676602695, 0.9187165775401069], "best_unary_tran": [{"name": "add_diff"}], "sim_u4_predicted_ops": [0.10999371464487744, 0.3005966039467646, 0.36182336182336183, 0.34355828220858897, 0.41778523489932884, 0.7313317936874519, 0.39276315789473687, 0.26171669299631384], "argmax_sim_u4_predicted_ops": 6}, "G : H  ::  H : ?": {"sim_u1_trans_u2": [0.5119933829611248, 0.26330338631651695, 0.49836065573770494, 0.26243093922651933, 0.5045267489711934, 0.2641770401106501, 0.4898125509372453, 0.26243093922651933, 0.9450381679389313], "best_unary_tran": [{"name": "add_diff"}], "sim_u4_predicted_ops": [0.11297852474323063, 0.30461073318216175, 0.32947976878612717, 0.36803364879074657, 0.351288056206089, 0.6271282633371169, 0.32896015549076774, 0.2891360136869119], "argmax_sim_u4_predicted_ops": 6}, "A : C  ::  G : ?": {"sim_u1_trans_u2": [0.22088353413654618, 0.22334004024144868, 0.21965897693079237, 0.2221105527638191, 0.22088353413654618, 0.2221105527638191, 0.21965897693079237, 0.22334004024144868, 0.5339805825242718], "best_unary_tran": [{"name": "add_diff"}], "sim_u4_predicted_ops": [0.05993431855500821, 0.2744462452728255, 0.09444021325209444, 0.2127751402675874, 0.1095890410958904, 0.3837753510140406, 0.4647636039250669, 0.08469791078486731], "argmax_sim_u4_predicted_ops": 7}, "D : F  ::  G : ?": {"sim_u1_trans_u2": [0.13703703703703704, 0.1465919701213819, 0.13861845155308297, 0.1455223880597015, 0.1380908248378128, 0.14712751050910788, 0.1380908248378128, 0.14445479962721341, 0.3165775401069519], "best_unary_tran": [{"name": "add_diff"}], "sim_u4_predicted_ops": [0.0781627719580983, 0.3012439156300703, 0.09117647058823529, 0.23465859982713916, 0.10314685314685315, 0.42376856919468336, 0.5093833780160858, 0.08429752066115702], "argmax_sim_u4_predicted_ops": 7}, "A : D  ::  F : ?": {"sim_u1_trans_u2": [0.5196078431372549, 0.26221498371335505, 0.4837268666241225, 0.26565051714752314, 0.4875239923224568, 0.25336927223719674, 0.4990328820116054, 0.2684124386252046, 0.9888059701492538], "best_unary_tran": [{"name": "add_diff"}], "sim_u4_predicted_ops": [0.1306706114398422, 0.2779467680608365, 0.5301129234629862, 0.29483695652173914, 0.3719059405940594, 0.287569573283859, 0.2754462132175591, 0.2780935723655444], "argmax_sim_u4_predicted_ops": 3}, "D : G  ::  F : ?": {"sim_u1_trans_u2": [0.37983512999365887, 0.20022062879205738, 0.37983512999365887, 0.20287451630735212, 0.36855345911949683, 0.20287451630735212, 0.40115904700579524, 0.2022099447513812, 0.9145038167938931], "best_unary_tran": [{"name": "add_diff"}], "sim_u4_predicted_ops": [0.16263736263736264, 0.22802960222016652, 0.7665647298674821, 0.29255097794423635, 0.5155466399197592, 0.32947976878612717, 0.27165354330708663, 0.29876977152899825], "argmax_sim_u4_predicted_ops": 3}, "B : E  ::  F : ?": {"sim_u1_trans_u2": [0.5006065507480792, 0.34456521739130436, 0.5417532197756544, 0.34213381555153705, 0.5140758873929009, 0.34213381555153705, 0.5277892136681762, 0.35043668122270744, 0.8579348579348579], "best_unary_tran": [{"name": "add_diff"}], "sim_u4_predicted_ops": [0.12066695919262835, 0.3104196816208394, 0.4594594594594595, 0.37927531324077207, 0.3251336898395722, 0.4034195933456562, 0.2945632798573975, 0.2761523046092184], "argmax_sim_u4_predicted_ops": 3}, "E : H  ::  F : ?": {"sim_u1_trans_u2": [0.43375, 0.31839080459770114, 0.443978178766261, 0.31486434849063816, 0.4307692307692308, 0.31536697247706424, 0.4457983193277311, 0.3178858674837227, 0.887468030690537], "best_unary_tran": [{"name": "add_diff"}], "sim_u4_predicted_ops": [0.14618973561430793, 0.17685185185185184, 0.6718266253869969, 0.25282544997907075, 0.5413450937155457, 0.33038749150237934, 0.19750656167979003, 0.3052109181141439], "argmax_sim_u4_predicted_ops": 3}, "C : F  ::  F : ?": {"sim_u1_trans_u2": [0.40752351097178685, 0.3231827111984283, 0.39009287925696595, 0.3389662027833002, 0.3987538940809969, 0.3402985074626866, 0.39585492227979274, 0.3231827111984283, 0.9466019417475728], "best_unary_tran": [{"name": "add_diff"}], "sim_u4_predicted_ops": [0.14554242749731472, 0.24117875145405196, 0.5948215535339398, 0.319364161849711, 0.42254495159059474, 0.33129770992366414, 0.23952095808383234, 0.3026874115983027], "argmax_sim_u4_predicted_ops": 3}, "A : G  ::  C : ?": {"sim_u1_trans_u2": [0.09616829451540196, 0.09947249434815374, 0.09699248120300752, 0.10030165912518854, 0.09699248120300752, 0.09947249434815374, 0.09534534534534535, 0.10113207547169811, 0.19541984732824427], "best_unary_tran": [{"name": "add_diff"}], "sim_u4_predicted_ops": [0.20464135021097046, 0.21295279912184412, 0.34306569343065696, 0.17173051519154559, 0.1162303664921466, 0.08045212765957446, 0.3499095840867993, 0.15064935064935064], "argmax_sim_u4_predicted_ops": 7}, "B : H  ::  C : ?": {"sim_u1_trans_u2": [0.11986301369863013, 0.14535901926444833, 0.11938382541720154, 0.1423580786026201, 0.11938382541720154, 0.1423580786026201, 0.11986301369863013, 0.1448577680525164, 0.23870417732310314], "best_unary_tran": [{"name": "add_diff"}], "sim_u4_predicted_ops": [0.18171428571428572, 0.1543108182317408, 0.27843986998916576, 0.12466960352422908, 0.11265969802555169, 0.07588652482269503, 0.25339366515837103, 0.13274336283185842], "argmax_sim_u4_predicted_ops": 3}, "F : G  ::  E : ?": {"sim_u1_trans_u2": [0.08829568788501027, 0.08755129958960328, 0.08755129958960328, 0.08829568788501027, 0.08755129958960328, 0.08680792891319207, 0.08755129958960328, 0.08755129958960328, 0.1969465648854962], "best_unary_tran": [{"name": "add_diff"}], "sim_u4_predicted_ops": [0.3193359375, 0.6755555555555556, 0.29278256922378576, 0.7075242718446602, 0.22710280373831776, 0.42569382273948075, 0.35688888888888887, 0.5111111111111111], "argmax_sim_u4_predicted_ops": 4}, "G : B  ::  E : ?": {"sim_u1_trans_u2": [0.07150153217568948, 0.07700205338809035, 0.07204905467552376, 0.07644946126218574, 0.0709545686574783, 0.07644946126218574, 0.07259713701431493, 0.07755521314843349, 0.21374045801526717], "best_unary_tran": [{"name": "add_diff"}], "sim_u4_predicted_ops": [0.22113095238095237, 0.5262691853600945, 0.24604105571847507, 0.5673264566490103, 0.17508024511234316, 0.3166810221073787, 0.2940151074956421, 0.37108922363847047], "argmax_sim_u4_predicted_ops": 4},