{"unary_analogies_data": {"A : B  ::  H : ?": {"sim_u1_trans_u2": [0.1802536231884058, 0.14398595258999122, 0.1582222222222222, 0.20425138632162662, 0.17811934900542495, 0.20202952029520296, 0.1592526690391459, 0.14700704225352113, 0.3189102564102564], "best_unary_tran": [{"name": "add_diff"}], "sim_u4_predicted_ops": [0.5050618672665916, 0.1297208538587849, 0.10987379361544172, 0.31125827814569534, 0.17965367965367965, 0.34044823906083244, 0.19961977186311788, 0.21604938271604937], "argmax_sim_u4_predicted_ops": 1}, "B : C  ::  H : ?": {"sim_u1_trans_u2": [0.28884462151394424, 0.11840968020743302, 0.18065693430656934, 0.1222896790980052, 0.294, 0.12131715771230503, 0.18065693430656934, 0.12034632034632034, 0.4715447154471545], "best_unary_tran": [{"name": "add_diff"}], "sim_u4_predicted_ops": [0.9233954451345756, 0.14845605700712589, 0.11958762886597939, 0.29747675962815406, 0.10950226244343891, 0.5772811918063314, 0.1700960219478738, 0.12103746397694524], "argmax_sim_u4_predicted_ops": 1}, "D : E  ::  H : ?": {"sim_u1_trans_u2": [0.2557522123893805, 0.16216216216216217, 0.16982687551525144, 0.16121112929623568, 0.2524271844660194, 0.16598192276088744, 0.16982687551525144, 0.15836734693877552, 0.4081920903954802], "best_unary_tran": [{"name": "add_diff"}], "sim_u4_predicted_ops": [0.7375, 0.15191545574636725, 0.11724915445321307, 0.28011611030478956, 0.10773751224289912, 0.569937369519833, 0.17884914463452567, 0.12368972746331237], "argmax_sim_u4_predicted_ops": 1}, "E : F  ::  H : ?": {"sim_u1_trans_u2": [0.19940179461615154, 0.10265811182401467, 0.116991643454039, 0.14790076335877864, 0.19463753723932473, 0.15451055662188098, 0.116991643454039, 0.1046831955922865, 0.40404040404040403], "best_unary_tran": [{"name": "add_diff"}], "sim_u4_predicted_ops": [0.8208333333333333, 0.1457286432160804, 0.126775956284153, 0.29859154929577464, 0.11523809523809524, 0.537864077669903, 0.18397626112759644, 0.11758793969849246], "argmax_sim_u4_predicted_ops": 1}, "G : H  ::  H : ?": {"sim_u1_trans_u2": [0.1470281543274244, 0.12130479102956167, 0.14822546972860126, 0.12130479102956167, 0.14464099895941726, 0.12359550561797752, 0.14942528735632185, 0.1190233977619532, 0.30128205128205127], "best_unary_tran": [{"name": "add_diff"}], "sim_u4_predicted_ops": [0.8208333333333333, 0.15006305170239598, 0.11580086580086581, 0.2859135285913529, 0.10056390977443609, 0.5260115606936416, 0.16666666666666666, 0.12096774193548387], "argmax_sim_u4_predicted_ops": 1}, "A : C  ::  G : ?": {"sim_u1_trans_u2": [0.13047445255474452, 0.15578358208955223, 0.18451242829827916, 0.15363128491620112, 0.13047445255474452, 0.1568627450980392, 0.18451242829827916, 0.15255813953488373, 0.23252032520325203], "best_unary_tran": [{"name": "add_diff"}], "sim_u4_predicted_ops": [0.14316012725344646, 0.210412147505423, 0.16290018832391714, 0.3799019607843137, 0.29229323308270677, 0.156794425087108, 0.5368098159509203, 0.3442288049029622], "argmax_sim_u4_predicted_ops": 7}, "D : F  ::  G : ?": {"sim_u1_trans_u2": [0.2484472049689441, 0.13666352497643733, 0.1585014409221902, 0.1323943661971831, 0.24715615305067218, 0.13559322033898305, 0.15738963531669867, 0.13559322033898305, 0.48484848484848486], "best_unary_tran": [{"name": "add_diff"}], "sim_u4_predicted_ops": [0.13140311804008908, 0.1829405162738496, 0.144390243902439, 0.30073349633251834, 0.2809756097560976, 0.14883148831488316, 0.4506172839506173, 0.33121019108280253], "argmax_sim_u4_predicted_ops": 7}, "A : D  ::  F : ?": {"sim_u1_trans_u2": [0.11715481171548117, 0.18561278863232683, 0.17724867724867724, 0.14690721649484537, 0.11809045226130653, 0.15086206896551724, 0.17724867724867724, 0.18666666666666668, 0.22435897435897437], "best_unary_tran": [{"name": "add_diff"}], "sim_u4_predicted_ops": [0.19761029411764705, 0.19412288512911843, 0.20462046204620463, 0.49612403100775193, 0.1834319526627219, 0.13581395348837208, 0.32792207792207795, 0.17186311787072242], "argmax_sim_u4_predicted_ops": 4}, "D : G  ::  F : ?": {"sim_u1_trans_u2": [0.29633204633204635, 0.09991809991809991, 0.18221830985915494, 0.09991809991809991, 0.2988394584139265, 0.09811937857726902, 0.18221830985915494, 0.09901800327332243, 0.48575949367088606], "best_unary_tran": [{"name": "add_diff"}], "sim_u4_predicted_ops": [0.2560240963855422, 0.18639455782312925, 0.16588235294117648, 0.6455223880597015, 0.14705882352941177, 0.175, 0.43289224952741023, 0.1489817792068596], "argmax_sim_u4_predicted_ops": 4}, "B : E  ::  F : ?": {"sim_u1_trans_u2": [0.3323727185398655, 0.23398576512455516, 0.14628099173553719, 0.1096, 0.328544061302682, 0.23398576512455516, 0.1434460016488046, 0.11048839071257005, 0.5095729013254786], "best_unary_tran": [{"name": "add_diff"}], "sim_u4_predicted_ops": [0.2034548944337812, 0.3237704918032787, 0.2586975914362177, 0.5390070921985816, 0.2508064516129032, 0.13565891472868216, 0.34782608695652173, 0.29739130434782607], "argmax_sim_u4_predicted_ops": 4}, "E : H  ::  F : ?": {"sim_u1_trans_u2": [0.11893434823977164, 0.20615384615384616, 0.21237113402061855, 0.12968299711815562, 0.11787072243346007, 0.13404050144648022, 0.22118380062305296, 0.2, 0.2670940170940171], "best_unary_tran": [{"name": "add_diff"}], "sim_u4_predicted_ops": [0.25170068027210885, 0.22978177150192555, 0.20469798657718122, 0.7347670250896058, 0.18155339805825244, 0.19543509272467904, 0.5457875457875457, 0.18769230769230769], "argmax_sim_u4_predicted_ops": 4}, "C : F  ::  F : ?": {"sim_u1_trans_u2": [0.16842105263157894, 0.13846153846153847, 0.10667996011964108, 0.1408016443987667, 0.16596638655462184, 0.13846153846153847, 0.10778443113772455, 0.13846153846153847, 0.32323232323232326], "best_unary_tran": [{"name": "add_diff"}], "sim_u4_predicted_ops": [0.3157099697885196, 0.20557029177718833, 0.18433179723502305, 0.6893382352941176, 0.16450648055832504, 0.2119815668202765, 0.38501742160278746, 0.16247379454926625], "argmax_sim_u4_predicted_ops": 4}, "A : G  ::  C : ?": {"sim_u1_trans_u2": [0.17492984097287184, 0.16945996275605213, 0.18378887841658811, 0.2337917485265226, 0.17054986020503263, 0.2253658536585366, 0.17823639774859287, 0.17273576097105509, 0.29967948717948717], "best_unary_tran": [{"name": "add_diff"}], "sim_u4_predicted_ops": [0.2659303313508921, 0.16463414634146342, 0.14853556485355648, 0.20250195465207194, 0.1810971579643093, 0.32082551594746717, 0.18823529411764706, 0.19667590027700832], "argmax_sim_u4_predicted_ops": 6}, "B : H  ::  C : ?": {"sim_u1_trans_u2": [0.24, 0.13902681231380337, 0.1597573306370071, 0.1378968253968254, 0.24268689057421453, 0.14585414585414586, 0.15858585858585858, 0.13564356435643565, 0.47435897435897434], "best_unary_tran": [{"name": "add_diff"}], "sim_u4_predicted_ops": [0.3119266055045872, 0.13925438596491227, 0.11992263056092843, 0.14270152505446623, 0.24448705656759348, 0.42040185471406494, 0.21391076115485563, 0.2720739219712526], "argmax_sim_u4_predicted_ops": 6}, "F : G  ::  E : ?": {"sim_u1_trans_u2": [0.3448687350835322, 0.09737098344693282, 0.1618556701030928, 0.0963035019455253, 0.3594692400482509, 0.09844054580896686, 0.16425619834710745, 0.09737098344693282, 0.5838383838383838], "best_unary_tran": [{"name": "add_diff"}], "sim_u4_predicted_ops": [0.11583011583011583, 0.4582104228121927, 0.3966870095902354, 0.16549570647931303, 0.5134665508253693, 0.10993485342019543, 0.1631265930331351, 0.586239396795476], "argmax_sim_u4_predicted_ops": 8}, "G : B  ::  E : ?": {"sim_u1_trans_u2": [0.5814234016887817, 0.11955593509820667, 0.1875, 0.11955593509820667, 0.5968331303288672, 0.12147134302822926, 0.1875, 0.11860068259385666, 0.7626582278481012], "best_unary_tran": [{"name": "add_diff"}], "sim_u4_predicted_ops": [0.13929492691315562, 0.5195094760312151, 0.4402332361516035, 0.19599303135888502, 0.5701839303000968, 0.1519925857275255, 0.20676328502415459, 0.6574761399787911], "argmax_sim_u4_predicted_ops": 8},