{"unary_analogies_data": {"A : B  ::  C : ?": {"sim_u1_trans_u2": [0.8618238557558946, 0.7433441558441558, 0.9380978162786501, 0.7433441558441558, 0.9668498168498169, 0.7433441558441558, 0.8360403487775688, 0.7433441558441558, 0.9317713214620431], "best_unary_tran": [{"name": "mirror_left_right"}], "sim_u4_predicted_ops": [0.4984945427173504, 0.6333645735707591, 0.35717326521924225, 0.48674785100286533, 0.2811538869445328, 0.953127849717308], "argmax_sim_u4_predicted_ops": 6}, "A : C  ::  B : ?": {"sim_u1_trans_u2": [0.9612460597070276, 0.7430784442979564, 0.8780184659090909, 0.7430784442979564, 0.8588752196836555, 0.7430784442979564, 0.9825679475164011, 0.7430784442979564, 0.9889355207935903], "best_unary_tran": [{"name": "add_diff"}], "sim_u4_predicted_ops": [0.49672591206735267, 0.628093023255814, 0.3686857876712329, 0.4812618595825427, 0.281544156530936, 0.9278794402583423], "argmax_sim_u4_predicted_ops": 6}}, "binary_analogies_data": {}}