{"unary_analogies_data": {"A : B  ::  C : ?": {"sim_u1_trans_u2": [0.6705009276437848, 0.6159368269921034, 0.6258577103647526, 0.5941926345609065, 0.6680251945164876, 0.6113099498926271, 0.6252707581227437, 0.6044191019244476, 0.9735991379310345], "best_unary_tran": [{"name": "add_diff"}], "sim_u4_predicted_ops": [0.31630434782608696, 0.39438339438339437, 0.7708747514910537, 0.125, 0.5542234332425068, 0.5489690721649485], "argmax_sim_u4_predicted_ops": 3}, "A : C  ::  B : ?": {"sim_u1_trans_u2": [0.6612184249628529, 0.6161908203830864, 0.6339057362075264, 0.6191165821868212, 0.6705267090026149, 0.6161908203830864, 0.6244097348347257, 0.6185305826999639, 0.9748083242059146], "best_unary_tran": [{"name": "add_diff"}], "sim_u4_predicted_ops": [0.12691466083150985, 0.8391572456320657, 0.37172388335179035, 0.3894907908992416, 0.5308201732042792, 0.5889212827988338], "argmax_sim_u4_predicted_ops": 2}}, "binary_analogies_data": {}}