{"unary_analogies_data": {"A : B  ::  H : ?": {"sim_u1_trans_u2": [0.1440273037542662, 0.1440273037542662, 0.1440273037542662, 0.1440273037542662, 0.1440273037542662, 0.1448087431693989, 0.1440273037542662, 0.1432469304229195, 0.4081237911025145], "best_unary_tran": [{"name": "add_diff"}], "sim_u4_predicted_ops": [0.10779537149817296, 0.5565326633165829, 0.42235067437379575, 0.30878618588115797, 0.3963453056080655, 0.2824314306893996, 0.430702787593247, 0.15080428954423591], "argmax_sim_u4_predicted_ops": 2}, "B : C  ::  H : ?": {"sim_u1_trans_u2": [0.37723424270931327, 0.3740028155795401, 0.3785310734463277, 0.37335834896810505, 0.3785310734463277, 0.37529356505401595, 0.37918040508714085, 0.37529356505401595, 0.6919758412424504], "best_unary_tran": [{"name": "add_diff"}], "sim_u4_predicted_ops": [0.08837772397094432, 0.41450777202072536, 0.40666922192410887, 0.3389209009952855, 0.49625085207907293, 0.3006088280060883, 0.4468849840255591, 0.1321762349799733], "argmax_sim_u4_predicted_ops": 5}, "D : E  ::  H : ?": {"sim_u1_trans_u2": [0.31033153430994603, 0.31033153430994603, 0.31033153430994603, 0.31033153430994603, 0.31033153430994603, 0.31033153430994603, 0.31033153430994603, 0.31033153430994603, 0.8964365256124721], "best_unary_tran": [{"name": "add_diff"}], "sim_u4_predicted_ops": [0.19611650485436893, 0.42929061784897027, 0.6619394403986202, 0.43839285714285714, 0.3901846452866861, 0.20375063355296502, 0.5722140762463344, 0.14939172749391727], "argmax_sim_u4_predicted_ops": 3}, "E : F  ::  H : ?": {"sim_u1_trans_u2": [0.13613380007779075, 0.13613380007779075, 0.13613380007779075, 0.13613380007779075, 0.13613380007779075, 0.13613380007779075, 0.13613380007779075, 0.13613380007779075, 0.8333333333333334], "best_unary_tran": [{"name": "add_diff"}], "sim_u4_predicted_ops": [0.08091603053435115, 0.0997586484312148, 0.06523534269199009, 0.08112094395280237, 0.19201725997842503, 0.3544857768052516, 0.07467119219346627, 0.13909774436090225], "argmax_sim_u4_predicted_ops": 6}, "G : H  ::  H : ?": {"sim_u1_trans_u2": [0.1735256682223165, 0.17302798982188294, 0.1735256682223165, 0.17302798982188294, 0.1735256682223165, 0.17302798982188294, 0.1735256682223165, 0.17302798982188294, 0.9380733944954128], "best_unary_tran": [{"name": "add_diff"}], "sim_u4_predicted_ops": [0.08640226628895184, 0.11145752143413874, 0.07320048800325335, 0.08928571428571429, 0.2543103448275862, 0.5339366515837104, 0.09551986475063398, 0.11952861952861953], "argmax_sim_u4_predicted_ops": 6}, "A : C  ::  G : ?": {"sim_u1_trans_u2": [0.09640287769784173, 0.09956709956709957, 0.09640287769784173, 0.09956709956709957, 0.09640287769784173, 0.09956709956709957, 0.09640287769784173, 0.09956709956709957, 0.38878143133462284], "best_unary_tran": [{"name": "add_diff"}], "sim_u4_predicted_ops": [0.12222569552985307, 0.38449006190941676, 0.6936434108527132, 0.33866995073891626, 0.28654404646660214, 0.13008392511297612, 0.7456479690522244, 0.1365265558813946], "argmax_sim_u4_predicted_ops": 7}, "D : F  ::  G : ?": {"sim_u1_trans_u2": [0.11884550084889643, 0.11884550084889643, 0.11979609175870858, 0.11505922165820642, 0.11694915254237288, 0.11600338696020322, 0.11600338696020322, 0.11884550084889643, 0.3333333333333333], "best_unary_tran": [{"name": "add_diff"}], "sim_u4_predicted_ops": [0.11415289256198347, 0.5635757912270961, 0.6026252983293556, 0.42056530214424953, 0.46950517836593786, 0.20232558139534884, 0.6837209302325581, 0.17630223239839726], "argmax_sim_u4_predicted_ops": 7}, "A : D  ::  F : ?": {"sim_u1_trans_u2": [0.08512269938650306, 0.08678955453149001, 0.08512269938650306, 0.08678955453149001, 0.08512269938650306, 0.08678955453149001, 0.08512269938650306, 0.08678955453149001, 0.21470019342359767], "best_unary_tran": [{"name": "add_diff"}], "sim_u4_predicted_ops": [0.16620689655172413, 0.3758782201405152, 0.3279910547894148, 0.3131367292225201, 0.5330396475770925, 0.2684085510688836, 0.34919416730621644, 0.29292107404393813], "argmax_sim_u4_predicted_ops": 5}, "D : G  ::  F : ?": {"sim_u1_trans_u2": [0.36721728081321475, 0.366060093101989, 0.36721728081321475, 0.366060093101989, 0.36721728081321475, 0.366060093101989, 0.36721728081321475, 0.366060093101989, 0.965478841870824], "best_unary_tran": [{"name": "add_diff"}], "sim_u4_predicted_ops": [0.1389177939646202, 0.48410630536737886, 0.5691653786707882, 0.4410757946210269, 0.4406685236768802, 0.19794637763833428, 0.6370309951060359, 0.233451536643026], "argmax_sim_u4_predicted_ops": 7}, "B : E  ::  F : ?": {"sim_u1_trans_u2": [0.42080745341614906, 0.42080745341614906, 0.42080745341614906, 0.42080745341614906, 0.42080745341614906, 0.42080745341614906, 0.42080745341614906, 0.42080745341614906, 0.9352890422778257], "best_unary_tran": [{"name": "add_diff"}], "sim_u4_predicted_ops": [0.14987080103359174, 0.5324123273113709, 0.5727447216890595, 0.4037647058823529, 0.36420395421436, 0.13496280552603612, 0.5475735575085976, 0.21245002855511136], "argmax_sim_u4_predicted_ops": 3}, "E : H  ::  F : ?": {"sim_u1_trans_u2": [0.1352918438345574, 0.1352918438345574, 0.1352918438345574, 0.1352918438345574, 0.1352918438345574, 0.1352918438345574, 0.1352918438345574, 0.1352918438345574, 0.8027522935779816], "best_unary_tran": [{"name": "add_diff"}], "sim_u4_predicted_ops": [0.19900497512437812, 0.16427969671440606, 0.06702302631578948, 0.09541420118343195, 0.09375, 0.16544117647058823, 0.08610400682011936, 0.39864864864864863], "argmax_sim_u4_predicted_ops": 8}, "C : F  ::  F : ?": {"sim_u1_trans_u2": [0.09834420471650777, 0.10166079516859587, 0.09834420471650777, 0.10055304172951232, 0.09834420471650777, 0.10166079516859587, 0.09834420471650777, 0.1, 0.4666666666666667], "best_unary_tran": [{"name": "add_diff"}], "sim_u4_predicted_ops": [0.15677966101694915, 0.2337228714524207, 0.10106382978723404, 0.11056338028169015, 0.12280701754385964, 0.17932148626817448, 0.12702472293265132, 0.6148648648648649], "argmax_sim_u4_predicted_ops": 8}, "A : G  ::  C : ?": {"sim_u1_trans_u2": [0.10994152046783626, 0.11384976525821597, 0.10994152046783626, 0.11472200469851214, 0.10994152046783626, 0.11428571428571428, 0.10994152046783626, 0.11428571428571428, 0.5454545454545454], "best_unary_tran": [{"name": "add_diff"}], "sim_u4_predicted_ops": [0.11461318051575932, 0.3833455612619222, 0.7080191912268677, 0.3602811950790861, 0.3408482995796714, 0.15337657382678366, 0.7531960227272727, 0.12691875701984276], "argmax_sim_u4_predicted_ops": 7}, "B : H  ::  C : ?": {"sim_u1_trans_u2": [0.21570121951219512, 0.21108580106302202, 0.21385083713850836, 0.21200607902735563, 0.21941896024464833, 0.21477532368621477, 0.21941896024464833, 0.21385083713850836, 0.6490825688073395], "best_unary_tran": [{"name": "add_diff"}], "sim_u4_predicted_ops": [0.09039190897597978, 0.44572468162522744, 0.442261427425822, 0.30546792849631965, 0.5233309404163675, 0.21998508575689785, 0.49599662873999156, 0.10860655737704918], "argmax_sim_u4_predicted_ops": 5}, "F : G  ::  E : ?": {"sim_u1_trans_u2": [0.18025751072961374, 0.17471166168304145, 0.18025751072961374, 0.17120954003407154, 0.18025751072961374, 0.17270788912579957, 0.18025751072961374, 0.17421007685738685, 1.0], "best_unary_tran": [{"name": "add_diff"}], "sim_u4_predicted_ops": [0.17722473604826547, 0.424105461393597, 0.9192928516525749, 0.4752851711026616, 0.3184713375796178, 0.1355297641332834, 0.8329010744720267, 0.13919275745001886], "argmax_sim_u4_predicted_ops": 3}, "G : B  ::  E : ?": {"sim_u1_trans_u2": [0.49742489270386264, 0.48911651728553135, 0.49742489270386264, 0.4897523484201537, 0.49742489270386264, 0.4897523484201537, 0.49742489270386264, 0.491025641025641, 1.0], "best_unary_tran": [{"name": "add_diff"}], "sim_u4_predicted_ops": [0.25016077170418005, 0.5177842565597668, 0.5374697824335214, 0.39927498705334025, 0.36581096849474914, 0.16010006253908693, 0.44961538461538464, 0.1614123581336696], "argmax_sim_u4_predicted_ops": 3},