{"unary_analogies_data": {"A : B  ::  C : ?": {"sim_u1_trans_u2": [0.4975397973950796, 0.4859276278001149, 0.4975397973950796, 0.7955925733125109, 0.993450202273165, 0.48507462686567165, 0.49797336421540245, 0.48507462686567165, 0.6652476780185759], "best_unary_tran": [{"name": "mirror_left_right"}], "sim_u4_predicted_ops": [0.4425556858147714, 0.3814211011996309, 0.37658955109544967, 0.7100591715976331, 0.8868360277136259, 0.42074657662727444], "argmax_sim_u4_predicted_ops": 5}, "A : C  ::  B : ?": {"sim_u1_trans_u2": [0.3819142324425109, 0.5775097552323519, 0.3795563828137118, 0.36077111383108934, 0.37656709487695406, 0.36620583717357913, 0.7206422905784484, 0.36809721581295185, 0.6596886741814278], "best_unary_tran": [{"name": "mirror_left_right"}, {"name": "rot_binary", "args": {"angle": 180}}], "sim_u4_predicted_ops": [0.35912027068594277, 0.49856404365307294, 0.494488188976378, 0.9868345735546652, 0.681687989306855, 0.3753808653260207], "argmax_sim_u4_predicted_ops": 4}}, "binary_analogies_data": {}}