{"unary_analogies_data": {"A : B  ::  C : ?": {"sim_u1_trans_u2": [0.7183649520829258, 0.4756466241182398, 0.7106697819314641, 0.48186878057007926, 0.7484577114427861, 0.4719383481320154, 0.675119161105815, 0.48738784492974435, 0.8465084120765153], "best_unary_tran": [{"name": "add_diff"}], "sim_u4_predicted_ops": [0, 0, 0, 0, 0.6816846229187071, 0], "argmax_sim_u4_predicted_ops": 5}, "A : C  ::  B : ?": {"sim_u1_trans_u2": [0.7153100775193798, 0.46758414856574365, 0.713649564375605, 0.4895658027600135, 0.7044097823993838, 0.4761507671781188, 0.7116611873912203, 0.49006734006734004, 0.8381017257039055], "best_unary_tran": [{"name": "add_diff"}], "sim_u4_predicted_ops": [0, 0, 0, 0, 0.6973710616094722, 0], "argmax_sim_u4_predicted_ops": 5}}, "binary_analogies_data": {}}