{"unary_analogies_data": {"A : B  ::  H : ?": {"sim_u1_trans_u2": [0.6395582329317269, 0.4632616487455197, 0.5016091954022989, 0.5176579925650557, 0.6354531797696544, 0.5190697674418605, 0.503683241252302, 0.46129753914988814, 0.8037854889589905], "best_unary_tran": [{"name": "add_diff"}], "sim_u4_predicted_ops": [0.4668255860150973, 0.514524472741743, 0.4485235434956105, 0.45640219952867245, 0.674451191032228, 0.411187876086472, 0.4372564302416212, 0.7426062846580407], "argmax_sim_u4_predicted_ops": 8}, "B : C  ::  H : ?": {"sim_u1_trans_u2": [0.5393474088291746, 0.5153519130845536, 0.4976657329598506, 0.6023976023976024, 0.5400864138262121, 0.518220539517274, 0.49417792268281324, 0.6007984031936128, 0.7360838244924689], "best_unary_tran": [{"name": "add_diff"}], "sim_u4_predicted_ops": [0.6229143492769744, 0.5437881873727087, 0.6072031513787282, 0.5474683544303798, 0.6933734939759036, 0.3142586899976354, 0.5369198312236287, 0.7475218658892129], "argmax_sim_u4_predicted_ops": 8}, "D : E  ::  H : ?": {"sim_u1_trans_u2": [0.517439293598234, 0.6090823970037453, 0.5187803800265135, 0.6105904404873477, 0.5194518125552609, 0.6045751633986928, 0.5161005734450816, 0.6128578132332239, 0.7176974892835273], "best_unary_tran": [{"name": "add_diff"}], "sim_u4_predicted_ops": [0.44562334217506633, 0.49334853667806916, 0.4280821917808219, 0.4386030792339467, 0.615686274509804, 0.41494958351600175, 0.4114814814814815, 0.7026672496720595], "argmax_sim_u4_predicted_ops": 8}, "E : F  ::  H : ?": {"sim_u1_trans_u2": [0.5147526100771675, 0.6136363636363636, 0.5133786848072562, 0.6144170295113691, 0.5126926563916591, 0.6128564523924601, 0.5147526100771675, 0.6089681774349084, 0.7397260273972602], "best_unary_tran": [{"name": "add_diff"}], "sim_u4_predicted_ops": [0.5805387575590985, 0.4892874937717987, 0.5388402625820569, 0.4940568475452196, 0.6437054631828979, 0.3037825059101655, 0.48679440704298294, 0.719441210710128], "argmax_sim_u4_predicted_ops": 8}, "G : H  ::  H : ?": {"sim_u1_trans_u2": [0.5362523540489642, 0.6282435129740519, 0.4804900181488203, 0.5071593533487297, 0.5369759773904852, 0.5029940119760479, 0.483856298317417, 0.6217693836978131, 0.7357881136950905], "best_unary_tran": [{"name": "add_diff"}], "sim_u4_predicted_ops": [0.4677547770700637, 0.5137395459976105, 0.4494202319072371, 0.44253992987923646, 0.6736792893875643, 0.41196161571077883, 0.4297360248447205, 0.7443260768874479], "argmax_sim_u4_predicted_ops": 8}, "A : C  ::  G : ?": {"sim_u1_trans_u2": [0.5405940594059406, 0.5375494071146245, 0.5413571074789499, 0.8545887961859356, 0.6713211600429646, 0.591002044989775, 0.5143552311435523, 0.5901890648952478, 0.7151277013752456], "best_unary_tran": [{"name": "rot_binary", "args": {"angle": 270}}], "sim_u4_predicted_ops": [0.5372549019607843, 0.5130353817504656, 0.9057656540607564, 0.5183044315992292, 0.5469867211440245, 0.3661305581835383, 0.5285505124450952, 0.5273159144893111], "argmax_sim_u4_predicted_ops": 3}, "D : F  ::  G : ?": {"sim_u1_trans_u2": [0.6227575602255254, 0.49976314542870676, 0.9352078239608802, 0.49976314542870676, 0.928136419001218, 0.49976314542870676, 0.6277634961439589, 0.49976314542870676, 0.7925636007827789], "best_unary_tran": [{"name": "rot_binary", "args": {"angle": 180}}], "sim_u4_predicted_ops": [0.534997552618698, 0.4813126709206928, 0.5393089634451678, 0.6554621848739496, 0.5313447927199191, 0.32629161882893226, 0.9062690200852099, 0.5058548009367682], "argmax_sim_u4_predicted_ops": 7}, "A : D  ::  F : ?": {"sim_u1_trans_u2": [0.5367717287488061, 0.6122244488977956, 0.4898148148148148, 0.5122180451127819, 0.4898148148148148, 0.6106106106106106, 0.5367717287488061, 0.5122180451127819, 0.7091482649842271], "best_unary_tran": [{"name": "add_diff"}], "sim_u4_predicted_ops": [0.4717550668391548, 0.48818565400843883, 0.45316565481352994, 0.810454065469905, 0.5040946314831665, 0.37069746376811596, 0.55662100456621, 0.44297520661157025], "argmax_sim_u4_predicted_ops": 4}, "D : G  ::  F : ?": {"sim_u1_trans_u2": [0.6456285566476979, 0.5693142575234337, 0.5322736030828517, 0.5090132827324478, 0.533012048192771, 0.5082977714556662, 0.6413828689370485, 0.5700888450148075, 0.8062015503875969], "best_unary_tran": [{"name": "add_diff"}], "sim_u4_predicted_ops": [0.6004415011037527, 0.5214538112064614, 0.5696902654867256, 0.8156911581569116, 0.6497341996455995, 0.303836196752177, 0.7217598097502973, 0.5491419656786272], "argmax_sim_u4_predicted_ops": 4}, "B : E  ::  F : ?": {"sim_u1_trans_u2": [0.6216845044206608, 0.5008613264427217, 0.6096997690531177, 0.5073529411764706, 0.60451197053407, 0.5047495682210709, 0.6201766620176662, 0.5053995680345572, 0.7947650208209399], "best_unary_tran": [{"name": "add_diff"}], "sim_u4_predicted_ops": [0.4961900493052443, 0.49696444058976585, 0.4664279319606088, 0.841845140032949, 0.5623791102514507, 0.353713768115942, 0.5771050141911069, 0.4901875272568687], "argmax_sim_u4_predicted_ops": 4}, "E : H  ::  F : ?": {"sim_u1_trans_u2": [0.6157024793388429, 0.5064212328767124, 0.5988187187641981, 0.5077120822622108, 0.6053832116788321, 0.5103004291845493, 0.6149609912804038, 0.5032037590773174, 0.7819241982507289], "best_unary_tran": [{"name": "add_diff"}], "sim_u4_predicted_ops": [0.5696269048870205, 0.5268340718857706, 0.5402843601895735, 0.8698630136986302, 0.6125419932810751, 0.3086046511627907, 0.6777277840269966, 0.522343594836147], "argmax_sim_u4_predicted_ops": 4}, "C : F  ::  F : ?": {"sim_u1_trans_u2": [0.6630434782608695, 0.5315315315315315, 0.5548780487804879, 0.6181914331041777, 0.5548780487804879, 0.5315315315315315, 0.6630434782608695, 0.6181914331041777, 0.7989521938441388], "best_unary_tran": [{"name": "add_diff"}], "sim_u4_predicted_ops": [0.5055147058823529, 0.5073365940417963, 0.47974217311233885, 0.8715179079022172, 0.592462311557789, 0.3476082004555809, 0.5953193564115066, 0.4858281665190434], "argmax_sim_u4_predicted_ops": 4}, "A : G  ::  C : ?": {"sim_u1_trans_u2": [0.5223517978620019, 0.8896260554885405, 0.5253164556962026, 0.5335291238374938, 0.4983261597321856, 0.5927808845958312, 0.6498156924697209, 0.583923154701719, 0.6944444444444444], "best_unary_tran": [{"name": "rot_binary", "args": {"angle": 90}}], "sim_u4_predicted_ops": [0.5543912175648703, 0.5166744950681071, 0.8799261083743842, 0.5363101079489696, 0.5505154639175258, 0.3598771266540643, 0.5485316077650573, 0.5422501207146306], "argmax_sim_u4_predicted_ops": 3}, "B : H  ::  C : ?": {"sim_u1_trans_u2": [0.5951150775011742, 0.44572158365261816, 0.9121621621621622, 0.44387755102040816, 0.575139146567718, 0.44572158365261816, 0.956221198156682, 0.44387755102040816, 0.7537180249851279], "best_unary_tran": [{"name": "mirror_left_right"}, {"name": "rot_binary", "args": {"angle": 180}}], "sim_u4_predicted_ops": [0.6031909418425115, 0.4942156409069875, 0.5310932798395186, 0.6636556854410202, 0.6860986547085202, 0.31995412844036697, 0.5978428351309707, 0.578843302026693], "argmax_sim_u4_predicted_ops": 5}, "F : G  ::  E : ?": {"sim_u1_trans_u2": [0.5505787619526925, 0.5132612966601179, 0.6397019691325173, 0.598858329008822, 0.6405750798722045, 0.598858329008822, 0.5505787619526925, 0.5132612966601179, 0.7136333985649054], "best_unary_tran": [{"name": "add_diff"}], "sim_u4_predicted_ops": [0.458955223880597, 0.8329969727547931, 0.4798801369863014, 0.5023374415639609, 0.46563573883161513, 0.4100274725274725, 0.42770105605199027, 0.5822339489885664], "argmax_sim_u4_predicted_ops": 2}, "G : B  ::  E : ?": {"sim_u1_trans_u2": [0.48187241854061497, 0.5117041198501873, 0.5245514636449481, 0.6217980914113511, 0.4798350137488543, 0.618546365914787, 0.5252716107699575, 0.5145403377110694, 0.6782945736434108], "best_unary_tran": [{"name": "add_diff"}], "sim_u4_predicted_ops": [0.4117647058823529, 0.7837837837837838, 0.4529983792544571, 0.4973436861463016, 0.44353852425601303, 0.42005420054200543, 0.4494828957836118, 0.5529166666666666], "argmax_sim_u4_predicted_ops": 2},