{"unary_analogies_data": {"A : B  ::  H : ?": {"sim_u1_trans_u2": [0.2898961284230406, 0.28142589118198874, 0.28262910798122065, 0.2778297474275023, 0.26014760147601473, 0.2578268876611418, 0.2613111726685134, 0.2589861751152074, 0.9715189873417721], "best_unary_tran": [{"name": "add_diff"}], "sim_u4_predicted_ops": [0.25419463087248323, 0.5512010113780025, 0.14308426073131955, 0.18646616541353384, 0.11935483870967742, 0.46536144578313254, 0.28955078125, 0.2418689876316995], "argmax_sim_u4_predicted_ops": 2}, "B : C  ::  H : ?": {"sim_u1_trans_u2": [0.36696165191740415, 0.3194760820045558, 0.3362168396770473, 0.3502331002331002, 0.33237492811960895, 0.3308443423319931, 0.33544668587896254, 0.30903954802259886, 0.5923809523809523], "best_unary_tran": [{"name": "add_diff"}], "sim_u4_predicted_ops": [0.38975817923186346, 0.5684348395546824, 0.1267454350161117, 0.3954050785973398, 0.12407780013413816, 0.4742268041237113, 0.4265193370165746, 0.3957894736842105], "argmax_sim_u4_predicted_ops": 2}, "D : E  ::  H : ?": {"sim_u1_trans_u2": [0.45454545454545453, 0.44613159797541574, 0.443001443001443, 0.44613159797541574, 0.447178002894356, 0.4492753623188406, 0.44822592324402605, 0.44613159797541574, 0.9720062208398134], "best_unary_tran": [{"name": "add_diff"}], "sim_u4_predicted_ops": [0.2643112701252236, 0.6399427344309234, 0.1446613088404133, 0.20371381758601856, 0.13338139870223503, 0.5201323772752344, 0.31528662420382164, 0.263262270699058], "argmax_sim_u4_predicted_ops": 2}, "E : F  ::  H : ?": {"sim_u1_trans_u2": [0.464746772591857, 0.45177165354330706, 0.464746772591857, 0.4503441494591937, 0.464746772591857, 0.4503441494591937, 0.4662027833001988, 0.4503441494591937, 0.6897568165070007], "best_unary_tran": [{"name": "add_diff"}], "sim_u4_predicted_ops": [0.4818317570930811, 0.5429835651074589, 0.12368972746331237, 0.46941323345817726, 0.12036434612882238, 0.4691607684529828, 0.5550295857988166, 0.5047406581148912], "argmax_sim_u4_predicted_ops": 7}, "G : H  ::  H : ?": {"sim_u1_trans_u2": [0.20905172413793102, 0.18229715489989462, 0.20905172413793102, 0.18229715489989462, 0.20905172413793102, 0.18229715489989462, 0.20905172413793102, 0.18229715489989462, 1.0], "best_unary_tran": [{"name": "add_diff"}], "sim_u4_predicted_ops": [0.26638965835641737, 0.6821646341463414, 0.14990969295605058, 0.19034250421111734, 0.14549653579676675, 0.5525857059848925, 0.31828193832599116, 0.25842696629213485], "argmax_sim_u4_predicted_ops": 2}, "A : C  ::  G : ?": {"sim_u1_trans_u2": [0.23962411902897415, 0.23286604361370716, 0.23865414710485133, 0.23478939157566303, 0.21862971516551194, 0.21582181259600614, 0.21862971516551194, 0.21488871834228704, 0.9683544303797469], "best_unary_tran": [{"name": "add_diff"}], "sim_u4_predicted_ops": [0.61557478368356, 0.23469994058229351, 0.1265022137887413, 0.7238095238095238, 0.1556122448979592, 0.24473813020068527, 0.6890380313199105, 0.6702432045779685], "argmax_sim_u4_predicted_ops": 4}, "D : F  ::  G : ?": {"sim_u1_trans_u2": [0.39227895392278955, 0.3948845913911416, 0.39227895392278955, 0.3948845913911416, 0.39227895392278955, 0.3948845913911416, 0.3940149625935162, 0.3948845913911416, 0.9797822706065319], "best_unary_tran": [{"name": "add_diff"}], "sim_u4_predicted_ops": [0.650063051702396, 0.2814039408866995, 0.1283997469955724, 0.7234226447709594, 0.15423728813559323, 0.2628968253968254, 0.7774294670846394, 0.7191176470588235], "argmax_sim_u4_predicted_ops": 7}, "A : D  ::  F : ?": {"sim_u1_trans_u2": [0.4868217054263566, 0.4799382716049383, 0.4868217054263566, 0.4799382716049383, 0.482225656877898, 0.4776579352850539, 0.4845201238390093, 0.4776579352850539, 0.9936708860759493], "best_unary_tran": [{"name": "add_diff"}], "sim_u4_predicted_ops": [0.8586572438162544, 0.23760037789324515, 0.3696933962264151, 0.49351415094339623, 0.1215339233038348, 0.4469981238273921, 0.6003420752565565, 0.6923529411764706], "argmax_sim_u4_predicted_ops": 1}, "D : G  ::  F : ?": {"sim_u1_trans_u2": [0.30171073094867806, 0.30171073094867806, 0.30171073094867806, 0.30171073094867806, 0.30171073094867806, 0.30171073094867806, 0.30171073094867806, 0.30171073094867806, 1.0], "best_unary_tran": [{"name": "add_diff"}], "sim_u4_predicted_ops": [0.7107075767063243, 0.21932259855635758, 0.19886363636363635, 0.6580188679245284, 0.1172465960665658, 0.31602373887240354, 0.6144986449864499, 0.6975778546712803], "argmax_sim_u4_predicted_ops": 1}, "B : E  ::  F : ?": {"sim_u1_trans_u2": [0.7404193781634129, 0.62525320729237, 0.7131672597864769, 0.6154362416107383, 0.7329013678905687, 0.6208754208754209, 0.7156094084105489, 0.6208754208754209, 0.9752380952380952], "best_unary_tran": [{"name": "add_diff"}], "sim_u4_predicted_ops": [0.8751500600240096, 0.24243879020643302, 0.37680288461538464, 0.5030048076923077, 0.1238725195429946, 0.46076555023923443, 0.6124346310284718, 0.7025733093955715], "argmax_sim_u4_predicted_ops": 1}, "E : H  ::  F : ?": {"sim_u1_trans_u2": [0.6691015339663988, 0.5407956844234659, 0.6068917018284107, 0.5418353576248313, 0.6274928774928775, 0.5470548408937035, 0.6286528866714184, 0.5356182795698925, 0.9870689655172413], "best_unary_tran": [{"name": "add_diff"}], "sim_u4_predicted_ops": [0.6777429467084639, 0.25808348030570255, 0.16719442685243824, 0.6827868852459016, 0.14967637540453074, 0.29344587884806356, 0.7522590361445783, 0.6727145847871598], "argmax_sim_u4_predicted_ops": 7}, "C : F  ::  F : ?": {"sim_u1_trans_u2": [0.7830423940149626, 0.6666666666666666, 0.7852684144818977, 0.6666666666666666, 0.7852684144818977, 0.6676384839650146, 0.7852684144818977, 0.6676384839650146, 0.9913180741910024], "best_unary_tran": [{"name": "add_diff"}], "sim_u4_predicted_ops": [0.8777844671884407, 0.24182692307692308, 0.3779385171790235, 0.5045207956600362, 0.12424607961399277, 0.4569789674952199, 0.6132789749563191, 0.7036592681463707], "argmax_sim_u4_predicted_ops": 1}, "A : G  ::  C : ?": {"sim_u1_trans_u2": [0.32124352331606215, 0.328125, 0.32124352331606215, 0.328125, 0.32124352331606215, 0.328125, 0.32124352331606215, 0.328125, 0.6391752577319587], "best_unary_tran": [{"name": "add_diff"}], "sim_u4_predicted_ops": [0.6960352422907489, 0.23300970873786409, 0.17699115044247787, 0.6763754045307443, 0.09505703422053231, 0.3009419930589985, 0.6721311475409836, 0.8220211161387632], "argmax_sim_u4_predicted_ops": 8}, "B : H  ::  C : ?": {"sim_u1_trans_u2": [0.6819727891156463, 0.5453125, 0.6333608587943848, 0.5611681136543015, 0.6734348561759729, 0.5550314465408805, 0.6387738193869097, 0.5489428347689899, 0.8642241379310345], "best_unary_tran": [{"name": "add_diff"}], "sim_u4_predicted_ops": [0.6410094637223974, 0.22624703087885986, 0.12396694214876033, 0.721496953872933, 0.0951993490642799, 0.2599601593625498, 0.6868913857677903, 0.7644376899696048], "argmax_sim_u4_predicted_ops": 8}, "F : G  ::  E : ?": {"sim_u1_trans_u2": [0.12178279974890144, 0.12178279974890144, 0.12178279974890144, 0.12178279974890144, 0.12178279974890144, 0.12178279974890144, 0.12178279974890144, 0.12178279974890144, 1.0], "best_unary_tran": [{"name": "add_diff"}], "sim_u4_predicted_ops": [0.19722222222222222, 0.47989031078610606, 0.20951509606587373, 0.1348148148148148, 0.23796423658872076, 0.47592067988668557, 0.1599229287090559, 0.16449410304158907], "argmax_sim_u4_predicted_ops": 2}, "G : B  ::  E : ?": {"sim_u1_trans_u2": [0.11469534050179211, 0.11369740376007162, 0.11469534050179211, 0.11369740376007162, 0.11469534050179211, 0.11369740376007162, 0.11469534050179211, 0.11369740376007162, 0.6597938144329897], "best_unary_tran": [{"name": "add_diff"}], "sim_u4_predicted_ops": [0.41024590163934427, 0.4488778054862843, 0.31385390428211585, 0.14552845528455285, 0.10404040404040404, 0.6641975308641975, 0.26049735018344883, 0.2885085574572127], "argmax_sim_u4_predicted_ops": 6},