{"unary_analogies_data": {"A : B  ::  C : ?": {"sim_u1_trans_u2": [0.4786700767263427, 0.3056910569105691, 0.4786700767263427, 0.3049837486457205, 0.4786700767263427, 0.3055731189594436, 0.4786700767263427, 0.3051015801354402, 1.0], "best_unary_tran": [{"name": "add_diff"}], "sim_u4_predicted_ops": [0.9736681577877185, 0.48750699235502515, 0.45263591433278416, 0.5522904829545454, 0.6139612296847464, 0.623282907320466], "argmax_sim_u4_predicted_ops": 1}, "A : C  ::  B : ?": {"sim_u1_trans_u2": [0.982085732565579, 0.20217306946061311, 0.48537637845612913, 0.20217306946061311, 0.48537637845612913, 0.20201758923952406, 0.982085732565579, 0.20232858990944372, 0.9978331527627302], "best_unary_tran": [{"name": "add_diff"}], "sim_u4_predicted_ops": [0.9600969794928781, 0.48976922358217323, 0.4531024531024531, 0.5519538188277087, 0.6145629165033321, 0.6229779092016002], "argmax_sim_u4_predicted_ops": 1}}, "binary_analogies_data": {}}