{"unary_analogies_data": {"A : B  ::  H : ?": {"sim_u1_trans_u2": [0.2595289079229122, 0.2573749465583583, 0.2595289079229122, 0.26060865837976854, 0.2611492281303602, 0.26006855184233074, 0.2595289079229122, 0.2584510055626872, 0.6902050113895216], "best_unary_tran": [{"name": "add_diff"}], "sim_u4_predicted_ops": [0.42979351032448376, 0.2446105202644438, 0.2029945292254535, 0.31348148148148147, 0.5825816485225506, 0.42972816657027185, 0.4391747687929808, 0.19883849557522124], "argmax_sim_u4_predicted_ops": 5}, "B : C  ::  H : ?": {"sim_u1_trans_u2": [0.5030851501439737, 0.4217898832684825, 0.4380165289256198, 0.39625525410775697, 0.48175182481751827, 0.39359267734553777, 0.45751894694854406, 0.4240062353858145, 0.7686989314896292], "best_unary_tran": [{"name": "add_diff"}], "sim_u4_predicted_ops": [0.354195642095503, 0.4258600237247924, 0.13108990457056754, 0.23073146784486992, 0.5386861313868613, 0.5809324253535882, 0.3194267515923567, 0.2160524987380111], "argmax_sim_u4_predicted_ops": 6}, "D : E  ::  H : ?": {"sim_u1_trans_u2": [0.35670419651995905, 0.35809426229508196, 0.3865062761506276, 0.3560102301790281, 0.3546244251405212, 0.3546244251405212, 0.37144335230212105, 0.35879036391594055, 0.5483870967741935], "best_unary_tran": [{"name": "add_diff"}], "sim_u4_predicted_ops": [0.5286024619840695, 0.2922915940006976, 0.2397069085833915, 0.3842239185750636, 0.7079984691924991, 0.515438596491228, 0.49601538884308877, 0.21599475581776467], "argmax_sim_u4_predicted_ops": 5}, "E : F  ::  H : ?": {"sim_u1_trans_u2": [0.36160249739854317, 0.3468862583633556, 0.3517561983471074, 0.3517561983471074, 0.3623112961998959, 0.3448098663926002, 0.3524547803617571, 0.35525634386328325, 0.5618431689571544], "best_unary_tran": [{"name": "add_diff"}], "sim_u4_predicted_ops": [0.6323607427055703, 0.4073666849917537, 0.22919857069933638, 0.24091332712022367, 0.6224938875305623, 0.3914949583516002, 0.3774431272028196, 0.14203027604630455], "argmax_sim_u4_predicted_ops": 1}, "G : H  ::  H : ?": {"sim_u1_trans_u2": [0.4555935098206661, 0.4457167090754877, 0.4693965517241379, 0.45002126754572525, 0.4605826906598115, 0.44449152542372883, 0.4618353344768439, 0.45249254367277375, 0.7118078719146097], "best_unary_tran": [{"name": "add_diff"}], "sim_u4_predicted_ops": [0.5346681497960697, 0.28394186458702586, 0.2313697657913414, 0.3920029895366218, 0.7394757744241461, 0.5150214592274678, 0.5008398656215005, 0.17721518987341772], "argmax_sim_u4_predicted_ops": 5}, "A : C  ::  G : ?": {"sim_u1_trans_u2": [0.10223214285714285, 0.09928762243989314, 0.10075791350869372, 0.09977728285077951, 0.10075791350869372, 0.09977728285077951, 0.09928762243989314, 0.09879839786381843, 0.2608200455580866], "best_unary_tran": [{"name": "add_diff"}], "sim_u4_predicted_ops": [0.24831229820956854, 0.17929292929292928, 0.36273764258555136, 0.4088073394495413, 0.3548387096774194, 0.33804983082128576, 0.396327467482785, 0.27072010869565216], "argmax_sim_u4_predicted_ops": 4}, "D : F  ::  G : ?": {"sim_u1_trans_u2": [0.32, 0.3008298755186722, 0.30218068535825543, 0.30218068535825543, 0.321390937829294, 0.30150492994291644, 0.30150492994291644, 0.3069306930693069, 0.49151172190784154], "best_unary_tran": [{"name": "add_diff"}], "sim_u4_predicted_ops": [0.22201492537313433, 0.17420435510887772, 0.5608, 0.3201675643327349, 0.2342536669542709, 0.19166666666666668, 0.25884665792922673, 0.21779318313113807], "argmax_sim_u4_predicted_ops": 3}, "A : D  ::  F : ?": {"sim_u1_trans_u2": [0.23151862464183381, 0.22870211549456831, 0.23222477064220184, 0.23293172690763053, 0.23222477064220184, 0.2294050343249428, 0.23151862464183381, 0.23010875787063537, 0.4601366742596811], "best_unary_tran": [{"name": "add_diff"}], "sim_u4_predicted_ops": [0.12964669738863288, 0.1738484398216939, 0.16408668730650156, 0.21436546334201712, 0.19233110164333536, 0.30859916782246877, 0.35781596452328157, 0.539396887159533], "argmax_sim_u4_predicted_ops": 8}, "D : G  ::  F : ?": {"sim_u1_trans_u2": [0.5466219988833054, 0.5337763012181617, 0.5649717514124294, 0.5623237450648618, 0.565856416054268, 0.5596846846846847, 0.5440356744704571, 0.538034425319267, 0.7702596380802518], "best_unary_tran": [{"name": "add_diff"}], "sim_u4_predicted_ops": [0.19518156424581007, 0.17842660178426603, 0.3202301054650048, 0.2362366474938373, 0.19504240052185257, 0.21630960608154803, 0.35739333722969024, 0.6029735682819384], "argmax_sim_u4_predicted_ops": 8}, "B : E  ::  F : ?": {"sim_u1_trans_u2": [0.3523173605655931, 0.3539127015336217, 0.35872138910812945, 0.35872138910812945, 0.3517864153906557, 0.35764984227129337, 0.3597946287519747, 0.354978354978355, 0.65], "best_unary_tran": [{"name": "add_diff"}], "sim_u4_predicted_ops": [0.11025223759153784, 0.1234128999492128, 0.14380899500277625, 0.16624685138539042, 0.17298578199052134, 0.1893939393939394, 0.2983897469602366, 0.6217995610826628], "argmax_sim_u4_predicted_ops": 8}, "E : H  ::  F : ?": {"sim_u1_trans_u2": [0.2756882512601784, 0.2727272727272727, 0.27076091154886056, 0.2722351121423047, 0.2722351121423047, 0.27420604182804026, 0.27076091154886056, 0.2697800077190274, 0.5152173913043478], "best_unary_tran": [{"name": "add_diff"}], "sim_u4_predicted_ops": [0.4231433506044905, 0.3130466472303207, 0.22159292035398231, 0.19896473633128436, 0.40813690668388763, 0.3108486167236556, 0.46276013143483025, 0.43630573248407645], "argmax_sim_u4_predicted_ops": 7}, "C : F  ::  F : ?": {"sim_u1_trans_u2": [0.4311740890688259, 0.4006934125804854, 0.4340770791075051, 0.42684157416750756, 0.42612203731719617, 0.4097706879361914, 0.44212136664966856, 0.4125874125874126, 0.6887631366208569], "best_unary_tran": [{"name": "add_diff"}], "sim_u4_predicted_ops": [0.11102204408817636, 0.12300796812749004, 0.15676567656765678, 0.16043307086614172, 0.18575364029909486, 0.19591496456857024, 0.30950819672131147, 0.656891495601173], "argmax_sim_u4_predicted_ops": 8}, "A : G  ::  C : ?": {"sim_u1_trans_u2": [0.40318772136953956, 0.39413489736070384, 0.3998822143698469, 0.4007071302298173, 0.4023598820058997, 0.39905826957033547, 0.4023598820058997, 0.39331770222743256, 0.7779043280182233], "best_unary_tran": [{"name": "add_diff"}], "sim_u4_predicted_ops": [0.27392, 0.27775728513463666, 0.16743038420867112, 0.20222446916076844, 0.2739891369945685, 0.3305057096247961, 0.4073573167433054, 0.34197292069632496], "argmax_sim_u4_predicted_ops": 7}, "B : H  ::  C : ?": {"sim_u1_trans_u2": [0.540519581233036, 0.49698568198944987, 0.49585843373493976, 0.49981124952812384, 0.5043544112078758, 0.5049242424242424, 0.5351622874806801, 0.4941707408800301, 0.7298429319371728], "best_unary_tran": [{"name": "add_diff"}], "sim_u4_predicted_ops": [0.425706940874036, 0.40385812072184196, 0.13423180592991915, 0.1335896203748198, 0.29746018080068876, 0.3268608414239482, 0.2618445988629185, 0.16968442834971548], "argmax_sim_u4_predicted_ops": 1}, "F : G  ::  E : ?": {"sim_u1_trans_u2": [0.18134715025906736, 0.18698481561822125, 0.18441558441558442, 0.18441558441558442, 0.18441558441558442, 0.1854419410745234, 0.18441558441558442, 0.18853171155516943, 0.3395311236863379], "best_unary_tran": [{"name": "add_diff"}], "sim_u4_predicted_ops": [0.16063199473337722, 0.1278110944527736, 0.18253311258278146, 0.2660699755899105, 0.3066250433576136, 0.31030741410488244, 0.4202811845647622, 0.2996981457524795], "argmax_sim_u4_predicted_ops": 7}, "G : B  ::  E : ?": {"sim_u1_trans_u2": [0.25732439110483585, 0.2511415525114155, 0.2533427163969036, 0.25466713631560406, 0.2564373897707231, 0.2511415525114155, 0.25246132208157523, 0.2533427163969036, 0.48632421614409604], "best_unary_tran": [{"name": "add_diff"}], "sim_u4_predicted_ops": [0.24825581395348836, 0.24653465346534653, 0.1360075211532435, 0.2286257124762508, 0.2674678591391839, 0.25135366201196924, 0.36975415942388873, 0.24530786960816595], "argmax_sim_u4_predicted_ops": 7},