{"unary_analogies_data": {"A : B  ::  C : ?": {"sim_u1_trans_u2": [0.467680608365019, 0.3476662991547225, 0.38142776417404406, 0.37572688051022324, 0.48371434351608333, 0.38194837007725646, 0.38743851683692776, 0.3400328887264754, 0.6594243792325056], "best_unary_tran": [{"name": "add_diff"}], "sim_u4_predicted_ops": [0.5373946629213483, 0.4455855557396058, 0.458356940509915, 0.37707120465741156, 0.624704584843233, 0.6139386416031212], "argmax_sim_u4_predicted_ops": 5}, "A : C  ::  B : ?": {"sim_u1_trans_u2": [0.5291836734693878, 0.3645966126388636, 0.39094115463152035, 0.3457255747126437, 0.3842601145390726, 0.39119940586706275, 0.4811227515319233, 0.3271342543393553, 0.7316591422121896], "best_unary_tran": [{"name": "add_diff"}], "sim_u4_predicted_ops": [0.5257843490804183, 0.48502994011976047, 0.4326027789714941, 0.4833887043189369, 0.6206115515288788, 0.44930875576036866], "argmax_sim_u4_predicted_ops": 5}}, "binary_analogies_data": {}}