{"unary_analogies_data": {"A : B  ::  H : ?": {"sim_u1_trans_u2": [0.30388349514563107, 0.26608531699269383, 0.29290012033694346, 0.26967619948002836, 0.3013565891472868, 0.26608531699269383, 0.2925890279114533, 0.26997635933806147, 0.7766749379652605], "best_unary_tran": [{"name": "add_diff"}], "sim_u4_predicted_ops": [0.6273118279569893, 0.672231985940246, 0.37594905706588294, 0.6504221028396009, 0.7555896536606751, 0.43862640038967365, 0.6146811665842807, 0.7062146892655368], "argmax_sim_u4_predicted_ops": 5}, "B : C  ::  H : ?": {"sim_u1_trans_u2": [0.7611168562564633, 0.4325370121130552, 0.7143144755385544, 0.4279724970652356, 0.7563943894389439, 0.42415119585214917, 0.7335097719869706, 0.4284516020801879, 0.9787234042553191], "best_unary_tran": [{"name": "add_diff"}], "sim_u4_predicted_ops": [0.6039084842707341, 0.6516333495855681, 0.47152970144659895, 0.5636327023761579, 0.7261131167268351, 0.5490375802016498, 0.7750077905889685, 0.6281603288797534], "argmax_sim_u4_predicted_ops": 7}, "D : E  ::  H : ?": {"sim_u1_trans_u2": [0.7484109083452942, 0.4489379779099405, 0.7303165584415584, 0.44746223052113393, 0.7466202376075379, 0.4462347354138399, 0.7261133603238866, 0.44697098252163586, 0.8983509721880384], "best_unary_tran": [{"name": "add_diff"}], "sim_u4_predicted_ops": [0.5632130384167637, 0.6024182076813656, 0.474775611265862, 0.5734010152284263, 0.6622531939605111, 0.551734725207246, 0.7777777777777778, 0.6057282145033516], "argmax_sim_u4_predicted_ops": 7}, "E : F  ::  H : ?": {"sim_u1_trans_u2": [0.3374220374220374, 0.2559547051932839, 0.33492425814484333, 0.25939702427564604, 0.3360332294911734, 0.25693630324345446, 0.3360332294911734, 0.25841158059467917, 0.824276282376841], "best_unary_tran": [{"name": "add_diff"}], "sim_u4_predicted_ops": [0.3074577210978653, 0.2512483574244415, 0.46092925026399156, 0.24858879722101607, 0.29728370221327965, 0.31497418244406195, 0.45879556259904913, 0.2459396751740139], "argmax_sim_u4_predicted_ops": 3}, "G : H  ::  H : ?": {"sim_u1_trans_u2": [0.5031969309462916, 0.3008115086683881, 0.49649904519414384, 0.3017718715393134, 0.5012771392081737, 0.3020121838656083, 0.4977702272244638, 0.3008115086683881, 0.9284309870232009], "best_unary_tran": [{"name": "add_diff"}], "sim_u4_predicted_ops": [0.34856396866840733, 0.33043922369765066, 0.5718475073313783, 0.32506945928617226, 0.4080863887493722, 0.4127367996775494, 0.636039603960396, 0.3403627161535217], "argmax_sim_u4_predicted_ops": 7}, "A : C  ::  G : ?": {"sim_u1_trans_u2": [0.3248023304203079, 0.22395232602845058, 0.3182194616977226, 0.22489419007310504, 0.3248023304203079, 0.22395232602845058, 0.316039685820587, 0.22489419007310504, 0.9683622828784119], "best_unary_tran": [{"name": "add_diff"}], "sim_u4_predicted_ops": [0.5773977433004231, 0.6477918270111783, 0.24210152644657437, 0.7515353570801895, 0.6682658137882018, 0.33976833976833976, 0.41354055019649877, 0.797199078177628], "argmax_sim_u4_predicted_ops": 8}, "D : F  ::  G : ?": {"sim_u1_trans_u2": [0.4715784337643328, 0.26245290916701547, 0.45384429983128466, 0.265897166841553, 0.4669260700389105, 0.26245290916701547, 0.45806139714769156, 0.265897166841553, 0.9817166074149314], "best_unary_tran": [{"name": "add_diff"}], "sim_u4_predicted_ops": [0.3755056179775281, 0.5105340519353259, 0.22489724016441573, 0.4586220953933958, 0.4768226822682268, 0.5802337938363443, 0.48309037900874635, 0.5148125129480008], "argmax_sim_u4_predicted_ops": 6}, "A : D  ::  F : ?": {"sim_u1_trans_u2": [0.39195486877606084, 0.24206609761435763, 0.3774271844660194, 0.24725274725274726, 0.38515987307786187, 0.24206609761435763, 0.38347147732813264, 0.24725274725274726, 0.9913151364764268], "best_unary_tran": [{"name": "add_diff"}], "sim_u4_predicted_ops": [0.5400088417329797, 0.6892315104794026, 0.2457795431976167, 0.546280193236715, 0.6453475460803908, 0.514554794520548, 0.4747700720855083, 0.5788658796206696], "argmax_sim_u4_predicted_ops": 2}, "D : G  ::  F : ?": {"sim_u1_trans_u2": [0.7767875647668394, 0.44059821878675853, 0.749234850030606, 0.44059821878675853, 0.7538870703764321, 0.4408403361344538, 0.7542459586658482, 0.4408403361344538, 0.9224710804824021], "best_unary_tran": [{"name": "add_diff"}], "sim_u4_predicted_ops": [0.477520113582584, 0.6229677419354839, 0.28785607196401797, 0.4681323114158935, 0.5794944483817623, 0.6489208633093525, 0.565975353171025, 0.49537409493161705], "argmax_sim_u4_predicted_ops": 6}, "B : E  ::  F : ?": {"sim_u1_trans_u2": [0.7094159218457701, 0.4425539379056306, 0.6773404038343871, 0.4410373225862975, 0.7002274136861691, 0.44053249255561394, 0.6811120196238757, 0.4440737489025461, 0.9077127659574468], "best_unary_tran": [{"name": "add_diff"}], "sim_u4_predicted_ops": [0.4953959484346225, 0.6409934771700954, 0.3577187220065691, 0.5319365337672904, 0.6089981447124304, 0.5928853754940712, 0.6314217443249701, 0.5633516371771405], "argmax_sim_u4_predicted_ops": 2}, "E : H  ::  F : ?": {"sim_u1_trans_u2": [0.482962962962963, 0.32808946171341924, 0.47453703703703703, 0.3318760691883672, 0.4813953488372093, 0.3283412322274882, 0.4757792754844145, 0.3318760691883672, 0.8973653165552498], "best_unary_tran": [{"name": "add_diff"}], "sim_u4_predicted_ops": [0.2098343413094925, 0.2680131004366812, 0.3461928934010152, 0.20375907731738574, 0.2544776119402985, 0.4646414342629482, 0.38901869158878505, 0.21298429319371728], "argmax_sim_u4_predicted_ops": 6}, "C : F  ::  F : ?": {"sim_u1_trans_u2": [0.39098055440628876, 0.2479584261321455, 0.39126836333540244, 0.2509767441860465, 0.39155629139072845, 0.24842183438544374, 0.39126836333540244, 0.25051143760461225, 0.9598781107160995], "best_unary_tran": [{"name": "add_diff"}], "sim_u4_predicted_ops": [0.16760828625235405, 0.19939824945295404, 0.2650793650793651, 0.15071719117961893, 0.18424962852897475, 0.3922077922077922, 0.27644787644787644, 0.1520516559050198], "argmax_sim_u4_predicted_ops": 6}, "A : G  ::  C : ?": {"sim_u1_trans_u2": [0.2912887576460662, 0.2322866344605475, 0.2855942881142377, 0.23253472921280452, 0.2899283607248209, 0.23129525341914722, 0.2877576777450568, 0.23327961321514906, 0.8566997518610422], "best_unary_tran": [{"name": "add_diff"}], "sim_u4_predicted_ops": [0.604561403508772, 0.6298989182479163, 0.2738053097345133, 0.7783406113537118, 0.702112551038523, 0.33060789193032347, 0.4421333333333333, 0.8208560859608949], "argmax_sim_u4_predicted_ops": 8}, "B : H  ::  C : ?": {"sim_u1_trans_u2": [0.551316761014029, 0.30605055946954, 0.5358187134502924, 0.30254184748915064, 0.5501721593703885, 0.3028110789582472, 0.5380673499267935, 0.3057799875699192, 0.8808493904836807], "best_unary_tran": [{"name": "add_diff"}], "sim_u4_predicted_ops": [0.49116299367226707, 0.5330956095386673, 0.4085928489042676, 0.5997153893067697, 0.5921225382932166, 0.48635449583453033, 0.6411997736276174, 0.6364192495921697], "argmax_sim_u4_predicted_ops": 7}, "F : G  ::  E : ?": {"sim_u1_trans_u2": [0.40878451837355945, 0.2210704862419902, 0.40511819561917156, 0.22015065913370999, 0.407254561251086, 0.21900282220131703, 0.4060329861111111, 0.22153092006033182, 0.9547993905535805], "best_unary_tran": [{"name": "add_diff"}], "sim_u4_predicted_ops": [0.6803960396039604, 0.6330398162327718, 0.3087087087087087, 0.8563072723727823, 0.7080543332695619, 0.3069117365498755, 0.4284071305347901, 0.8365913835642437], "argmax_sim_u4_predicted_ops": 4}, "G : B  ::  E : ?": {"sim_u1_trans_u2": [0.7652081109925294, 0.3955450556868039, 0.756211509874708, 0.39790398918187964, 0.7915944540727903, 0.3962518993753166, 0.7341161669113022, 0.39884979702300405, 0.9534574468085106], "best_unary_tran": [{"name": "add_diff"}], "sim_u4_predicted_ops": [0.6320515772507483, 0.6181941923774955, 0.3396767466110532, 0.7198814312936693, 0.6666666666666666, 0.3811704834605598, 0.49370836417468544, 0.6996509956887703], "argmax_sim_u4_predicted_ops": 4},