{"unary_analogies_data": {"A : B  ::  H : ?": {"sim_u1_trans_u2": [0.27626285203397405, 0.2768336314847943, 0.2751228226887003, 0.27569258266309205, 0.2751228226887003, 0.27569258266309205, 0.27797672336615936, 0.2768336314847943, 0.578110383536015], "best_unary_tran": [{"name": "add_diff"}], "sim_u4_predicted_ops": [0.26532349602724176, 0.36567656765676565, 0.5310936383130808, 0.5102739726027398, 0.33000934870676224, 0.3354632587859425, 0.20433058859408357, 0.30048335123523096], "argmax_sim_u4_predicted_ops": 3}, "B : C  ::  H : ?": {"sim_u1_trans_u2": [0.3587891296869625, 0.33536173089925625, 0.3578549329666552, 0.33626522327469555, 0.3578549329666552, 0.33626522327469555, 0.35832187070151306, 0.3358133243151843, 0.583986562150056], "best_unary_tran": [{"name": "add_diff"}], "sim_u4_predicted_ops": [0.3602150537634409, 0.3653516295025729, 0.5616956850870553, 0.552391383716685, 0.33528265107212474, 0.39217722395292487, 0.22487883683360257, 0.4873015873015873], "argmax_sim_u4_predicted_ops": 3}, "D : E  ::  H : ?": {"sim_u1_trans_u2": [0.2548810791622293, 0.25354609929078015, 0.2531017369727047, 0.25265768958185686, 0.2531017369727047, 0.25399077687123095, 0.25354609929078015, 0.25354609929078015, 0.5978351373855121], "best_unary_tran": [{"name": "add_diff"}], "sim_u4_predicted_ops": [0.36288848263254114, 0.36131147540983605, 0.5595065312046444, 0.5704650337238196, 0.3615262321144674, 0.3515952304221721, 0.20639269406392693, 0.4515839808726838], "argmax_sim_u4_predicted_ops": 4}, "E : F  ::  H : ?": {"sim_u1_trans_u2": [0.32172701949860727, 0.30536451169188444, 0.3226480836236934, 0.30446735395189, 0.3221873911529084, 0.30446735395189, 0.3212669683257919, 0.30536451169188444, 0.6320109439124487], "best_unary_tran": [{"name": "add_diff"}], "sim_u4_predicted_ops": [0.2577276524644946, 0.4675395526459356, 0.668235294117647, 0.6132897603485838, 0.41, 0.3694235588972431, 0.21940516821062897, 0.2835538752362949], "argmax_sim_u4_predicted_ops": 3}, "G : H  ::  H : ?": {"sim_u1_trans_u2": [0.26671565025716387, 0.2648569332355099, 0.2676470588235294, 0.26392961876832843, 0.26718118338846014, 0.26392961876832843, 0.2676470588235294, 0.2653211009174312, 0.43973349485160507], "best_unary_tran": [{"name": "add_diff"}], "sim_u4_predicted_ops": [0.1982484076433121, 0.31106777181862505, 0.5989847715736041, 0.601406165494862, 0.2686768676867687, 0.43585699263932703, 0.1938872970391595, 0.20099079971691436], "argmax_sim_u4_predicted_ops": 4}, "A : C  ::  G : ?": {"sim_u1_trans_u2": [0.25358666149670417, 0.25213013168086756, 0.25602175602175603, 0.24874468906913866, 0.2565099106101827, 0.25213013168086756, 0.25261526540100737, 0.24874468906913866, 0.6117867165575304], "best_unary_tran": [{"name": "add_diff"}], "sim_u4_predicted_ops": [0.5878123930160903, 0.39799222797927464, 0.2828398965219891, 0.3022133938706016, 0.4271501925545571, 0.23764906303236796, 0.270544783010157, 0.5485661424606846], "argmax_sim_u4_predicted_ops": 1}, "D : F  ::  G : ?": {"sim_u1_trans_u2": [0.34021137393054857, 0.33819095477386935, 0.34021137393054857, 0.3395372233400402, 0.34021137393054857, 0.3395372233400402, 0.34021137393054857, 0.3395372233400402, 0.5628642797668609], "best_unary_tran": [{"name": "add_diff"}], "sim_u4_predicted_ops": [0.679410593389088, 0.471854930109558, 0.3106355382619974, 0.33290693955868245, 0.49443207126948774, 0.23992443324937027, 0.2721345229924502, 0.5475950218634376], "argmax_sim_u4_predicted_ops": 1}, "A : D  ::  F : ?": {"sim_u1_trans_u2": [0.769290724863601, 0.6545189504373178, 0.7474980754426482, 0.6557257476294676, 0.7569659442724458, 0.6557257476294676, 0.7583268783888458, 0.6521106259097526, 0.9232927970065482], "best_unary_tran": [{"name": "add_diff"}], "sim_u4_predicted_ops": [0.3107100823852491, 0.8358662613981763, 0.4563017479300828, 0.4038379530916844, 0.7156862745098039, 0.2406807131280389, 0.44882292732855683, 0.5405293631100083], "argmax_sim_u4_predicted_ops": 2}, "D : G  ::  F : ?": {"sim_u1_trans_u2": [0.5679916317991632, 0.5050200803212851, 0.5565939771547248, 0.5027568922305764, 0.5565939771547248, 0.5042649272453588, 0.5630865484880083, 0.5027568922305764, 0.9042464612822648], "best_unary_tran": [{"name": "add_diff"}], "sim_u4_predicted_ops": [0.4593114241001565, 0.6909722222222222, 0.40070921985815605, 0.37453323375653474, 0.6293738489871087, 0.2508155128669808, 0.3939393939393939, 0.5786646201074443], "argmax_sim_u4_predicted_ops": 2}, "B : E  ::  F : ?": {"sim_u1_trans_u2": [0.6532905296950241, 0.5247964470762398, 0.6539542352468888, 0.5242323344432113, 0.6539542352468888, 0.5253609774157719, 0.6552832462836481, 0.5242323344432113, 0.9115341545352743], "best_unary_tran": [{"name": "add_diff"}], "sim_u4_predicted_ops": [0.4624322230828815, 0.6763706938379428, 0.3871340523882897, 0.3788383277839438, 0.6414835164835165, 0.23568904593639575, 0.39334470989761094, 0.5609756097560976], "argmax_sim_u4_predicted_ops": 2}, "E : H  ::  F : ?": {"sim_u1_trans_u2": [0.6075030254134732, 0.48417132216014896, 0.6075030254134732, 0.48417132216014896, 0.6075030254134732, 0.48417132216014896, 0.610751818916734, 0.48417132216014896, 0.9121744397334949], "best_unary_tran": [{"name": "add_diff"}], "sim_u4_predicted_ops": [0.2475288303130148, 0.7898215465961665, 0.4213147410358566, 0.3886300093196645, 0.6832740213523132, 0.24547101449275363, 0.4611368909512761, 0.46167023554603853], "argmax_sim_u4_predicted_ops": 2}, "C : F  ::  F : ?": {"sim_u1_trans_u2": [0.5669835782195333, 0.5002068680182044, 0.5410114747131322, 0.5008278145695364, 0.5522260273972602, 0.49958643507030603, 0.5495726495726496, 0.5033167495854063, 0.8974008207934336], "best_unary_tran": [{"name": "add_diff"}], "sim_u4_predicted_ops": [0.2519427402862986, 0.813368630046327, 0.443, 0.39444444444444443, 0.7022538552787663, 0.24921418949259094, 0.46272935779816515, 0.4760068551842331], "argmax_sim_u4_predicted_ops": 2}, "A : G  ::  C : ?": {"sim_u1_trans_u2": [0.5156002115282919, 0.4592668024439919, 0.5005235602094241, 0.4592668024439919, 0.5005235602094241, 0.4592668024439919, 0.5156002115282919, 0.4592668024439919, 0.912067352666043], "best_unary_tran": [{"name": "add_diff"}], "sim_u4_predicted_ops": [0.49682427664079043, 0.5, 0.3047802374077639, 0.33111111111111113, 0.5403041825095057, 0.23227611940298507, 0.298990602158023, 0.75893536121673], "argmax_sim_u4_predicted_ops": 8}, "B : H  ::  C : ?": {"sim_u1_trans_u2": [0.8518318965517241, 0.6444976076555023, 0.8458646616541353, 0.6452848252752513, 0.846856528747985, 0.6452848252752513, 0.8488434642280797, 0.6444976076555023, 0.9576014536644458], "best_unary_tran": [{"name": "add_diff"}], "sim_u4_predicted_ops": [0.4793291731669267, 0.536283185840708, 0.2981700753498385, 0.3267186392629341, 0.5525862068965517, 0.23558368495077356, 0.3147777332799359, 0.788865096359743], "argmax_sim_u4_predicted_ops": 8}, "F : G  ::  E : ?": {"sim_u1_trans_u2": [0.2710608424336973, 0.28055009823182714, 0.27254978524014056, 0.28055009823182714, 0.2700701480904131, 0.28055009823182714, 0.27254978524014056, 0.28055009823182714, 0.47537619699042405], "best_unary_tran": [{"name": "add_diff"}], "sim_u4_predicted_ops": [0.45376344086021503, 0.30002947244326555, 0.4549808429118774, 0.5091846600064454, 0.3324530516431925, 0.3264819779565088, 0.22129013595603125, 0.5208085612366231], "argmax_sim_u4_predicted_ops": 8}, "G : B  ::  E : ?": {"sim_u1_trans_u2": [0.28977681785457166, 0.2893127024109392, 0.2888489208633094, 0.2888489208633094, 0.28838547285149224, 0.28977681785457166, 0.28977681785457166, 0.2893127024109392, 0.4507278835386338], "best_unary_tran": [{"name": "add_diff"}], "sim_u4_predicted_ops": [0.3040089086859688, 0.27019498607242337, 0.46725274725274724, 0.520632133450395, 0.25690503216042376, 0.3402403646912557, 0.21333333333333335, 0.4134929270946681], "argmax_sim_u4_predicted_ops": 4},