{"unary_analogies_data": {"A : B  ::  H : ?": {"sim_u1_trans_u2": [0.27105666156202146, 0.14958448753462603, 0.23511904761904762, 0.14482758620689656, 0.2652439024390244, 0.15117891816920942, 0.23328380386329867, 0.14325068870523416, 0.46335078534031415], "best_unary_tran": [{"name": "add_diff"}], "sim_u4_predicted_ops": [0.37268847795163584, 0.48044692737430167, 0.29044585987261146, 0.213768115942029, 0.3958076448828607, 0.3427471116816431, 0.4624664879356568, 0.6077844311377245], "argmax_sim_u4_predicted_ops": 8}, "B : C  ::  H : ?": {"sim_u1_trans_u2": [0.5435992578849722, 0.3639344262295082, 0.38205980066445183, 0.37976782752902155, 0.5350553505535055, 0.3684210526315789, 0.38666666666666666, 0.36617405582922824, 0.7630208333333334], "best_unary_tran": [{"name": "add_diff"}], "sim_u4_predicted_ops": [0.6505376344086021, 0.5616740088105727, 0.39957716701902746, 0.22932330827067668, 0.38475177304964536, 0.34951456310679613, 0.5102040816326531, 0.5683297180043384], "argmax_sim_u4_predicted_ops": 1}, "D : E  ::  H : ?": {"sim_u1_trans_u2": [0.5023923444976076, 0.2526595744680851, 0.2493368700265252, 0.2493368700265252, 0.5023923444976076, 0.2526595744680851, 0.247682119205298, 0.247682119205298, 0.6907894736842105], "best_unary_tran": [{"name": "add_diff"}], "sim_u4_predicted_ops": [0.38923395445134573, 0.5078740157480315, 0.2931654676258993, 0.21746575342465754, 0.4423407917383821, 0.3722627737226277, 0.4517304189435337, 0.6774193548387096], "argmax_sim_u4_predicted_ops": 8}, "E : F  ::  H : ?": {"sim_u1_trans_u2": [0.7408163265306122, 0.2924242424242424, 0.27886056971514245, 0.2750373692077728, 0.7443762781186094, 0.28851963746223563, 0.27313432835820894, 0.27886056971514245, 0.9143576826196473], "best_unary_tran": [{"name": "add_diff"}], "sim_u4_predicted_ops": [0.4386317907444668, 0.5311909262759924, 0.33158813263525305, 0.20414673046251994, 0.42718446601941745, 0.37005163511187605, 0.47543859649122805, 0.7606837606837606], "argmax_sim_u4_predicted_ops": 8}, "G : H  ::  H : ?": {"sim_u1_trans_u2": [0.38688524590163936, 0.23865300146412885, 0.2422907488986784, 0.2422907488986784, 0.3778501628664495, 0.2404692082111437, 0.2404692082111437, 0.23865300146412885, 0.565947242206235], "best_unary_tran": [{"name": "add_diff"}], "sim_u4_predicted_ops": [0.4236453201970443, 0.5693311582381729, 0.3416422287390029, 0.2373806275579809, 0.46458923512747874, 0.39002932551319647, 0.5137195121951219, 0.7033158813263525], "argmax_sim_u4_predicted_ops": 8}, "A : C  ::  G : ?": {"sim_u1_trans_u2": [0.41589648798521256, 0.19314641744548286, 0.27454242928452577, 0.18944099378881987, 0.4132841328413284, 0.19129082426127528, 0.27454242928452577, 0.19129082426127528, 0.5890052356020943], "best_unary_tran": [{"name": "add_diff"}], "sim_u4_predicted_ops": [0.30600292825768666, 0.3862359550561798, 0.34285714285714286, 0.273224043715847, 0.521551724137931, 0.30254350736278446, 0.3627844712182062, 0.3693570451436389], "argmax_sim_u4_predicted_ops": 5}, "D : F  ::  G : ?": {"sim_u1_trans_u2": [0.494077834179357, 0.23842917251051893, 0.2723342939481268, 0.2419127988748242, 0.49155405405405406, 0.2454160789844852, 0.27050359712230215, 0.23842917251051893, 0.7355163727959698], "best_unary_tran": [{"name": "add_diff"}], "sim_u4_predicted_ops": [0.45498783454987834, 0.44676409185803756, 0.31568228105906315, 0.32916666666666666, 0.3709677419354839, 0.2958015267175573, 0.4393638170974155, 0.4111776447105788], "argmax_sim_u4_predicted_ops": 1}, "A : D  ::  F : ?": {"sim_u1_trans_u2": [0.2859259259259259, 0.14966887417218544, 0.18904109589041096, 0.14814814814814814, 0.2878338278931751, 0.14814814814814814, 0.18904109589041096, 0.14966887417218544, 0.5052356020942408], "best_unary_tran": [{"name": "add_diff"}], "sim_u4_predicted_ops": [0.4635658914728682, 0.5886850152905199, 0.34599728629579374, 0.2713178294573643, 0.4225352112676056, 0.4375876577840112, 0.5620437956204379, 0.4584487534626039], "argmax_sim_u4_predicted_ops": 2}, "D : G  ::  F : ?": {"sim_u1_trans_u2": [0.7037735849056603, 0.4175824175824176, 0.4242902208201893, 0.4242902208201893, 0.6358695652173914, 0.4517684887459807, 0.43789808917197454, 0.4153605015673981, 0.894484412470024], "best_unary_tran": [{"name": "add_diff"}], "sim_u4_predicted_ops": [0.7388888888888889, 0.6202247191011236, 0.4557235421166307, 0.2637571157495256, 0.4010600706713781, 0.39723320158102765, 0.6, 0.5473684210526316], "argmax_sim_u4_predicted_ops": 1}, "B : E  ::  F : ?": {"sim_u1_trans_u2": [0.3972179289026275, 0.18635170603674542, 0.2538141470180305, 0.18791064388961892, 0.3972179289026275, 0.18947368421052632, 0.2538141470180305, 0.18324607329842932, 0.5736607142857143], "best_unary_tran": [{"name": "add_diff"}], "sim_u4_predicted_ops": [0.4973544973544973, 0.697841726618705, 0.38854489164086686, 0.24162011173184358, 0.3879781420765027, 0.5448504983388704, 0.652542372881356, 0.5110410094637224], "argmax_sim_u4_predicted_ops": 2}, "E : H  ::  F : ?": {"sim_u1_trans_u2": [0.6238532110091743, 0.28820960698689957, 0.29008746355685133, 0.291970802919708, 0.5747330960854092, 0.2863372093023256, 0.3169642857142857, 0.29385964912280704, 0.7925407925407926], "best_unary_tran": [{"name": "add_diff"}], "sim_u4_predicted_ops": [0.5666666666666667, 0.6883408071748879, 0.3603082851637765, 0.2310405643738977, 0.375, 0.4518664047151277, 0.6299376299376299, 0.604602510460251], "argmax_sim_u4_predicted_ops": 2}, "C : F  ::  F : ?": {"sim_u1_trans_u2": [0.39464285714285713, 0.2203125, 0.2203125, 0.2203125, 0.39713774597495527, 0.21840873634945399, 0.21840873634945399, 0.2222222222222222, 0.5755208333333334], "best_unary_tran": [{"name": "add_diff"}], "sim_u4_predicted_ops": [0.5223880597014925, 0.7723735408560312, 0.40032414910858993, 0.23878437047756873, 0.4371345029239766, 0.5681818181818182, 0.6972972972972973, 0.5677966101694916], "argmax_sim_u4_predicted_ops": 2}, "A : G  ::  C : ?": {"sim_u1_trans_u2": [0.33612040133779264, 0.1819526627218935, 0.17673048600883653, 0.18020679468242246, 0.33835845896147404, 0.18020679468242246, 0.17673048600883653, 0.1819526627218935, 0.5261780104712042], "best_unary_tran": [{"name": "add_diff"}], "sim_u4_predicted_ops": [0.41809672386895474, 0.33688415446071907, 0.5637254901960784, 0.3694083694083694, 0.32839506172839505, 0.438953488372093, 0.35117493472584854, 0.28535353535353536], "argmax_sim_u4_predicted_ops": 3}, "B : H  ::  C : ?": {"sim_u1_trans_u2": [0.5974499089253188, 0.18995929443690637, 0.26187050359712233, 0.18513513513513513, 0.5577264653641207, 0.18834688346883469, 0.2878120411160059, 0.18673883626522328, 0.7645687645687645], "best_unary_tran": [{"name": "add_diff"}], "sim_u4_predicted_ops": [0.6413043478260869, 0.4178498985801217, 0.5710843373493976, 0.35294117647058826, 0.27860696517412936, 0.4451476793248945, 0.45708582834331335, 0.3606870229007634], "argmax_sim_u4_predicted_ops": 1}, "F : G  ::  E : ?": {"sim_u1_trans_u2": [0.37966101694915255, 0.24655436447166923, 0.2389649923896499, 0.24274809160305344, 0.377326565143824, 0.24655436447166923, 0.24085365853658536, 0.24085365853658536, 0.5642317380352645], "best_unary_tran": [{"name": "add_diff"}], "sim_u4_predicted_ops": [0.5, 0.6018808777429467, 0.3751763046544429, 0.25421530479896237, 0.4904632152588556, 0.4177215189873418, 0.6902086677367576, 0.4715909090909091], "argmax_sim_u4_predicted_ops": 7}, "G : B  ::  E : ?": {"sim_u1_trans_u2": [0.2536231884057971, 0.14116094986807387, 0.21830985915492956, 0.14721485411140584, 0.25180897250361794, 0.1502659574468085, 0.22869318181818182, 0.14417989417989419, 0.4196642685851319], "best_unary_tran": [{"name": "add_diff"}], "sim_u4_predicted_ops": [0.45982142857142855, 0.5616835994194485, 0.37566844919786097, 0.26049382716049385, 0.37815126050420167, 0.417890520694259, 0.6207906295754027, 0.45139813581890814], "argmax_sim_u4_predicted_ops": 7},