{"unary_analogies_data": {"A : B  ::  H : ?": {"sim_u1_trans_u2": [0.4120667522464698, 0.40395660497766434, 0.4138817480719794, 0.41661300708306503, 0.4075495841330774, 0.41025641025641024, 0.42118863049095606, 0.41025641025641024, 0.9712556732223904], "best_unary_tran": [{"name": "add_diff"}], "sim_u4_predicted_ops": [0.14862914862914864, 0.22057898049087477, 0.44957386363636365, 0.7583333333333333, 0.3037884203002144, 0.5295950155763239, 0.2762596071733561, 0.41070317361543246], "argmax_sim_u4_predicted_ops": 4}, "B : C  ::  H : ?": {"sim_u1_trans_u2": [0.3137254901960784, 0.3117469879518072, 0.3157099697885196, 0.3177004538577912, 0.3177004538577912, 0.3137254901960784, 0.3117469879518072, 0.3157099697885196, 0.9904761904761905], "best_unary_tran": [{"name": "add_diff"}], "sim_u4_predicted_ops": [0.16201117318435754, 0.20780897063568893, 0.24104234527687296, 0.6864153201675643, 0.12533333333333332, 0.744920993227991, 0.2713903743315508, 0.5926756352765321], "argmax_sim_u4_predicted_ops": 6}, "D : E  ::  H : ?": {"sim_u1_trans_u2": [0.3164179104477612, 0.3164179104477612, 0.3086053412462908, 0.30666666666666664, 0.3086053412462908, 0.3086053412462908, 0.3183856502242152, 0.31054977711738485, 0.9906542056074766], "best_unary_tran": [{"name": "add_diff"}], "sim_u4_predicted_ops": [0.14060356652949246, 0.23321885732126132, 0.36082474226804123, 0.7941874258600238, 0.22892347600518806, 0.6466753585397653, 0.2765957446808511, 0.5132686084142395], "argmax_sim_u4_predicted_ops": 4}, "E : F  ::  H : ?": {"sim_u1_trans_u2": [0.13285806869734285, 0.13285806869734285, 0.13654096228868662, 0.1313915857605178, 0.13506493506493505, 0.13432835820895522, 0.13359273670557717, 0.13065976714100905, 0.9579439252336449], "best_unary_tran": [{"name": "add_diff"}], "sim_u4_predicted_ops": [0.1249241964827168, 0.2404911650194669, 0.38795180722891565, 0.8456683878370626, 0.2579867389993972, 0.578397212543554, 0.2966507177033493, 0.5158777711204314], "argmax_sim_u4_predicted_ops": 4}, "G : H  ::  H : ?": {"sim_u1_trans_u2": [0.13612565445026178, 0.13315926892950392, 0.13020833333333334, 0.1316818774445893, 0.1338994121489223, 0.1353826030085023, 0.1324200913242009, 0.13020833333333334, 0.9904761904761905], "best_unary_tran": [{"name": "add_diff"}], "sim_u4_predicted_ops": [0.07847619047619048, 0.30694586312563843, 0.24336618650492797, 0.5297336738416636, 0.16730182926829268, 0.3788727136991415, 0.27157894736842103, 0.3033457249070632], "argmax_sim_u4_predicted_ops": 4}, "A : C  ::  G : ?": {"sim_u1_trans_u2": [0.13424124513618677, 0.1357142857142857, 0.1364522417153996, 0.13497728747566515, 0.1357142857142857, 0.1364522417153996, 0.13497728747566515, 0.13424124513618677, 0.9857142857142858], "best_unary_tran": [{"name": "add_diff"}], "sim_u4_predicted_ops": [0.918552036199095, 0.057332293291731666, 0.3108108108108108, 0.13181242078580482, 0.11564625850340136, 0.18617511520737326, 0.10833840535605599, 0.06699029126213592], "argmax_sim_u4_predicted_ops": 1}, "D : F  ::  G : ?": {"sim_u1_trans_u2": [0.3919089759797724, 0.3849056603773585, 0.4142581888246628, 0.39455351488283724, 0.4142581888246628, 0.3849056603773585, 0.3927893738140417, 0.3919089759797724, 0.9281437125748503], "best_unary_tran": [{"name": "add_diff"}], "sim_u4_predicted_ops": [0.18077601410934743, 0.20385126162018594, 0.14910025706940874, 0.6339987900786449, 0.12535816618911175, 0.7946210268948656, 0.2743362831858407, 0.7213675213675214], "argmax_sim_u4_predicted_ops": 6}, "A : D  ::  F : ?": {"sim_u1_trans_u2": [0.39418825015792797, 0.38892385147891756, 0.38892385147891756, 0.3968354430379747, 0.3854362837413685, 0.3906742281033396, 0.4048376830044558, 0.3906742281033396, 0.9341317365269461], "best_unary_tran": [{"name": "add_diff"}], "sim_u4_predicted_ops": [0.13948646773074255, 0.2201863354037267, 0.38752488387524886, 0.8140096618357487, 0.24435590969455512, 0.5754716981132075, 0.29319148936170214, 0.5074821080026025], "argmax_sim_u4_predicted_ops": 4}, "D : G  ::  F : ?": {"sim_u1_trans_u2": [0.3143712574850299, 0.30654761904761907, 0.30460624071322434, 0.312406576980568, 0.30654761904761907, 0.3143712574850299, 0.30849478390462, 0.30460624071322434, 1.0], "best_unary_tran": [{"name": "add_diff"}], "sim_u4_predicted_ops": [0.09536784741144415, 0.2198559348575008, 0.32538659793814434, 0.7902350813743219, 0.24408384043272482, 0.5599747474747475, 0.27438507209499574, 0.5572987721691678], "argmax_sim_u4_predicted_ops": 4}, "B : E  ::  F : ?": {"sim_u1_trans_u2": [0.30792227204783257, 0.3138138138138138, 0.30988023952095806, 0.30597014925373134, 0.30597014925373134, 0.30792227204783257, 0.3138138138138138, 0.30988023952095806, 0.9626168224299065], "best_unary_tran": [{"name": "add_diff"}], "sim_u4_predicted_ops": [0.13464140730717186, 0.23067370381868985, 0.34301958307012004, 0.8318264014466547, 0.21747448979591838, 0.6230031948881789, 0.28565453785027184, 0.5596816976127321], "argmax_sim_u4_predicted_ops": 4}, "E : H  ::  F : ?": {"sim_u1_trans_u2": [0.1350293542074364, 0.13133940182054615, 0.13355048859934854, 0.1365120836054866, 0.1320754716981132, 0.13355048859934854, 0.1379986919555265, 0.1328125, 0.9672897196261683], "best_unary_tran": [{"name": "add_diff"}], "sim_u4_predicted_ops": [0.07787345563459379, 0.30751708428246016, 0.22895125553914328, 0.5288392213410238, 0.16212177810982442, 0.35924446058844894, 0.26771420100800475, 0.3153219837157661], "argmax_sim_u4_predicted_ops": 4}, "C : F  ::  F : ?": {"sim_u1_trans_u2": [0.13246753246753246, 0.13246753246753246, 0.13026571613739468, 0.13246753246753246, 0.1309987029831388, 0.1317326411421155, 0.1309987029831388, 0.13246753246753246, 0.9714285714285714], "best_unary_tran": [{"name": "add_diff"}], "sim_u4_predicted_ops": [0.10242179616548941, 0.26506364922206505, 0.3189784677015523, 0.7646766169154229, 0.2225594334850784, 0.5278195488721804, 0.30254545454545456, 0.44590495449949447], "argmax_sim_u4_predicted_ops": 4}, "A : G  ::  C : ?": {"sim_u1_trans_u2": [0.1327720207253886, 0.1313065976714101, 0.13203883495145632, 0.13497728747566515, 0.1313065976714101, 0.13203883495145632, 0.13497728747566515, 0.1327720207253886, 0.9761904761904762], "best_unary_tran": [{"name": "add_diff"}], "sim_u4_predicted_ops": [0.6484018264840182, 0.04705417160933175, 0.21076233183856502, 0.08912768647281921, 0.11466165413533834, 0.13543599257884972, 0.07720588235294118, 0.06694129763130793], "argmax_sim_u4_predicted_ops": 1}, "B : H  ::  C : ?": {"sim_u1_trans_u2": [0.4055269922879177, 0.3938814531548757, 0.38857142857142857, 0.3983375959079284, 0.397444089456869, 0.4046242774566474, 0.39655172413793105, 0.38945362134688694, 0.9546142208774584], "best_unary_tran": [{"name": "add_diff"}], "sim_u4_predicted_ops": [0.18385650224215247, 0.19635157545605306, 0.13324791800128122, 0.4966517857142857, 0.1262699564586357, 0.6575550493545937, 0.239507299270073, 0.6597337770382695], "argmax_sim_u4_predicted_ops": 8}, "F : G  ::  E : ?": {"sim_u1_trans_u2": [0.1309987029831388, 0.13541666666666666, 0.13246753246753246, 0.1309987029831388, 0.13394018205461639, 0.1317326411421155, 0.13026571613739468, 0.1346779440468445, 0.9619047619047619], "best_unary_tran": [{"name": "add_diff"}], "sim_u4_predicted_ops": [0.9493087557603687, 0.05776736924277908, 0.30930930930930933, 0.1304623179227359, 0.11394557823129252, 0.18525345622119815, 0.10638297872340426, 0.06705539358600583], "argmax_sim_u4_predicted_ops": 1}, "G : B  ::  E : ?": {"sim_u1_trans_u2": [0.3117469879518072, 0.3058470764617691, 0.30389221556886226, 0.3078078078078078, 0.3058470764617691, 0.3117469879518072, 0.3078078078078078, 0.30389221556886226, 0.9857142857142858], "best_unary_tran": [{"name": "add_diff"}], "sim_u4_predicted_ops": [0.3183183183183183, 0.13889888449082405, 0.6242350061199511, 0.30384167636786963, 0.6133720930232558, 0.14014407334643092, 0.24794295117937465, 0.0769764216366158], "argmax_sim_u4_predicted_ops": 3},