{"unary_analogies_data": {"A : B  ::  C : ?": {"sim_u1_trans_u2": [0.7786705624543463, 0.6163292399601726, 0.5649100257069408, 0.5295226130653267, 0.6314907872696818, 0.5445607358071678, 0.5007704160246533, 0.4934069303894511, 0.9201553733275788], "best_unary_tran": [{"name": "add_diff"}], "sim_u4_predicted_ops": [0.16261755485893417, 0.19996705649810576, 0.12383102225088681, 0.24124087591240875, 0.10756013745704468, 0.6322434444804144], "argmax_sim_u4_predicted_ops": 6}, "A : C  ::  B : ?": {"sim_u1_trans_u2": [0.7180534918276374, 0.6233766233766234, 0.708533431843369, 0.6059027777777778, 0.6308180535966149, 0.5688602442333786, 0.6325450052947406, 0.5731292517006803, 0.837521663778163], "best_unary_tran": [{"name": "add_diff"}], "sim_u4_predicted_ops": [0.14720240330454376, 0.20355860267711395, 0.11031696706028589, 0.22249474421864052, 0.10440293529019347, 0.6259904912836767], "argmax_sim_u4_predicted_ops": 6}}, "binary_analogies_data": {}}