{"unary_analogies_data": {"A : B  ::  H : ?": {"sim_u1_trans_u2": [0.7389340560072267, 0.600166251039069, 0.7389340560072267, 0.5988372093023255, 0.7389340560072267, 0.600166251039069, 0.7389340560072267, 0.600166251039069, 0.8702127659574468], "best_unary_tran": [{"name": "add_diff"}], "sim_u4_predicted_ops": [0.30271622587562547, 0.905500184569952, 0.3347107438016529, 0.2784641068447412, 0.8482532751091703, 0.8449640287769784, 0.8408354339214981, 0.31313131313131315], "argmax_sim_u4_predicted_ops": 2}, "B : C  ::  H : ?": {"sim_u1_trans_u2": [0.6636446056210336, 0.5577249575551783, 0.6757990867579908, 0.556403731976251, 0.6727438468550593, 0.5590484282073067, 0.6681818181818182, 0.5577249575551783, 0.8611764705882353], "best_unary_tran": [{"name": "add_diff"}], "sim_u4_predicted_ops": [0.253419452887538, 0.8856695379796398, 0.29304029304029305, 0.2976900149031297, 0.8245952197378565, 0.7545854732208364, 0.8232593726090283, 0.33802266510355605], "argmax_sim_u4_predicted_ops": 2}, "D : E  ::  H : ?": {"sim_u1_trans_u2": [0.665954415954416, 0.5428759894459103, 0.6888086642599278, 0.5398288347597103, 0.665954415954416, 0.5378040762656148, 0.6888086642599278, 0.5418589321028345, 0.8378136200716846], "best_unary_tran": [{"name": "add_diff"}], "sim_u4_predicted_ops": [0.24449506454062261, 0.8811298548450373, 0.28534798534798533, 0.28651059085841696, 0.8249419054996127, 0.7571955719557195, 0.8207981580966999, 0.3200155159038014], "argmax_sim_u4_predicted_ops": 2}, "E : F  ::  H : ?": {"sim_u1_trans_u2": [0.8261904761904761, 0.6746724890829694, 0.8261904761904761, 0.6746724890829694, 0.8261904761904761, 0.6734545454545454, 0.8261904761904761, 0.6746724890829694, 0.9327956989247311], "best_unary_tran": [{"name": "add_diff"}], "sim_u4_predicted_ops": [0.2490189083125223, 0.9555728760717069, 0.28600964851826327, 0.2871114215857492, 0.8864678899082569, 0.8127272727272727, 0.8796821793416572, 0.33308823529411763], "argmax_sim_u4_predicted_ops": 2}, "G : H  ::  H : ?": {"sim_u1_trans_u2": [0.8580083301779629, 0.853796751038912, 0.8757645259938838, 0.8516981132075472, 0.8580083301779629, 0.8544973544973545, 0.8764818355640536, 0.8523971309928274, 0.9533024821203198], "best_unary_tran": [{"name": "add_diff"}], "sim_u4_predicted_ops": [0.24509116409537166, 0.9402756508422665, 0.28116531165311653, 0.2817433081674674, 0.8691413573303337, 0.7982142857142858, 0.8626577579806979, 0.32516222062004324], "argmax_sim_u4_predicted_ops": 2}, "A : C  ::  G : ?": {"sim_u1_trans_u2": [0.7722772277227723, 0.6437098255280074, 0.7740336967294351, 0.6437098255280074, 0.7740336967294351, 0.6437098255280074, 0.7722772277227723, 0.6437098255280074, 0.9176470588235294], "best_unary_tran": [{"name": "add_diff"}], "sim_u4_predicted_ops": [0.22401227464518603, 0.7990064959877723, 0.2622648469199557, 0.30057803468208094, 0.8559390048154093, 0.7346938775510204, 0.7819433817903596, 0.2685539403213466], "argmax_sim_u4_predicted_ops": 5}, "D : F  ::  G : ?": {"sim_u1_trans_u2": [0.7138790035587189, 0.5894389438943894, 0.7150997150997151, 0.5894389438943894, 0.7138790035587189, 0.5894389438943894, 0.7150997150997151, 0.5894389438943894, 0.8464135021097047], "best_unary_tran": [{"name": "add_diff"}], "sim_u4_predicted_ops": [0.2235475182762601, 0.7954892966360856, 0.24671052631578946, 0.29384615384615387, 0.8500400962309543, 0.728047424972212, 0.777055449330784, 0.2523683213338386], "argmax_sim_u4_predicted_ops": 5}, "A : D  ::  F : ?": {"sim_u1_trans_u2": [0.5527638190954773, 0.4654471544715447, 0.5527638190954773, 0.46743554952510175, 0.5527638190954773, 0.46743554952510175, 0.5527638190954773, 0.46644067796610167, 0.8191489361702128], "best_unary_tran": [{"name": "add_diff"}], "sim_u4_predicted_ops": [0.46924428822495606, 0.3681169272603671, 0.6187943262411347, 0.6177884615384616, 0.3353658536585366, 0.3271276595744681, 0.3754325259515571, 0.6323620582765034], "argmax_sim_u4_predicted_ops": 8}, "D : G  ::  F : ?": {"sim_u1_trans_u2": [0.29449838187702265, 0.2926391382405745, 0.2968299711815562, 0.29776496034607064, 0.2958963282937365, 0.29636298163485775, 0.2949640287769784, 0.29403306973400434, 0.669664758789861], "best_unary_tran": [{"name": "add_diff"}], "sim_u4_predicted_ops": [0.30516252390057363, 0.633532140490391, 0.39884836852207295, 0.39526764934057407, 0.6347386172006745, 0.6082101806239737, 0.6542372881355932, 0.43007275666936134], "argmax_sim_u4_predicted_ops": 7}, "B : E  ::  F : ?": {"sim_u1_trans_u2": [0.551698670605613, 0.46207376478775225, 0.5448529411764705, 0.4610570236439499, 0.5505535055350553, 0.45700416088765605, 0.5448529411764705, 0.46309192200557103, 0.7583756345177665], "best_unary_tran": [{"name": "add_diff"}], "sim_u4_predicted_ops": [0.48769716088328074, 0.3558432470258922, 0.6469465648854962, 0.6745718050065876, 0.32633788037775446, 0.30104977988486287, 0.3763943864699532, 0.6948805460750853], "argmax_sim_u4_predicted_ops": 8}, "E : H  ::  F : ?": {"sim_u1_trans_u2": [0.3195801664857039, 0.3195801664857039, 0.3195801664857039, 0.3195801664857039, 0.3195801664857039, 0.3195801664857039, 0.3195801664857039, 0.3195801664857039, 0.7912186379928315], "best_unary_tran": [{"name": "add_diff"}], "sim_u4_predicted_ops": [0.2968865826538176, 0.706702960190541, 0.38713276310896244, 0.37888431299138897, 0.6575940860215054, 0.6348425196850394, 0.672053872053872, 0.41728588189284316], "argmax_sim_u4_predicted_ops": 2}, "C : F  ::  F : ?": {"sim_u1_trans_u2": [0.6241021548284118, 0.5370090634441088, 0.6215139442231076, 0.5370090634441088, 0.6215139442231076, 0.5370090634441088, 0.6253993610223643, 0.5370090634441088, 0.92], "best_unary_tran": [{"name": "add_diff"}], "sim_u4_predicted_ops": [0.5444287729196051, 0.34898107714701604, 0.7219061166429588, 0.7507374631268436, 0.3064167267483778, 0.2877672625306695, 0.36201117318435755, 0.7945736434108527], "argmax_sim_u4_predicted_ops": 8}, "A : G  ::  C : ?": {"sim_u1_trans_u2": [0.23262727610553696, 0.23262727610553696, 0.23262727610553696, 0.23262727610553696, 0.23262727610553696, 0.23262727610553696, 0.23262727610553696, 0.23262727610553696, 0.6659574468085107], "best_unary_tran": [{"name": "add_diff"}], "sim_u4_predicted_ops": [0.27911416571210385, 0.6277591973244148, 0.2904504504504504, 0.32807215332581735, 0.6473829201101928, 0.6075823079481211, 0.6246205733558179, 0.2951919493104734], "argmax_sim_u4_predicted_ops": 5}, "B : H  ::  C : ?": {"sim_u1_trans_u2": [0.23854827343199436, 0.23942172073342735, 0.23985890652557318, 0.23854827343199436, 0.23985890652557318, 0.23942172073342735, 0.23854827343199436, 0.23854827343199436, 0.6873096446700507], "best_unary_tran": [{"name": "add_diff"}], "sim_u4_predicted_ops": [0.2862580890749905, 0.725766654917166, 0.3060781476121563, 0.34300791556728233, 0.7025114962858153, 0.6434606285907402, 0.6785590578455144, 0.3153153153153153], "argmax_sim_u4_predicted_ops": 2}, "F : G  ::  E : ?": {"sim_u1_trans_u2": [0.2981049562682216, 0.2985781990521327, 0.2985781990521327, 0.2985781990521327, 0.2985781990521327, 0.2985781990521327, 0.2981049562682216, 0.2985781990521327, 0.6902953586497891], "best_unary_tran": [{"name": "add_diff"}], "sim_u4_predicted_ops": [0.27329881656804733, 0.6305062458908612, 0.36124490552056315, 0.40690457719162143, 0.6605379639087504, 0.6207236842105263, 0.641042780748663, 0.3623520427644139], "argmax_sim_u4_predicted_ops": 5}, "G : B  ::  E : ?": {"sim_u1_trans_u2": [0.21196827685652486, 0.21459537572254336, 0.21415673528349585, 0.21196827685652486, 0.21328040418621436, 0.21459537572254336, 0.2124053371799495, 0.21153153153153154, 0.5969543147208122], "best_unary_tran": [{"name": "add_diff"}], "sim_u4_predicted_ops": [0.3609022556390977, 0.22079937912301126, 0.4263803680981595, 0.5683391003460208, 0.23358840112766815, 0.20472136222910217, 0.2519207440355843, 0.4568106312292359], "argmax_sim_u4_predicted_ops": 4},