{"unary_analogies_data": {"A : B  ::  H : ?": {"sim_u1_trans_u2": [0.4236760124610592, 0.32848837209302323, 0.4236760124610592, 0.32463768115942027, 0.4236760124610592, 0.32463768115942027, 0.4236760124610592, 0.32848837209302323, 0.8095238095238095], "best_unary_tran": [{"name": "add_diff"}], "sim_u4_predicted_ops": [0.18308351177730192, 0.43498049414824447, 0.39829706717123936, 0.2772317772317772, 0.41170097508125675, 0.6353187042842215, 0.2694300518134715, 0.33902877697841727], "argmax_sim_u4_predicted_ops": 6}, "B : C  ::  H : ?": {"sim_u1_trans_u2": [0.3474320241691843, 0.4003139717425432, 0.3474320241691843, 0.4003139717425432, 0.3474320241691843, 0.4003139717425432, 0.3474320241691843, 0.4003139717425432, 0.7958477508650519], "best_unary_tran": [{"name": "add_diff"}], "sim_u4_predicted_ops": [0.15555555555555556, 0.42857142857142855, 0.4408888888888889, 0.27471668620554907, 0.35647279549718575, 0.5655362053162236, 0.2225201072386059, 0.4105445116681072], "argmax_sim_u4_predicted_ops": 6}, "D : E  ::  H : ?": {"sim_u1_trans_u2": [0.35267857142857145, 0.41368584758942456, 0.35267857142857145, 0.41368584758942456, 0.35267857142857145, 0.41368584758942456, 0.35267857142857145, 0.41368584758942456, 0.7796052631578947], "best_unary_tran": [{"name": "add_diff"}], "sim_u4_predicted_ops": [0.15478424015009382, 0.41996348143639683, 0.48107109879963067, 0.26956181533646323, 0.3622497616777884, 0.5803738317757009, 0.21711711711711712, 0.4191564147627416], "argmax_sim_u4_predicted_ops": 6}, "E : F  ::  H : ?": {"sim_u1_trans_u2": [0.4594059405940594, 0.5614406779661016, 0.4594059405940594, 0.5614406779661016, 0.4594059405940594, 0.5614406779661016, 0.4594059405940594, 0.5614406779661016, 0.7669421487603306], "best_unary_tran": [{"name": "add_diff"}], "sim_u4_predicted_ops": [0.18423973362930077, 0.4402390438247012, 0.415929203539823, 0.27577639751552796, 0.4293785310734463, 0.6597826086956522, 0.2521097046413502, 0.35480859010270777], "argmax_sim_u4_predicted_ops": 6}, "G : H  ::  H : ?": {"sim_u1_trans_u2": [0.449, 0.556390977443609, 0.449, 0.556390977443609, 0.449, 0.556390977443609, 0.449, 0.556390977443609, 0.7623089983022071], "best_unary_tran": [{"name": "add_diff"}], "sim_u4_predicted_ops": [0.1588065447545717, 0.4305210918114144, 0.3677363399826539, 0.2790143084260731, 0.37181996086105673, 0.5817490494296578, 0.22027649769585253, 0.358426005132592], "argmax_sim_u4_predicted_ops": 6}, "A : C  ::  G : ?": {"sim_u1_trans_u2": [0.22770700636942676, 0.22575516693163752, 0.22770700636942676, 0.22575516693163752, 0.22770700636942676, 0.22575516693163752, 0.22770700636942676, 0.22575516693163752, 0.8511904761904762], "best_unary_tran": [{"name": "add_diff"}], "sim_u4_predicted_ops": [0.18778280542986425, 0.35687263556116017, 0.6318807339449541, 0.22609043617446978, 0.43283582089552236, 0.5054835493519442, 0.28289473684210525, 0.4198019801980198], "argmax_sim_u4_predicted_ops": 3}, "D : F  ::  G : ?": {"sim_u1_trans_u2": [0.2532051282051282, 0.26264800861141013, 0.2572347266881029, 0.25858369098712447, 0.2532051282051282, 0.26264800861141013, 0.2572347266881029, 0.2572347266881029, 0.7796052631578947], "best_unary_tran": [{"name": "add_diff"}], "sim_u4_predicted_ops": [0.16061185468451242, 0.4340557275541796, 0.5157593123209169, 0.27892234548335976, 0.3642512077294686, 0.5586592178770949, 0.21715328467153286, 0.42424242424242425], "argmax_sim_u4_predicted_ops": 6}, "A : D  ::  F : ?": {"sim_u1_trans_u2": [0.4259818731117825, 0.3147632311977716, 0.4259818731117825, 0.3111111111111111, 0.4259818731117825, 0.3111111111111111, 0.4259818731117825, 0.3147632311977716, 0.8392857142857143], "best_unary_tran": [{"name": "add_diff"}], "sim_u4_predicted_ops": [0.18095238095238095, 0.44025974025974024, 0.4007525870178739, 0.28173628173628174, 0.4068522483940043, 0.6247422680412371, 0.2676923076923077, 0.34408602150537637], "argmax_sim_u4_predicted_ops": 6}, "D : G  ::  F : ?": {"sim_u1_trans_u2": [0.3550834597875569, 0.41971383147853736, 0.3550834597875569, 0.42197452229299365, 0.353030303030303, 0.42197452229299365, 0.3550834597875569, 0.41971383147853736, 0.7697368421052632], "best_unary_tran": [{"name": "add_diff"}], "sim_u4_predicted_ops": [0.15478424015009382, 0.4251679902260232, 0.4742647058823529, 0.2725490196078431, 0.3622497616777884, 0.5803738317757009, 0.21711711711711712, 0.4117132867132867], "argmax_sim_u4_predicted_ops": 6}, "B : E  ::  F : ?": {"sim_u1_trans_u2": [0.3463855421686747, 0.39906103286384975, 0.3463855421686747, 0.39906103286384975, 0.3463855421686747, 0.39906103286384975, 0.3463855421686747, 0.39906103286384975, 0.7958477508650519], "best_unary_tran": [{"name": "add_diff"}], "sim_u4_predicted_ops": [0.15192135835567472, 0.4274626865671642, 0.4072819644369179, 0.2787456445993031, 0.34327009936766034, 0.5450530035335689, 0.21570319240724764, 0.40117252931323283], "argmax_sim_u4_predicted_ops": 6}, "E : H  ::  F : ?": {"sim_u1_trans_u2": [0.4577114427860697, 0.5668449197860963, 0.4577114427860697, 0.5668449197860963, 0.4577114427860697, 0.5668449197860963, 0.4577114427860697, 0.5668449197860963, 0.7603305785123967], "best_unary_tran": [{"name": "add_diff"}], "sim_u4_predicted_ops": [0.18342541436464088, 0.4390728476821192, 0.41846758349705304, 0.2774327122153209, 0.42744656917885265, 0.6587215601300108, 0.2510504201680672, 0.3585434173669468], "argmax_sim_u4_predicted_ops": 6}, "C : F  ::  F : ?": {"sim_u1_trans_u2": [0.4559841740850643, 0.5642933049946866, 0.4559841740850643, 0.5642933049946866, 0.4559841740850643, 0.5642933049946866, 0.4559841740850643, 0.5642933049946866, 0.7645107794361525], "best_unary_tran": [{"name": "add_diff"}], "sim_u4_predicted_ops": [0.1608863198458574, 0.4364881693648817, 0.3697916666666667, 0.2840047865975269, 0.37145650048875856, 0.5811965811965812, 0.22912801484230055, 0.34889643463497455], "argmax_sim_u4_predicted_ops": 6}, "A : G  ::  C : ?": {"sim_u1_trans_u2": [0.23289902280130292, 0.2288961038961039, 0.23089430894308943, 0.2288961038961039, 0.23289902280130292, 0.2288961038961039, 0.23089430894308943, 0.2288961038961039, 0.8511904761904762], "best_unary_tran": [{"name": "add_diff"}], "sim_u4_predicted_ops": [0.1961950059453032, 0.381389252948886, 0.6554621848739496, 0.23567921440261866, 0.4558645707376058, 0.5513227513227513, 0.30324074074074076, 0.434468524251806], "argmax_sim_u4_predicted_ops": 3}, "B : H  ::  C : ?": {"sim_u1_trans_u2": [0.250272034820457, 0.250272034820457, 0.250272034820457, 0.250272034820457, 0.250272034820457, 0.250272034820457, 0.250272034820457, 0.250272034820457, 0.7958477508650519], "best_unary_tran": [{"name": "add_diff"}], "sim_u4_predicted_ops": [0.16095238095238096, 0.4336009882643607, 0.5190839694656488, 0.2763521515988946, 0.3651252408477842, 0.5575139146567718, 0.22060164083865086, 0.4261565836298932], "argmax_sim_u4_predicted_ops": 6}, "F : G  ::  E : ?": {"sim_u1_trans_u2": [0.45219123505976094, 0.551063829787234, 0.44930417495029823, 0.551063829787234, 0.4507462686567164, 0.551063829787234, 0.4507462686567164, 0.551063829787234, 0.7707979626485568], "best_unary_tran": [{"name": "add_diff"}], "sim_u4_predicted_ops": [0.155668358714044, 0.26955903271692744, 0.7059773828756059, 0.16199913830245583, 0.4906937394247039, 0.47104247104247104, 0.2468944099378882, 0.31403940886699505], "argmax_sim_u4_predicted_ops": 3}, "G : B  ::  E : ?": {"sim_u1_trans_u2": [0.3507692307692308, 0.40705128205128205, 0.3507692307692308, 0.40930979133226325, 0.3507692307692308, 0.40705128205128205, 0.3507692307692308, 0.40930979133226325, 0.7889273356401384], "best_unary_tran": [{"name": "add_diff"}], "sim_u4_predicted_ops": [0.5243055555555556, 0.18812644564379338, 0.4146341463414634, 0.1104572204617474, 0.5166666666666667, 0.3704268292682927, 0.6786786786786787, 0.1893063583815029], "argmax_sim_u4_predicted_ops": 7},