{"unary_analogies_data": {"A : B  ::  H : ?": {"sim_u1_trans_u2": [0.2549728752260398, 0.15091210613598674, 0.2527075812274368, 0.14332784184514002, 0.8263157894736842, 0.13957307060755336, 0.8706199460916442, 0.14144736842105263, 0.41839762611275966], "best_unary_tran": [{"name": "mirror_left_right"}, {"name": "rot_binary", "args": {"angle": 180}}], "sim_u4_predicted_ops": [0.13570741097208855, 0.5122349102773246, 0.15797914995990378, 0.33858267716535434, 0.20910075839653305, 0.16490354698195395, 0.47741364038972545, 0.17276166456494324], "argmax_sim_u4_predicted_ops": 2}, "B : C  ::  H : ?": {"sim_u1_trans_u2": [0.49836065573770494, 0.10519951632406288, 0.49836065573770494, 0.10922330097087378, 0.5284280936454849, 0.10386473429951691, 0.48859934853420195, 0.11463414634146342, 0.9020771513353115], "best_unary_tran": [{"name": "add_diff"}], "sim_u4_predicted_ops": [0.6498855835240275, 0.32849162011173183, 0.21078779276082327, 0.2736842105263158, 0.23809523809523808, 0.22502870264064295, 0.6637931034482759, 0.357630979498861], "argmax_sim_u4_predicted_ops": 7}, "D : E  ::  H : ?": {"sim_u1_trans_u2": [0.2555970149253731, 0.15042735042735042, 0.25092936802973975, 0.14067796610169492, 0.8438356164383561, 0.13490725126475547, 0.8091397849462365, 0.13490725126475547, 0.40773809523809523], "best_unary_tran": [{"name": "mirror_left_right"}], "sim_u4_predicted_ops": [0.13135186960690318, 0.47611464968152867, 0.16264090177133655, 0.35689851767388825, 0.1948608137044968, 0.16129032258064516, 0.5040577096483319, 0.16834170854271358], "argmax_sim_u4_predicted_ops": 7}, "E : F  ::  H : ?": {"sim_u1_trans_u2": [0.5369127516778524, 0.1022864019253911, 0.49673202614379086, 0.1089588377723971, 0.5292153589315526, 0.10096153846153846, 0.49185667752442996, 0.09832134292565947, 0.9523809523809523], "best_unary_tran": [{"name": "add_diff"}], "sim_u4_predicted_ops": [0.6757719714964371, 0.1364082433758587, 0.20330459770114942, 0.3890518084066471, 0.33498513379583744, 0.20723306544202066, 0.47667185069984447, 0.3707201889020071], "argmax_sim_u4_predicted_ops": 1}, "G : H  ::  H : ?": {"sim_u1_trans_u2": [0.13051823416506717, 0.1359691417550627, 0.1326923076923077, 0.12619502868068833, 0.8787878787878788, 0.840625, 0.8151001540832049, 0.7634730538922155, 0.23089983022071306], "best_unary_tran": [{"name": "mirror_left_right"}], "sim_u4_predicted_ops": [0.13135186960690318, 0.47611464968152867, 0.16264090177133655, 0.35689851767388825, 0.1948608137044968, 0.16129032258064516, 0.5040577096483319, 0.16834170854271358], "argmax_sim_u4_predicted_ops": 7}, "A : C  ::  G : ?": {"sim_u1_trans_u2": [0.5336617405582923, 0.10794780545670225, 0.49919743178170145, 0.10401891252955082, 0.4848966613672496, 0.10271546635182999, 0.4944, 0.10011778563015312, 0.9103641456582633], "best_unary_tran": [{"name": "add_diff"}], "sim_u4_predicted_ops": [0.2823741007194245, 0.35921205098493625, 0.2037037037037037, 0.27192205491585475, 0.33268101761252444, 0.2034090909090909, 0.6345004269854825, 0.3548387096774194], "argmax_sim_u4_predicted_ops": 7}, "D : F  ::  G : ?": {"sim_u1_trans_u2": [0.5334448160535117, 0.10882708585247884, 0.49592169657422513, 0.10084033613445378, 0.5308848080133556, 0.09688995215311005, 0.49836601307189543, 0.11693057247259439, 0.9465875370919882], "best_unary_tran": [{"name": "add_diff"}], "sim_u4_predicted_ops": [0.2645218945487042, 0.35906432748538014, 0.1924715909090909, 0.40532544378698226, 0.16065292096219932, 0.20814220183486237, 0.4948939512961508, 0.1354775828460039], "argmax_sim_u4_predicted_ops": 7}, "A : D  ::  F : ?": {"sim_u1_trans_u2": [0.13584288052373159, 0.7051597051597052, 0.13398692810457516, 0.7393483709273183, 0.15091210613598674, 0.24150268336314848, 0.14144736842105263, 0.23707664884135474, 0.24629080118694363], "best_unary_tran": [{"name": "rot_binary", "args": {"angle": 270}}], "sim_u4_predicted_ops": [0.36480186480186483, 0.48303715670436187, 0.17142857142857143, 0.09453197405004633, 0.2665903890160183, 0.15714285714285714, 0.49324932493249324, 0.5049019607843137], "argmax_sim_u4_predicted_ops": 8}, "D : G  ::  F : ?": {"sim_u1_trans_u2": [0.4768740031897927, 0.4935483870967742, 0.43788819875776397, 0.48635634028892455, 0.16331658291457288, 0.17363751584283904, 0.16331658291457288, 0.17215189873417722, 0.887240356083086], "best_unary_tran": [{"name": "add_diff"}], "sim_u4_predicted_ops": [0.28468468468468466, 0.34210526315789475, 0.18513323983169705, 0.6467889908256881, 0.1680960548885077, 0.2034090909090909, 0.5202541699761716, 0.13185755534167468], "argmax_sim_u4_predicted_ops": 4}, "B : E  ::  F : ?": {"sim_u1_trans_u2": [0.13874788494077833, 0.7757255936675461, 0.14067796610169492, 0.7617801047120419, 0.14261460101867574, 0.24169741697416974, 0.15042735042735042, 0.2532588454376164, 0.24404761904761904], "best_unary_tran": [{"name": "rot_binary", "args": {"angle": 90}}], "sim_u4_predicted_ops": [0.3792697290930506, 0.49755301794453505, 0.16951915240423798, 0.0904893813481071, 0.2768166089965398, 0.15427509293680297, 0.4852282900626679, 0.5324459234608985], "argmax_sim_u4_predicted_ops": 8}, "E : H  ::  F : ?": {"sim_u1_trans_u2": [0.4871382636655949, 0.4729299363057325, 0.4475743348982786, 0.49434571890145396, 0.16940581542351454, 0.1664564943253468, 0.15914786967418545, 0.17385786802030456, 0.9017857142857143], "best_unary_tran": [{"name": "add_diff"}], "sim_u4_predicted_ops": [0.5353319057815846, 0.13122605363984674, 0.2145922746781116, 0.6409090909090909, 0.30228136882129275, 0.21555174385363066, 0.5314741035856574, 0.34851936218678814], "argmax_sim_u4_predicted_ops": 4}, "C : F  ::  F : ?": {"sim_u1_trans_u2": [0.08740601503759399, 0.8163265306122449, 0.09150943396226414, 0.8365079365079365, 0.08740601503759399, 0.8394276629570747, 0.09254013220018886, 0.8163265306122449, 0.1611785095320624], "best_unary_tran": [{"name": "mirror_left_right"}, {"name": "rot_binary", "args": {"angle": 90}}], "sim_u4_predicted_ops": [0.37602820211515864, 0.5249169435215947, 0.1676159479251424, 0.08647654093836246, 0.28125, 0.15356037151702787, 0.48922800718132853, 0.527363184079602], "argmax_sim_u4_predicted_ops": 8}, "A : G  ::  C : ?": {"sim_u1_trans_u2": [0.5015873015873016, 0.4735202492211838, 0.478125, 0.4827586206896552, 0.16934487021013597, 0.17224287484510534, 0.1707920792079208, 0.17224287484510534, 0.8851540616246498], "best_unary_tran": [{"name": "add_diff"}], "sim_u4_predicted_ops": [0.28689275893675525, 0.3493552168815944, 0.18803418803418803, 0.26475849731663686, 0.30859375, 0.206678180771445, 0.6020321761219306, 0.37873357228195936], "argmax_sim_u4_predicted_ops": 7}, "B : H  ::  C : ?": {"sim_u1_trans_u2": [0.5382059800664452, 0.5056910569105691, 0.4745222929936306, 0.4887459807073955, 0.16477987421383647, 0.17215189873417722, 0.1751269035532995, 0.17215189873417722, 0.9614243323442137], "best_unary_tran": [{"name": "add_diff"}], "sim_u4_predicted_ops": [0.5149572649572649, 0.3468208092485549, 0.21268925739005046, 0.2715939447907391, 0.2365296803652968, 0.21613832853025935, 0.6152542372881356, 0.37089201877934275], "argmax_sim_u4_predicted_ops": 7}, "F : G  ::  E : ?": {"sim_u1_trans_u2": [0.33906071019473083, 0.36565420560747663, 0.34059633027522934, 0.3561484918793503, 0.34832756632064593, 0.3704572098475967, 0.3314350797266515, 0.3561484918793503, 0.5103448275862069], "best_unary_tran": [{"name": "add_diff"}], "sim_u4_predicted_ops": [0.3534002229654404, 0.43005952380952384, 0.19676113360323888, 0.38305084745762713, 0.14087301587301587, 0.19874213836477989, 0.45098039215686275, 0.16990291262135923], "argmax_sim_u4_predicted_ops": 7}, "G : B  ::  E : ?": {"sim_u1_trans_u2": [0.1706700379266751, 0.17363751584283904, 0.17363751584283904, 0.17215189873417722, 0.49838187702265374, 0.5008103727714749, 0.4675118858954041, 0.4628751974723539, 0.40059347181008903], "best_unary_tran": [{"name": "mirror_left_right"}, {"name": "rot_binary", "args": {"angle": 90}}],