{"unary_analogies_data": {"A : B  ::  H : ?": {"sim_u1_trans_u2": [0.26156941649899396, 0.18525519848771266, 0.35714285714285715, 0.39955357142857145, 0.2577733199598796, 0.22103213242453748, 0.615979381443299, 0.22700587084148727, 0.5338809034907598], "best_unary_tran": [{"name": "mirror_left_right"}, {"name": "rot_binary", "args": {"angle": 180}}], "sim_u4_predicted_ops": [0.535181236673774, 0.3416206261510129, 0.2772772772772773, 0.4551665243381725, 0.12102772143340094, 0.5667330677290837, 0.5829145728643216, 0.2930513595166163], "argmax_sim_u4_predicted_ops": 7}, "B : C  ::  H : ?": {"sim_u1_trans_u2": [0.5138613861386139, 0.2232, 0.6077812828601472, 0.19266770670826833, 0.25020441537203597, 0.23008849557522124, 0.2968617472434266, 0.2678275290215589, 0.6811023622047244], "best_unary_tran": [{"name": "add_diff"}], "sim_u4_predicted_ops": [0.519203413940256, 0.33178438661710036, 0.27106598984771574, 0.45077720207253885, 0.11841204654346338, 0.2634584013050571, 0.2754934210526316, 0.27401415571284127], "argmax_sim_u4_predicted_ops": 1}, "D : E  ::  H : ?": {"sim_u1_trans_u2": [0.4675105485232067, 0.1270252754374595, 0.411525974025974, 0.35120435120435123, 0.6932814021421616, 0.22292545710267228, 0.2412562455389008, 0.21269177126917713, 0.7547683923705722], "best_unary_tran": [{"name": "add_diff"}], "sim_u4_predicted_ops": [0.5779537149817296, 0.41317365269461076, 0.1953781512605042, 0.45040760869565216, 0.20195627157652474, 0.4932935916542474, 0.3702185792349727, 0.31216526396327465], "argmax_sim_u4_predicted_ops": 1}, "E : F  ::  H : ?": {"sim_u1_trans_u2": [0.40709459459459457, 0.18156028368794327, 0.4288164665523156, 0.16585024492652203, 0.43496985357450474, 0.1823988644428673, 0.4154630416312659, 0.16585024492652203, 0.7291981845688351], "best_unary_tran": [{"name": "add_diff"}], "sim_u4_predicted_ops": [0.29483500717360117, 0.2163355408388521, 0.2756232686980609, 0.35577889447236183, 0.13304347826086957, 0.26479750778816197, 0.2629399585921325, 0.2884882108183079], "argmax_sim_u4_predicted_ops": 4}, "G : H  ::  H : ?": {"sim_u1_trans_u2": [0.3197879858657244, 0.20776071139854488, 0.31514084507042256, 0.2087378640776699, 0.103397341211226, 0.2639593908629442, 0.103397341211226, 0.2607594936708861, 0.5402985074626866], "best_unary_tran": [{"name": "add_diff"}], "sim_u4_predicted_ops": [0.5325858444288718, 0.3478655767484105, 0.2724609375, 0.45707070707070707, 0.12109115103127079, 0.2749003984063745, 0.28262610088070456, 0.28781925343811393], "argmax_sim_u4_predicted_ops": 1}, "A : C  ::  G : ?": {"sim_u1_trans_u2": [0.35173160173160173, 0.2415506958250497, 0.2770961145194274, 0.2090997095837367, 0.3590859630032644, 0.18613485280151948, 0.28234086242299794, 0.2209188660801564, 0.6673511293634496], "best_unary_tran": [{"name": "add_diff"}], "sim_u4_predicted_ops": [0.4900497512437811, 0.4798951048951049, 0.2413793103448276, 0.3778409090909091, 0.3432624113475177, 0.29770444763271164, 0.3404885270170244, 0.20443740095087162], "argmax_sim_u4_predicted_ops": 1}, "D : F  ::  G : ?": {"sim_u1_trans_u2": [0.2247585601404741, 0.2236842105263158, 0.209887250650477, 0.20466321243523317, 0.48720682302771856, 0.18723404255319148, 0.5296052631578947, 0.16541353383458646, 0.38729198184568836], "best_unary_tran": [{"name": "mirror_left_right"}, {"name": "rot_binary", "args": {"angle": 180}}], "sim_u4_predicted_ops": [0.48813056379821956, 0.39060832443970117, 0.3246753246753247, 0.374113475177305, 0.3735159817351598, 0.478125, 0.5412147505422994, 0.25555555555555554], "argmax_sim_u4_predicted_ops": 7}, "A : D  ::  F : ?": {"sim_u1_trans_u2": [0.34175824175824177, 0.4675480769230769, 0.2523076923076923, 0.19005847953216373, 0.625832223701731, 0.23208879919273462, 0.2523076923076923, 0.2345803842264914, 0.6386036960985626], "best_unary_tran": [{"name": "add_diff"}], "sim_u4_predicted_ops": [0.4328267477203647, 0.4689165186500888, 0.21434460016488047, 0.2818610923803102, 0.303583977512298, 0.3860610806577917, 0.40523394131641555, 0.20016207455429497], "argmax_sim_u4_predicted_ops": 2}, "D : G  ::  F : ?": {"sim_u1_trans_u2": [0.5793025871766029, 0.21243523316062177, 0.4983991462113127, 0.16514522821576763, 0.2082616179001721, 0.25806451612903225, 0.25245316681534347, 0.2103448275862069, 0.7686567164179104], "best_unary_tran": [{"name": "add_diff"}], "sim_u4_predicted_ops": [0.4368231046931408, 0.37942122186495175, 0.2786127167630058, 0.342082239720035, 0.34782608695652173, 0.4925531914893617, 0.5238611713665944, 0.24887892376681614], "argmax_sim_u4_predicted_ops": 7}, "B : E  ::  F : ?": {"sim_u1_trans_u2": [0.416466826538769, 0.31845238095238093, 0.4778982485404504, 0.13444302176696543, 0.2675250357653791, 0.20626276378488767, 0.7220602526724975, 0.21786941580756014, 0.6792698826597132], "best_unary_tran": [{"name": "mirror_left_right"}, {"name": "rot_binary", "args": {"angle": 180}}], "sim_u4_predicted_ops": [0.44710144927536233, 0.3913978494623656, 0.28968713789107764, 0.34820647419072615, 0.35049683830171635, 0.2071917808219178, 0.23642732049036777, 0.2609673790776153], "argmax_sim_u4_predicted_ops": 1}, "E : H  ::  F : ?": {"sim_u1_trans_u2": [0.4632, 0.2484641638225256, 0.47144006436041835, 0.24676209952283573, 0.46907630522088356, 0.2433718558803535, 0.46907630522088356, 0.24591280653950953, 0.7026699029126213], "best_unary_tran": [{"name": "add_diff"}], "sim_u4_predicted_ops": [0.383601756954612, 0.29585152838427947, 0.31847968545216254, 0.36311787072243346, 0.35019455252918286, 0.3920940170940171, 0.45, 0.2690863579474343], "argmax_sim_u4_predicted_ops": 7}, "C : F  ::  F : ?": {"sim_u1_trans_u2": [0.33866415804327377, 0.18880534670008353, 0.337406015037594, 0.1731244847485573, 0.10224632068164213, 0.23310225303292895, 0.10395655546935609, 0.215200683176772, 0.5446293494704992], "best_unary_tran": [{"name": "add_diff"}], "sim_u4_predicted_ops": [0.42743682310469316, 0.3640256959314775, 0.28891509433962265, 0.352, 0.3519706691109074, 0.4802981895633653, 0.5097613882863341, 0.2611683848797251], "argmax_sim_u4_predicted_ops": 7}, "A : G  ::  C : ?": {"sim_u1_trans_u2": [0.2589771490750816, 0.256243213897937, 0.2884187082405345, 0.2064650677789364, 0.2941834451901566, 0.256243213897937, 0.24946004319654427, 0.2064650677789364, 0.4887063655030801], "best_unary_tran": [{"name": "add_diff"}], "sim_u4_predicted_ops": [0.4289838337182448, 0.40858505564387915, 0.3008994276369583, 0.35868102288021536, 0.1835632873425315, 0.4556669236700077, 0.44385026737967914, 0.23665893271461716], "argmax_sim_u4_predicted_ops": 6}, "B : H  ::  C : ?": {"sim_u1_trans_u2": [0.2851373182552504, 0.26671974522292996, 0.27893890675241156, 0.2637013502779984, 0.5644051130776795, 0.22384615384615383, 0.549172346640701, 0.2229054573405073, 0.4602346805736636], "best_unary_tran": [{"name": "mirror_left_right"}], "sim_u4_predicted_ops": [0.492176386913229, 0.35964912280701755, 0.29148936170212764, 0.40461933276304535, 0.12632321806633734, 0.29035012809564475, 0.29982817869415807, 0.3111587982832618], "argmax_sim_u4_predicted_ops": 1}, "F : G  ::  E : ?": {"sim_u1_trans_u2": [0.4069767441860465, 0.09009009009009009, 0.38645833333333335, 0.09098360655737706, 0.8059701492537313, 0.07860615883306321, 0.8615384615384616, 0.08299430431244914, 0.5824508320726173], "best_unary_tran": [{"name": "mirror_left_right"}, {"name": "rot_binary", "args": {"angle": 180}}], "sim_u4_predicted_ops": [0.6841726618705036, 0.5841392649903289, 0.1572676727561557, 0.3416370106761566, 0.23340040241448692, 0.40544871794871795, 0.26695526695526695, 0.23524451939291738], "argmax_sim_u4_predicted_ops": 1}, "G : B  ::  E : ?": {"sim_u1_trans_u2": [0.2229787234042553, 0.24739583333333334, 0.2649647887323944, 0.20150501672240803, 0.5551948051948052, 0.16074313408723748, 0.4860392967942089, 0.19550748752079866, 0.39104477611940297], "best_unary_tran": [{"name": "mirror_left_right"}],