{"unary_analogies_data": {"A : B  ::  H : ?": {"sim_u1_trans_u2": [0.4120667522464698, 0.40395660497766434, 0.4138817480719794, 0.41661300708306503, 0.4075495841330774, 0.41025641025641024, 0.42118863049095606, 0.41025641025641024, 0.9712556732223904], "best_unary_tran": [{"name": "add_diff"}], "sim_u4_predicted_ops": [0.2845303867403315, 0.1428063943161634, 0.8485254691689008, 0.3975609756097561, 0.5681511470985156, 0.16277561608300908, 0.21450939457202506, 0.07718120805369127], "argmax_sim_u4_predicted_ops": 3}, "B : C  ::  H : ?": {"sim_u1_trans_u2": [0.3137254901960784, 0.3117469879518072, 0.3157099697885196, 0.3177004538577912, 0.3177004538577912, 0.3137254901960784, 0.3117469879518072, 0.3157099697885196, 0.9904761904761905], "best_unary_tran": [{"name": "add_diff"}], "sim_u4_predicted_ops": [0.18059299191374664, 0.20475075276012045, 0.14778645833333334, 0.6052789442111578, 0.12846715328467154, 0.830950378469302, 0.26563958916900093, 0.6630434782608695], "argmax_sim_u4_predicted_ops": 6}, "D : E  ::  H : ?": {"sim_u1_trans_u2": [0.3164179104477612, 0.3164179104477612, 0.3086053412462908, 0.30666666666666664, 0.3086053412462908, 0.3086053412462908, 0.3183856502242152, 0.31054977711738485, 0.9906542056074766], "best_unary_tran": [{"name": "add_diff"}], "sim_u4_predicted_ops": [0.18824609733700642, 0.2016778523489933, 0.136986301369863, 0.592326139088729, 0.1278640059127864, 0.8467465753424658, 0.2669491525423729, 0.6743197278911565], "argmax_sim_u4_predicted_ops": 6}, "E : F  ::  H : ?": {"sim_u1_trans_u2": [0.13285806869734285, 0.13285806869734285, 0.13654096228868662, 0.1313915857605178, 0.13506493506493505, 0.13432835820895522, 0.13359273670557717, 0.13065976714100905, 0.9579439252336449], "best_unary_tran": [{"name": "add_diff"}], "sim_u4_predicted_ops": [0.1249241964827168, 0.2404911650194669, 0.38795180722891565, 0.8456683878370626, 0.2579867389993972, 0.578397212543554, 0.2966507177033493, 0.5158777711204314], "argmax_sim_u4_predicted_ops": 4}, "G : H  ::  H : ?": {"sim_u1_trans_u2": [0.13612565445026178, 0.13315926892950392, 0.13020833333333334, 0.1316818774445893, 0.1338994121489223, 0.1353826030085023, 0.1324200913242009, 0.13020833333333334, 0.9904761904761905], "best_unary_tran": [{"name": "add_diff"}], "sim_u4_predicted_ops": [0.07847619047619048, 0.30694586312563843, 0.24336618650492797, 0.5297336738416636, 0.16730182926829268, 0.3788727136991415, 0.27157894736842103, 0.3033457249070632], "argmax_sim_u4_predicted_ops": 4}, "A : C  ::  G : ?": {"sim_u1_trans_u2": [0.13424124513618677, 0.1357142857142857, 0.1364522417153996, 0.13497728747566515, 0.1357142857142857, 0.1364522417153996, 0.13497728747566515, 0.13424124513618677, 0.9857142857142858], "best_unary_tran": [{"name": "add_diff"}], "sim_u4_predicted_ops": [0.6181818181818182, 0.04756242568370987, 0.2087087087087087, 0.08871989860583017, 0.11363636363636363, 0.1266173752310536, 0.07612031921424187, 0.060699588477366256], "argmax_sim_u4_predicted_ops": 1}, "D : F  ::  G : ?": {"sim_u1_trans_u2": [0.3919089759797724, 0.3849056603773585, 0.4142581888246628, 0.39455351488283724, 0.4142581888246628, 0.3849056603773585, 0.3927893738140417, 0.3919089759797724, 0.9281437125748503], "best_unary_tran": [{"name": "add_diff"}], "sim_u4_predicted_ops": [0.18077601410934743, 0.20385126162018594, 0.14910025706940874, 0.6339987900786449, 0.12535816618911175, 0.7946210268948656, 0.2743362831858407, 0.7213675213675214], "argmax_sim_u4_predicted_ops": 6}, "A : D  ::  F : ?": {"sim_u1_trans_u2": [0.39418825015792797, 0.38892385147891756, 0.38892385147891756, 0.3968354430379747, 0.3854362837413685, 0.3906742281033396, 0.4048376830044558, 0.3906742281033396, 0.9341317365269461], "best_unary_tran": [{"name": "add_diff"}], "sim_u4_predicted_ops": [0.271505376344086, 0.15217391304347827, 0.7658227848101266, 0.4415990006246096, 0.5025510204081632, 0.1885676741130092, 0.21022727272727273, 0.07636122177954847], "argmax_sim_u4_predicted_ops": 3}, "D : G  ::  F : ?": {"sim_u1_trans_u2": [0.3143712574850299, 0.30654761904761907, 0.30460624071322434, 0.312406576980568, 0.30654761904761907, 0.3143712574850299, 0.30849478390462, 0.30460624071322434, 1.0], "best_unary_tran": [{"name": "add_diff"}], "sim_u4_predicted_ops": [0.17506631299734748, 0.20212765957446807, 0.1500646830530401, 0.6378575776019476, 0.12463976945244956, 0.7981952420016407, 0.2726423902894491, 0.7275862068965517], "argmax_sim_u4_predicted_ops": 6}, "B : E  ::  F : ?": {"sim_u1_trans_u2": [0.30792227204783257, 0.3138138138138138, 0.30988023952095806, 0.30597014925373134, 0.30597014925373134, 0.30792227204783257, 0.3138138138138138, 0.30988023952095806, 0.9626168224299065], "best_unary_tran": [{"name": "add_diff"}], "sim_u4_predicted_ops": [0.17444933920704847, 0.20185922974767595, 0.15041962556488056, 0.639294403892944, 0.1250898634076204, 0.7955846279640229, 0.2709497206703911, 0.7250859106529209], "argmax_sim_u4_predicted_ops": 6}, "E : H  ::  F : ?": {"sim_u1_trans_u2": [0.1350293542074364, 0.13133940182054615, 0.13355048859934854, 0.1365120836054866, 0.1320754716981132, 0.13355048859934854, 0.1379986919555265, 0.1328125, 0.9672897196261683], "best_unary_tran": [{"name": "add_diff"}], "sim_u4_predicted_ops": [0.07787345563459379, 0.30751708428246016, 0.22895125553914328, 0.5288392213410238, 0.16212177810982442, 0.35924446058844894, 0.26771420100800475, 0.3153219837157661], "argmax_sim_u4_predicted_ops": 4}, "C : F  ::  F : ?": {"sim_u1_trans_u2": [0.13246753246753246, 0.13246753246753246, 0.13026571613739468, 0.13246753246753246, 0.1309987029831388, 0.1317326411421155, 0.1309987029831388, 0.13246753246753246, 0.9714285714285714], "best_unary_tran": [{"name": "add_diff"}], "sim_u4_predicted_ops": [0.10242179616548941, 0.26506364922206505, 0.3189784677015523, 0.7646766169154229, 0.2225594334850784, 0.5278195488721804, 0.30254545454545456, 0.44590495449949447], "argmax_sim_u4_predicted_ops": 4}, "A : G  ::  C : ?": {"sim_u1_trans_u2": [0.1327720207253886, 0.1313065976714101, 0.13203883495145632, 0.13497728747566515, 0.1313065976714101, 0.13203883495145632, 0.13497728747566515, 0.1327720207253886, 0.9761904761904762], "best_unary_tran": [{"name": "add_diff"}], "sim_u4_predicted_ops": [0.6238532110091743, 0.04843191742755062, 0.20209580838323354, 0.08538899430740038, 0.10984848484848485, 0.12894248608534323, 0.07225964482547459, 0.060824742268041236], "argmax_sim_u4_predicted_ops": 1}, "B : H  ::  C : ?": {"sim_u1_trans_u2": [0.4055269922879177, 0.3938814531548757, 0.38857142857142857, 0.3983375959079284, 0.397444089456869, 0.4046242774566474, 0.39655172413793105, 0.38945362134688694, 0.9546142208774584], "best_unary_tran": [{"name": "add_diff"}], "sim_u4_predicted_ops": [0.18385650224215247, 0.19635157545605306, 0.13324791800128122, 0.4966517857142857, 0.1262699564586357, 0.6575550493545937, 0.239507299270073, 0.6597337770382695], "argmax_sim_u4_predicted_ops": 8}, "F : G  ::  E : ?": {"sim_u1_trans_u2": [0.1309987029831388, 0.13541666666666666, 0.13246753246753246, 0.1309987029831388, 0.13394018205461639, 0.1317326411421155, 0.13026571613739468, 0.1346779440468445, 0.9619047619047619], "best_unary_tran": [{"name": "add_diff"}], "sim_u4_predicted_ops": [0.6543778801843319, 0.04833597464342314, 0.21503759398496242, 0.09062103929024082, 0.11720226843100189, 0.12730627306273062, 0.07598039215686274, 0.06269270298047276], "argmax_sim_u4_predicted_ops": 1}, "G : B  ::  E : ?": {"sim_u1_trans_u2": [0.3117469879518072, 0.3058470764617691, 0.30389221556886226, 0.3078078078078078, 0.3058470764617691, 0.3117469879518072, 0.3078078078078078, 0.30389221556886226, 0.9857142857142858], "best_unary_tran": [{"name": "add_diff"}], "sim_u4_predicted_ops": [0.3183183183183183, 0.13889888449082405, 0.6242350061199511, 0.30384167636786963, 0.6133720930232558, 0.14014407334643092, 0.24794295117937465, 0.0769764216366158], "argmax_sim_u4_predicted_ops": 3},