{"unary_analogies_data": {"A : B  ::  C : ?": {"sim_u1_trans_u2": [0.585303255436985, 0.3584905660377358, 0.585303255436985, 0.35880514067384506, 0.585303255436985, 0.3589624826308476, 0.585303255436985, 0.3584905660377358, 1.0], "best_unary_tran": [{"name": "add_diff"}], "sim_u4_predicted_ops": [0.812428078250863, 0.6223911207624563, 0.9123252858958069, 0.3059878659984173, 0.7677137458667926, 0.4841377747564015], "argmax_sim_u4_predicted_ops": 3}, "A : C  ::  B : ?": {"sim_u1_trans_u2": [0.9618181818181818, 0.2897056626326012, 0.7544715447154472, 0.28816594538128637, 0.7544715447154472, 0.28855052992984026, 0.9653916211293261, 0.28932038834951457, 0.98441498022796], "best_unary_tran": [{"name": "add_diff"}], "sim_u4_predicted_ops": [0.7567127746135069, 0.6190029325513197, 0.8774821018506012, 0.31453473468341453, 0.7995302407516148, 0.4845508717722357], "argmax_sim_u4_predicted_ops": 3}}, "binary_analogies_data": {}}