{"unary_analogies_data": {"A : B  ::  H : ?": {"sim_u1_trans_u2": [0.5787106446776612, 0.19863403528742174, 0.43460490463215257, 0.2528256989886972, 0.9145454545454546, 0.23591549295774647, 0.2388235294117647, 0.21593533487297922, 0.738755980861244], "best_unary_tran": [{"name": "mirror_left_right"}], "sim_u4_predicted_ops": [0.4765625, 0.5302942873629544, 0.6199616122840691, 0.3910840932117528, 0.4855403348554033, 0.6309734513274337, 0.33649588867805186, 0.44329896907216493], "argmax_sim_u4_predicted_ops": 6}, "B : C  ::  H : ?": {"sim_u1_trans_u2": [0.6838111298482293, 0.2942320155541154, 0.3069371727748691, 0.2735969387755102, 0.6641666666666667, 0.2744097000638162, 0.3129520052596976, 0.29507133592736706, 0.8664529914529915], "best_unary_tran": [{"name": "add_diff"}], "sim_u4_predicted_ops": [0.48292029470864034, 0.5026026604973973, 0.6356356356356356, 0.40170031880977686, 0.7672253258845437, 0.647329650092081, 0.32496782496782495, 0.44393939393939397], "argmax_sim_u4_predicted_ops": 5}, "D : E  ::  H : ?": {"sim_u1_trans_u2": [0.5788288288288288, 0.2517857142857143, 0.41807147673634526, 0.1888072357263991, 0.9100817438692098, 0.21490467937608318, 0.22338568935427575, 0.2262390670553936, 0.7399232245681382], "best_unary_tran": [{"name": "mirror_left_right"}], "sim_u4_predicted_ops": [0.4765625, 0.5302942873629544, 0.6199616122840691, 0.3910840932117528, 0.4855403348554033, 0.6309734513274337, 0.33649588867805186, 0.44329896907216493], "argmax_sim_u4_predicted_ops": 6}, "E : F  ::  H : ?": {"sim_u1_trans_u2": [0.7254237288135593, 0.26853582554517136, 0.30262316058861166, 0.2968152866242038, 0.6966666666666667, 0.30179028132992325, 0.30764290301862557, 0.2638112973308504, 0.877948717948718], "best_unary_tran": [{"name": "add_diff"}], "sim_u4_predicted_ops": [0.4975643702157272, 0.46929316338354576, 0.6652542372881356, 0.4187358916478555, 0.7110904007455732, 0.6766990291262136, 0.2842443729903537, 0.45770750988142295], "argmax_sim_u4_predicted_ops": 5}, "G : H  ::  H : ?": {"sim_u1_trans_u2": [0.5511363636363636, 0.20872865275142316, 0.7977422389463782, 0.21642266072565244, 0.911, 0.21025965801139962, 0.48254460822342904, 0.21102661596958175, 0.7231096911608094], "best_unary_tran": [{"name": "mirror_left_right"}], "sim_u4_predicted_ops": [0.4765625, 0.5302942873629544, 0.6199616122840691, 0.3910840932117528, 0.4855403348554033, 0.6309734513274337, 0.33649588867805186, 0.44329896907216493], "argmax_sim_u4_predicted_ops": 6}, "A : C  ::  G : ?": {"sim_u1_trans_u2": [0.6412593206296603, 0.26339285714285715, 0.3171542553191489, 0.3058668424522083, 0.6703204047217538, 0.3058668424522083, 0.30672823218997364, 0.26178343949044586, 0.8269230769230769], "best_unary_tran": [{"name": "add_diff"}], "sim_u4_predicted_ops": [0.48424657534246573, 0.47286374133949194, 0.6428571428571429, 0.42921348314606744, 0.5234567901234568, 0.6574690770694577, 0.31675392670157065, 0.4399690162664601], "argmax_sim_u4_predicted_ops": 6}, "D : F  ::  G : ?": {"sim_u1_trans_u2": [0.6850459482038429, 0.3038138332255979, 0.3029715762273902, 0.2559153175591532, 0.7107718405428329, 0.2598376014990631, 0.2987765614938828, 0.2979407979407979, 0.841025641025641], "best_unary_tran": [{"name": "add_diff"}], "sim_u4_predicted_ops": [0.4996415770609319, 0.44037230948225714, 0.6893854748603352, 0.45975609756097563, 0.5551663747810858, 0.6941056910569106, 0.2819324950363997, 0.4504065040650406], "argmax_sim_u4_predicted_ops": 6}, "A : D  ::  F : ?": {"sim_u1_trans_u2": [0.42847364818617384, 0.2572289156626506, 0.5679939894815927, 0.18243626062322946, 0.23054245283018868, 0.21690962099125363, 0.9377901578458682, 0.22046783625730995, 0.6007677543186181], "best_unary_tran": [{"name": "mirror_left_right"}, {"name": "rot_binary", "args": {"angle": 180}}], "sim_u4_predicted_ops": [0.6528384279475983, 0.5258620689655172, 0.45650301464254955, 0.37462537462537465, 0.5131578947368421, 0.5831903945111492, 0.381201044386423, 0.4152847873107426], "argmax_sim_u4_predicted_ops": 1}, "D : G  ::  F : ?": {"sim_u1_trans_u2": [0.6689132266217355, 0.17846519928613921, 0.3412322274881517, 0.20866381940207443, 0.3747397640527412, 0.1735781990521327, 0.592443729903537, 0.2057212416311625, 0.845580404685836], "best_unary_tran": [{"name": "add_diff"}], "sim_u4_predicted_ops": [0.564902102973169, 0.4719166184134337, 0.5071633237822349, 0.41591928251121074, 0.47714514835605454, 0.5812043795620438, 0.32036914963744234, 0.7161410018552876], "argmax_sim_u4_predicted_ops": 8}, "B : E  ::  F : ?": {"sim_u1_trans_u2": [0.4386440677966102, 0.20705346985210465, 0.5580029368575624, 0.24896998234255444, 0.23228803716608595, 0.22588099364529174, 0.908273381294964, 0.22658959537572254, 0.6098020735155514], "best_unary_tran": [{"name": "mirror_left_right"}, {"name": "rot_binary", "args": {"angle": 180}}], "sim_u4_predicted_ops": [0.6528384279475983, 0.5258620689655172, 0.45650301464254955, 0.37462537462537465, 0.5131578947368421, 0.5831903945111492, 0.381201044386423, 0.4152847873107426], "argmax_sim_u4_predicted_ops": 1}, "E : H  ::  F : ?": {"sim_u1_trans_u2": [0.6732510288065844, 0.20438388625592416, 0.34635761589403974, 0.18404193360512522, 0.3991741225051617, 0.21156138259833135, 0.6033123028391167, 0.17582417582417584, 0.8415637860082305], "best_unary_tran": [{"name": "add_diff"}], "sim_u4_predicted_ops": [0.5355859094176851, 0.4600231749710313, 0.5405940594059406, 0.4396751740139211, 0.4784727863525589, 0.5960820895522388, 0.3084544253632761, 0.6816927322907084], "argmax_sim_u4_predicted_ops": 8}, "C : F  ::  F : ?": {"sim_u1_trans_u2": [0.41346153846153844, 0.3553191489361702, 0.8662109375, 0.35628105039034774, 0.41346153846153844, 0.35339943342776203, 0.8846153846153846, 0.3572443181818182, 0.5972222222222222], "best_unary_tran": [{"name": "mirror_left_right"}, {"name": "rot_binary", "args": {"angle": 180}}], "sim_u4_predicted_ops": [0.6528384279475983, 0.5258620689655172, 0.45650301464254955, 0.37462537462537465, 0.5131578947368421, 0.5831903945111492, 0.381201044386423, 0.4152847873107426], "argmax_sim_u4_predicted_ops": 1}, "A : G  ::  C : ?": {"sim_u1_trans_u2": [0.5987107171635777, 0.20681265206812652, 0.37682165163081194, 0.17535545023696683, 0.3469110658520027, 0.2097560975609756, 0.6588628762541806, 0.17954815695600476, 0.7912673056443025], "best_unary_tran": [{"name": "add_diff"}], "sim_u4_predicted_ops": [0.5563063063063063, 0.4153225806451613, 0.4314477468839885, 0.41586538461538464, 0.4653878231859883, 0.581573896353167, 0.3209366391184573, 0.45267489711934156], "argmax_sim_u4_predicted_ops": 6}, "B : H  ::  C : ?": {"sim_u1_trans_u2": [0.578416149068323, 0.17311021350259664, 0.3811141304347826, 0.20652818991097924, 0.33398950131233596, 0.18266433973240256, 0.6555374592833876, 0.2001180637544274, 0.7664609053497943], "best_unary_tran": [{"name": "add_diff"}], "sim_u4_predicted_ops": [0.5274229902329076, 0.3922811059907834, 0.46324269889224573, 0.45153061224489793, 0.4738197424892704, 0.5936570862239842, 0.31053733426378227, 0.46062658763759523], "argmax_sim_u4_predicted_ops": 6}, "F : G  ::  E : ?": {"sim_u1_trans_u2": [0.4689178818112049, 0.17929759704251386, 0.44780635400907715, 0.21292775665399238, 0.4860248447204969, 0.18002466091245375, 0.43909774436090226, 0.21523809523809523, 0.650692225772098], "best_unary_tran": [{"name": "add_diff"}], "sim_u4_predicted_ops": [0.43647136273864384, 0.49883177570093457, 0.4944029850746269, 0.4065573770491803, 0.6240208877284595, 0.4802021903959562, 0.43048694424841216, 0.5398520953163517], "argmax_sim_u4_predicted_ops": 5}, "G : B  ::  E : ?": {"sim_u1_trans_u2": [0.3306719893546241, 0.17370892018779344, 0.6501650165016502, 0.20336943441636582, 0.5772870662460567, 0.2012012012012012, 0.3698630136986301, 0.1695906432748538, 0.5292864749733759], "best_unary_tran": [{"name": "rot_binary", "args": {"angle": 180}}],