{"unary_analogies_data": {"A : B  ::  H : ?": {"sim_u1_trans_u2": [0.7992759452936444, 0.5131935047361299, 0.5086003372681281, 0.5086003372681281, 0.5086003372681281, 0.7992759452936444, 0.5131935047361299, 0.5086003372681281, 0.9949924887330996], "best_unary_tran": [{"name": "add_diff"}], "sim_u4_predicted_ops": [0.6532364597093792, 0.40984908657664815, 0.29327902240325865, 0.5571705426356589, 0.3812045003309067, 0.4983099951714148, 0.6749509483322433, 0.6406752411575563], "argmax_sim_u4_predicted_ops": 7}, "B : C  ::  H : ?": {"sim_u1_trans_u2": [0.7536231884057971, 0.42932790224032585, 0.7536231884057971, 0.42932790224032585, 0.7536231884057971, 0.42932790224032585, 0.7536231884057971, 0.42932790224032585, 0.9973544973544973], "best_unary_tran": [{"name": "add_diff"}], "sim_u4_predicted_ops": [0.3808567603748327, 0.23510722795869737, 0.3392857142857143, 0.8377952755905512, 0.47713004484304933, 0.2858522452921294, 0.3871811641595814, 0.4879182156133829], "argmax_sim_u4_predicted_ops": 4}, "D : E  ::  H : ?": {"sim_u1_trans_u2": [0.75, 0.4671717171717172, 0.46964586846543, 0.4671717171717172, 0.46964586846543, 0.7300248138957817, 0.46964586846543, 0.4671717171717172, 1.0], "best_unary_tran": [{"name": "add_diff"}], "sim_u4_predicted_ops": [0.6532364597093792, 0.40984908657664815, 0.29327902240325865, 0.5571705426356589, 0.3812045003309067, 0.4983099951714148, 0.6749509483322433, 0.6406752411575563], "argmax_sim_u4_predicted_ops": 7}, "E : F  ::  H : ?": {"sim_u1_trans_u2": [0.6900937081659974, 0.671078755790867, 0.6900937081659974, 0.671078755790867, 0.6900937081659974, 0.671078755790867, 0.6900937081659974, 0.671078755790867, 1.0], "best_unary_tran": [{"name": "add_diff"}], "sim_u4_predicted_ops": [0.39424364123159306, 0.24305003971405878, 0.33669609079445145, 0.8149847094801224, 0.471315092674316, 0.29550941574118783, 0.4002616088947024, 0.5321361058601134], "argmax_sim_u4_predicted_ops": 4}, "G : H  ::  H : ?": {"sim_u1_trans_u2": [0.6592252133946159, 0.2892857142857143, 0.6592252133946159, 0.2892857142857143, 0.6592252133946159, 0.2892857142857143, 0.6592252133946159, 0.2892857142857143, 0.9728682170542635], "best_unary_tran": [{"name": "add_diff"}], "sim_u4_predicted_ops": [0.6532364597093792, 0.40984908657664815, 0.29327902240325865, 0.5571705426356589, 0.3812045003309067, 0.4983099951714148, 0.6749509483322433, 0.6406752411575563], "argmax_sim_u4_predicted_ops": 7}, "A : C  ::  G : ?": {"sim_u1_trans_u2": [0.6106623586429726, 0.6106623586429726, 0.6106623586429726, 0.6106623586429726, 0.6106623586429726, 0.6106623586429726, 0.6106623586429726, 0.6106623586429726, 1.0], "best_unary_tran": [{"name": "add_diff"}], "sim_u4_predicted_ops": [0.42292225201072386, 0.25494853523357086, 0.3027744270205066, 0.6900826446280992, 0.4154228855721393, 0.2508038585209003, 0.3298780487804878, 0.4269759450171821], "argmax_sim_u4_predicted_ops": 4}, "D : F  ::  G : ?": {"sim_u1_trans_u2": [0.517570281124498, 0.517570281124498, 0.517570281124498, 0.517570281124498, 0.517570281124498, 0.517570281124498, 0.517570281124498, 0.517570281124498, 1.0], "best_unary_tran": [{"name": "add_diff"}], "sim_u4_predicted_ops": [0.3971774193548387, 0.240968638348551, 0.32914572864321606, 0.789712556732224, 0.4587719298245614, 0.25538894095595127, 0.33981191222570534, 0.4889502762430939], "argmax_sim_u4_predicted_ops": 4}, "A : D  ::  F : ?": {"sim_u1_trans_u2": [0.8045234248788369, 0.513550135501355, 0.5238744884038199, 0.513550135501355, 0.5238744884038199, 0.7900641025641025, 0.5238744884038199, 0.513550135501355, 1.0], "best_unary_tran": [{"name": "add_diff"}], "sim_u4_predicted_ops": [0.2977346278317152, 0.37132644956314537, 0.620026525198939, 0.6149732620320856, 0.8862559241706162, 0.4514727184934814, 0.6115107913669064, 0.6686695278969957], "argmax_sim_u4_predicted_ops": 5}, "D : G  ::  F : ?": {"sim_u1_trans_u2": [0.7435, 0.40434957712444625, 0.7435, 0.40434957712444625, 0.7505020080321285, 0.40434957712444625, 0.7505020080321285, 0.40434957712444625, 0.9946488294314382], "best_unary_tran": [{"name": "add_diff"}], "sim_u4_predicted_ops": [0.3670212765957447, 0.23232724384432088, 0.3879310344827586, 0.9495798319327731, 0.5545023696682464, 0.28247223563495893, 0.38260300850228907, 0.5520934761441091], "argmax_sim_u4_predicted_ops": 4}, "B : E  ::  F : ?": {"sim_u1_trans_u2": [0.7463731865932967, 0.468040370058873, 0.468040370058873, 0.468040370058873, 0.46742328709541825, 0.7472472472472472, 0.468040370058873, 0.4686579722339083, 0.998661311914324], "best_unary_tran": [{"name": "add_diff"}], "sim_u4_predicted_ops": [0.2975609756097561, 0.36656076250992853, 0.6120689655172413, 0.6177105831533477, 0.8748815165876778, 0.44567841622404636, 0.6036625245258339, 0.671280276816609], "argmax_sim_u4_predicted_ops": 5}, "E : H  ::  F : ?": {"sim_u1_trans_u2": [0.671740569159497, 0.6907630522088354, 0.671740569159497, 0.6907630522088354, 0.671740569159497, 0.6907630522088354, 0.671740569159497, 0.6907630522088354, 0.9835271317829457], "best_unary_tran": [{"name": "add_diff"}], "sim_u4_predicted_ops": [0.35589941972920697, 0.2509928514694202, 0.41909814323607425, 0.9067930489731437, 0.5990521327014218, 0.3051665861902463, 0.4133420536298234, 0.5293569431500466], "argmax_sim_u4_predicted_ops": 4}, "C : F  ::  F : ?": {"sim_u1_trans_u2": [0.6818783068783069, 0.29283172343670566, 0.6818783068783069, 0.29283172343670566, 0.6818783068783069, 0.29283172343670566, 0.6818783068783069, 0.29283172343670566, 1.0], "best_unary_tran": [{"name": "add_diff"}], "sim_u4_predicted_ops": [0.3420074349442379, 0.2760127084988086, 0.4608753315649867, 0.8273381294964028, 0.6587677725118484, 0.3355866731047803, 0.45454545454545453, 0.6495643756050339], "argmax_sim_u4_predicted_ops": 4}, "A : G  ::  C : ?": {"sim_u1_trans_u2": [0.5986312399355878, 0.5915831663326653, 0.5986312399355878, 0.5915831663326653, 0.6037964458804523, 0.5864962045545346, 0.6037964458804523, 0.5864962045545346, 0.9946488294314382], "best_unary_tran": [{"name": "add_diff"}], "sim_u4_predicted_ops": [0.35984354628422427, 0.24424146147736298, 0.4078249336870027, 0.907051282051282, 0.5829383886255924, 0.2969579913085466, 0.4022236756049706, 0.5859375], "argmax_sim_u4_predicted_ops": 4}, "B : H  ::  C : ?": {"sim_u1_trans_u2": [0.516016016016016, 0.5167751627441162, 0.516016016016016, 0.5167751627441162, 0.516016016016016, 0.5167751627441162, 0.516016016016016, 0.5167751627441162, 0.999031007751938], "best_unary_tran": [{"name": "add_diff"}], "sim_u4_predicted_ops": [0.3396923076923077, 0.28038125496425736, 0.46816976127320953, 0.8144475920679887, 0.595108695652174, 0.3117619272555503, 0.41455696202531644, 0.5244444444444445], "argmax_sim_u4_predicted_ops": 4}, "F : G  ::  E : ?": {"sim_u1_trans_u2": [0.2894333843797856, 0.6585686145764937, 0.2894333843797856, 0.6596583442838371, 0.2894333843797856, 0.6596583442838371, 0.2894333843797856, 0.6585686145764937, 0.5499515033947624], "best_unary_tran": [{"name": "rot_binary", "args": {"angle": 270}}], "sim_u4_predicted_ops": [0.5005060728744939, 0.38440303657694963, 0.5285132382892057, 0.3848728246318608, 0.686962276637988, 0.7213906325446644, 0.669243511871894, 0.5508054522924412], "argmax_sim_u4_predicted_ops": 6}, "G : B  ::  E : ?": {"sim_u1_trans_u2": [0.41663286004056793, 0.7287128712871287, 0.4154843940008107, 0.7278574962889659, 0.41663286004056793, 0.7278574962889659, 0.41663286004056793, 0.7210448496796451, 0.6869565217391305], "best_unary_tran": [{"name": "rot_binary", "args": {"angle": 90}}], "sim_u4_predicted_ops": [0.5005060728744939, 0.38440303657694963, 0.5285132382892057, 0.3848728246318608, 0.6858465608465608, 0.7213906325446644, 0.6683222958057395, 0.5517668939863608], "argmax_sim_u4_predicted_ops": 6}, "H : C  ::  E : ?": {"sim_u1_trans_u2": [0.2926829268292683, 0.6825396825396826, 0.2926829268292683, 0.6825396825396826, 0.2926829268292683, 0.6825396825396826, 0.2926829268292683, 0.6825396825396826, 0.5581395348837209], "best_unary_tran": [{"name": "rot_binary",