{"unary_analogies_data": {"A : B  ::  H : ?": {"sim_u1_trans_u2": [0.33320552147239263, 0.33320552147239263, 0.33320552147239263, 0.33320552147239263, 0.333716915995397, 0.33320552147239263, 0.3326945189727865, 0.33320552147239263, 0.6380323054331865], "best_unary_tran": [{"name": "add_diff"}], "sim_u4_predicted_ops": [0.13914575077058564, 0.3564981949458484, 0.41554357592093444, 0.4486455981941309, 0.35363457760314343, 0.6856840993132594, 0.5102040816326531, 0.23227969348659003], "argmax_sim_u4_predicted_ops": 6}, "B : C  ::  H : ?": {"sim_u1_trans_u2": [0.3631198347107438, 0.36171310629514963, 0.3624161073825503, 0.36171310629514963, 0.3624161073825503, 0.36171310629514963, 0.3631198347107438, 0.36171310629514963, 0.5505090054815975], "best_unary_tran": [{"name": "add_diff"}], "sim_u4_predicted_ops": [0.19633273703041146, 0.2214765100671141, 0.4446922390722569, 0.2957540263543192, 0.26268763402430306, 0.7149581589958159, 0.27113163972286375, 0.22064220183486238], "argmax_sim_u4_predicted_ops": 6}, "D : E  ::  H : ?": {"sim_u1_trans_u2": [0.23512030392570704, 0.23564189189189189, 0.23512030392570704, 0.23512030392570704, 0.2340784479122733, 0.2340784479122733, 0.23512030392570704, 0.23564189189189189, 0.3975731620271235], "best_unary_tran": [{"name": "add_diff"}], "sim_u4_predicted_ops": [0.3033786137234413, 0.34096036094102483, 0.5156634987680394, 0.3161244695898161, 0.38055222088835533, 0.7049823460180463, 0.3437719915552428, 0.19525488938762423], "argmax_sim_u4_predicted_ops": 6}, "E : F  ::  H : ?": {"sim_u1_trans_u2": [0.3276477588258628, 0.3276477588258628, 0.32712133227597145, 0.32870186581976973, 0.3281746031746032, 0.3265953230281411, 0.3281746031746032, 0.3281746031746032, 0.5416393442622951], "best_unary_tran": [{"name": "add_diff"}], "sim_u4_predicted_ops": [0.1986754966887417, 0.3065015479876161, 0.527826391319566, 0.32156588605382735, 0.3461427333140711, 0.6832250668704624, 0.3446601941747573, 0.2091315453384419], "argmax_sim_u4_predicted_ops": 6}, "G : H  ::  H : ?": {"sim_u1_trans_u2": [0.27208480565371024, 0.2760301284891449, 0.2749003984063745, 0.2782956058588549, 0.2749003984063745, 0.2749003984063745, 0.271523178807947, 0.2794313638382941, 0.5822306238185255], "best_unary_tran": [{"name": "add_diff"}], "sim_u4_predicted_ops": [0.1897810218978102, 0.2940555750967288, 0.5880398671096345, 0.34943773427738445, 0.3169171730092741, 0.8567996155694377, 0.38637307852098046, 0.19602063375092116], "argmax_sim_u4_predicted_ops": 6}, "A : C  ::  G : ?": {"sim_u1_trans_u2": [0.22234234234234235, 0.2267631103074141, 0.2219020172910663, 0.2272069464544139, 0.2219020172910663, 0.2267631103074141, 0.22234234234234235, 0.2272069464544139, 0.4831636648394675], "best_unary_tran": [{"name": "add_diff"}], "sim_u4_predicted_ops": [0.19933993399339933, 0.15376676986584106, 0.21852610030706243, 0.24705065926439973, 0.18625277161862527, 0.15671285236502627, 0.2814614343707713, 0.10073260073260074], "argmax_sim_u4_predicted_ops": 7}, "D : F  ::  G : ?": {"sim_u1_trans_u2": [0.40803844473569245, 0.40558220671609246, 0.4068092536010476, 0.406195462478185, 0.406195462478185, 0.406195462478185, 0.4074235807860262, 0.4068092536010476, 0.6666666666666666], "best_unary_tran": [{"name": "add_diff"}], "sim_u4_predicted_ops": [0.2716738197424893, 0.29927007299270075, 0.5489679402722881, 0.4349098000975134, 0.4068483063328424, 0.37034191317710335, 0.48292682926829267, 0.12815608263198164], "argmax_sim_u4_predicted_ops": 3}, "A : D  ::  F : ?": {"sim_u1_trans_u2": [0.30560712959524694, 0.30560712959524694, 0.30560712959524694, 0.3046382189239332, 0.3051224944320713, 0.3046382189239332, 0.3060921248142645, 0.30560712959524694, 0.5874375446109922], "best_unary_tran": [{"name": "add_diff"}], "sim_u4_predicted_ops": [0.1996224634261444, 0.3810634328358209, 0.6278825995807128, 0.6156310057655349, 0.5342960288808665, 0.43, 0.7672064777327935, 0.1331241595696997], "argmax_sim_u4_predicted_ops": 7}, "D : G  ::  F : ?": {"sim_u1_trans_u2": [0.287434554973822, 0.2867608581894296, 0.287434554973822, 0.2867608581894296, 0.287434554973822, 0.2867608581894296, 0.287434554973822, 0.2867608581894296, 0.5189035916824196], "best_unary_tran": [{"name": "add_diff"}], "sim_u4_predicted_ops": [0.2229029217719133, 0.293007293007293, 0.6487473903966597, 0.40021750951604135, 0.34724931720639873, 0.43260188087774293, 0.4258271077908218, 0.12954048140043764], "argmax_sim_u4_predicted_ops": 3}, "B : E  ::  F : ?": {"sim_u1_trans_u2": [0.29230080572963296, 0.2928795342588446, 0.2899910634495085, 0.2905677246312025, 0.2911449016100179, 0.2917225950782998, 0.2928795342588446, 0.28941491737382763, 0.47944199706314244], "best_unary_tran": [{"name": "add_diff"}], "sim_u4_predicted_ops": [0.25814275814275817, 0.34865134865134867, 0.694949494949495, 0.3947470065662418, 0.43144132653061223, 0.5130403715612719, 0.4927536231884058, 0.184736324926302], "argmax_sim_u4_predicted_ops": 3}, "E : H  ::  F : ?": {"sim_u1_trans_u2": [0.28188433550363845, 0.28483685220729366, 0.279434250764526, 0.28237547892720305, 0.279434250764526, 0.28237547892720305, 0.28188433550363845, 0.2853302611367127, 0.48262295081967216], "best_unary_tran": [{"name": "add_diff"}], "sim_u4_predicted_ops": [0.21478551871006998, 0.31426869228477805, 0.6125265392781316, 0.3377104377104377, 0.42258064516129035, 0.5156610616551269, 0.43511988716502115, 0.18953662182361733], "argmax_sim_u4_predicted_ops": 3}, "C : F  ::  F : ?": {"sim_u1_trans_u2": [0.2816377171215881, 0.27952105697770435, 0.282167976830782, 0.28004956629491945, 0.2816377171215881, 0.28004956629491945, 0.2816377171215881, 0.28004956629491945, 0.533281127642913], "best_unary_tran": [{"name": "add_diff"}], "sim_u4_predicted_ops": [0.21880284071694284, 0.3334438183626119, 0.7251655629139073, 0.42731979291119077, 0.43518816339659055, 0.5285143479840174, 0.5141916906622789, 0.13284947933101926], "argmax_sim_u4_predicted_ops": 3}, "A : G  ::  C : ?": {"sim_u1_trans_u2": [0.26767878545745105, 0.26717252396166136, 0.26717252396166136, 0.26818545163868907, 0.26767878545745105, 0.26767878545745105, 0.26717252396166136, 0.26818545163868907, 0.6332703213610587], "best_unary_tran": [{"name": "add_diff"}], "sim_u4_predicted_ops": [0.12374020156774916, 0.14218455743879474, 0.1628222523744912, 0.2086374695863747, 0.14052547770700638, 0.22467166979362102, 0.1767363071710898, 0.2234499693063229], "argmax_sim_u4_predicted_ops": 6}, "B : H  ::  C : ?": {"sim_u1_trans_u2": [0.40573951434878586, 0.40573951434878586, 0.4069818824569156, 0.40573951434878586, 0.40573951434878586, 0.40573951434878586, 0.4069818824569156, 0.40573951434878586, 0.6747430249632893], "best_unary_tran": [{"name": "add_diff"}], "sim_u4_predicted_ops": [0.19440406976744187, 0.2524501520784049, 0.3627034677990092, 0.3589850249584027, 0.32216905901116427, 0.4930928626247122, 0.3466773418734988, 0.233232856066315], "argmax_sim_u4_predicted_ops": 6}, "F : G  ::  E : ?": {"sim_u1_trans_u2": [0.4055636896046852, 0.3793103448275862, 0.41245708680725846, 0.3799712505989459, 0.40487804878048783, 0.3793103448275862, 0.4083129584352078, 0.3793103448275862, 0.7854442344045368], "best_unary_tran": [{"name": "add_diff"}], "sim_u4_predicted_ops": [0.4104750304506699, 0.4470899470899471, 0.25929164844774816, 0.26780784097183874, 0.4323104693140794, 0.23676408301567134, 0.24311688311688312, 0.21221695629278567], "argmax_sim_u4_predicted_ops": 2}, "G : B  ::  E : ?": {"sim_u1_trans_u2": [0.5683732987686325, 0.5384615384615384, 0.5848068107400131, 0.5423836838750796, 0.5683732987686325, 0.539440203562341, 0.578604044357469, 0.5423836838750796, 0.8289224952741021], "best_unary_tran": [{"name": "add_diff"}], "sim_u4_predicted_ops": [0.44423350735643097, 0.5091543156059285, 0.3937403400309119, 0.38924632352941174, 0.5202650038971162, 0.33982365907421014, 0.3897550111358575, 0.20103092783505155], "argmax_sim_u4_predicted_ops": 5},