{"unary_analogies_data": {"A : B  ::  C : ?": {"sim_u1_trans_u2": [0.9799014031095943, 0.7357047872340425, 0.7490787269681742, 0.7374376039933445, 0.9851711026615969, 0.7380159786950732, 0.7473226238286479, 0.7345514950166113, 0.9949942241047363], "best_unary_tran": [{"name": "add_diff"}], "sim_u4_predicted_ops": [0.43329737504494786, 0.975187969924812, 0.25952435927037637, 0.25853080568720377, 0.33204384268214054, 0.5138546798029556], "argmax_sim_u4_predicted_ops": 2}, "A : C  ::  B : ?": {"sim_u1_trans_u2": [0.9847036328871893, 0.7334669338677354, 0.7462987886944819, 0.7381111855324849, 0.9756376094404263, 0.7357859531772575, 0.7480633209834961, 0.7352056168505516, 0.9930582337061319], "best_unary_tran": [{"name": "add_diff"}], "sim_u4_predicted_ops": [0.43341753879465894, 0.975867269984917, 0.25832562442183166, 0.2572988369333017, 0.3331175137584979, 0.5137388082741587], "argmax_sim_u4_predicted_ops": 2}}, "binary_analogies_data": {}}