{"unary_analogies_data": {"A : B  ::  H : ?": {"sim_u1_trans_u2": [0.6002349256068912, 0.3963102152374445, 0.6002349256068912, 0.40013703323055844, 0.5921308920919361, 0.39965753424657535, 0.6052631578947368, 0.39965753424657535, 0.9146778042959427], "best_unary_tran": [{"name": "add_diff"}], "sim_u4_predicted_ops": [0.12729124236252545, 0.2293846797823357, 0.3984615384615385, 0.0892077354959451, 0.6628205128205128, 0.11453320500481232, 0.36702508960573477, 0.09482758620689655], "argmax_sim_u4_predicted_ops": 5}, "B : C  ::  H : ?": {"sim_u1_trans_u2": [0.18019142738243862, 0.16229508196721312, 0.1831455986649979, 0.15991820040899796, 0.18265221017514596, 0.16086778550961933, 0.1806827643630308, 0.16134316134316135, 0.3732758620689655], "best_unary_tran": [{"name": "add_diff"}], "sim_u4_predicted_ops": [0.09130434782608696, 0.09171597633136094, 0.15548539857932123, 0.08835027365129007, 0.27951153324287653, 0.11049723756906077, 0.1335766423357664, 0.0626865671641791], "argmax_sim_u4_predicted_ops": 5}, "D : E  ::  H : ?": {"sim_u1_trans_u2": [0.607416127133608, 0.6188500296384114, 0.6083627797408716, 0.6064705882352941, 0.6188500296384114, 0.6112094395280236, 0.6017595307917889, 0.6083627797408716, 0.9644859813084112], "best_unary_tran": [{"name": "add_diff"}], "sim_u4_predicted_ops": [0.12422997946611909, 0.22487437185929648, 0.3913713405238829, 0.07434944237918216, 0.6411238825031929, 0.10617760617760617, 0.3613505747126437, 0.08078335373317014], "argmax_sim_u4_predicted_ops": 5}, "E : F  ::  H : ?": {"sim_u1_trans_u2": [0.1763046544428773, 0.1729957805907173, 0.17547568710359407, 0.1729957805907173, 0.17547568710359407, 0.1729957805907173, 0.17547568710359407, 0.1729957805907173, 0.4180602006688963], "best_unary_tran": [{"name": "add_diff"}], "sim_u4_predicted_ops": [0.1227364185110664, 0.23522012578616353, 0.41299303944315546, 0.11854684512428298, 0.6808236808236808, 0.11781609195402298, 0.37940964722822174, 0.09699201964395335], "argmax_sim_u4_predicted_ops": 5}, "G : H  ::  H : ?": {"sim_u1_trans_u2": [0.46741573033707867, 0.17657657657657658, 0.4762622456669179, 0.1794099939795304, 0.5139103554868625, 0.17728365384615385, 0.44575645756457566, 0.17657657657657658, 0.8764044943820225], "best_unary_tran": [{"name": "add_diff"}], "sim_u4_predicted_ops": [0.1282316442605998, 0.22013366750208854, 0.38084291187739466, 0.10261312938177183, 0.599250936329588, 0.11089494163424124, 0.3536148890479599, 0.09850374064837905], "argmax_sim_u4_predicted_ops": 5}, "A : C  ::  G : ?": {"sim_u1_trans_u2": [0.2179399727148704, 0.223364165810209, 0.215039128955427, 0.22294520547945204, 0.21462585034013607, 0.22294520547945204, 0.2171097477845944, 0.223364165810209, 0.5508620689655173], "best_unary_tran": [{"name": "add_diff"}], "sim_u4_predicted_ops": [0.49666221628838453, 0.15725490196078432, 0.45976095617529883, 0.12965340179717585, 0.1674087266251113, 0.18984771573604062, 0.13066509711595056, 0.21821889870836167], "argmax_sim_u4_predicted_ops": 1}, "D : F  ::  G : ?": {"sim_u1_trans_u2": [0.3327433628318584, 0.21451612903225806, 0.33827014218009477, 0.21451612903225806, 0.33827014218009477, 0.21451612903225806, 0.3327433628318584, 0.21451612903225806, 0.9431438127090301], "best_unary_tran": [{"name": "add_diff"}], "sim_u4_predicted_ops": [0.22746781115879827, 0.2704598597038192, 0.6700468018720749, 0.10346666666666667, 0.5182755388940956, 0.16798107255520506, 0.320307874481942, 0.12113127001067236], "argmax_sim_u4_predicted_ops": 3}, "A : D  ::  F : ?": {"sim_u1_trans_u2": [0.4327938071780436, 0.4322898346816743, 0.42029996512033485, 0.44294826364280654, 0.4312829525483304, 0.43481324876673716, 0.4242742217558587, 0.4403961796957906, 0.74051776038531], "best_unary_tran": [{"name": "add_diff"}], "sim_u4_predicted_ops": [0.11838790931989925, 0.08546325878594249, 0.0782198246797033, 0.24856909239574815, 0.07692307692307693, 0.2069408740359897, 0.1451831750339213, 0.13217138707334786], "argmax_sim_u4_predicted_ops": 4}, "D : G  ::  F : ?": {"sim_u1_trans_u2": [0.15488482922954727, 0.13727023856081344, 0.15580286168521462, 0.13905209557383472, 0.15764331210191082, 0.13727023856081344, 0.15396825396825398, 0.13994511956095648, 0.31275060144346434], "best_unary_tran": [{"name": "add_diff"}], "sim_u4_predicted_ops": [0.12705530642750373, 0.0802675585284281, 0.14632237871674492, 0.15410107705053852, 0.15121951219512195, 0.15660919540229884, 0.09745762711864407, 0.10379550735863671], "argmax_sim_u4_predicted_ops": 6}, "B : E  ::  F : ?": {"sim_u1_trans_u2": [0.5900405327156919, 0.5983701979045402, 0.5900405327156919, 0.5918840579710145, 0.5900405327156919, 0.5928074245939675, 0.5891203703703703, 0.5965116279069768, 0.9523364485981308], "best_unary_tran": [{"name": "add_diff"}], "sim_u4_predicted_ops": [0.11366120218579236, 0.1085603112840467, 0.108263933376041, 0.32959101844426625, 0.11223551057957681, 0.2573443008225617, 0.18811234487263226, 0.15991763898421413], "argmax_sim_u4_predicted_ops": 4}, "E : H  ::  F : ?": {"sim_u1_trans_u2": [0.09191176470588236, 0.0885766646304215, 0.09191176470588236, 0.08990825688073395, 0.09124311083894672, 0.08924205378973105, 0.09124311083894672, 0.08924205378973105, 0.21067415730337077], "best_unary_tran": [{"name": "add_diff"}], "sim_u4_predicted_ops": [0.1348314606741573, 0.10577311263625354, 0.0945945945945946, 0.26058631921824105, 0.0913604766633565, 0.2972972972972973, 0.16416893732970028, 0.19787717968157695], "argmax_sim_u4_predicted_ops": 6}, "C : F  ::  F : ?": {"sim_u1_trans_u2": [0.4723618090452261, 0.31292008961911877, 0.4577114427860697, 0.31390134529147984, 0.4589211618257261, 0.31292008961911877, 0.4723618090452261, 0.31390134529147984, 0.9431438127090301], "best_unary_tran": [{"name": "add_diff"}], "sim_u4_predicted_ops": [0.11946902654867257, 0.10756040530007795, 0.10448717948717949, 0.330378726833199, 0.10073260073260074, 0.2609727164887307, 0.18664047151277013, 0.18354430379746836], "argmax_sim_u4_predicted_ops": 4}, "A : G  ::  C : ?": {"sim_u1_trans_u2": [0.39511823035850496, 0.21892702432522493, 0.39778372181887656, 0.22464010713090057, 0.3988527724665392, 0.21933333333333332, 0.3919330289193303, 0.2254606365159129, 0.830793905372895], "best_unary_tran": [{"name": "add_diff"}], "sim_u4_predicted_ops": [0.30103092783505153, 0.15805243445692885, 0.20158343483556637, 0.269873079492318, 0.09255079006772009, 0.19581056466302368, 0.17225696418419556, 0.23514376996805111], "argmax_sim_u4_predicted_ops": 1}, "B : H  ::  C : ?": {"sim_u1_trans_u2": [0.363013698630137, 0.16091395235780262, 0.3851508120649652, 0.1631758402338042, 0.3859547301218804, 0.15978630403108304, 0.36379211878926326, 0.16374269005847952, 0.8932584269662921], "best_unary_tran": [{"name": "add_diff"}], "sim_u4_predicted_ops": [0.5021978021978022, 0.1964820359281437, 0.31186868686868685, 0.18698224852071005, 0.09416725228390724, 0.1946082561078349, 0.16756465517241378, 0.22623345367027678], "argmax_sim_u4_predicted_ops": 1}, "F : G  ::  E : ?": {"sim_u1_trans_u2": [0.12089914945321993, 0.0936573799644339, 0.12089914945321993, 0.09300947867298578, 0.12089914945321993, 0.0936573799644339, 0.12089914945321993, 0.0936573799644339, 0.33277591973244147], "best_unary_tran": [{"name": "add_diff"}], "sim_u4_predicted_ops": [0.21560574948665298, 0.41156691324815065, 0.41109074243813015, 0.22434853420195439, 0.21347248576850095, 0.15741626794258373, 0.24332810047095763, 0.5632716049382716], "argmax_sim_u4_predicted_ops": 8}, "G : B  ::  E : ?": {"sim_u1_trans_u2": [0.43073910915320607, 0.24754588134869826, 0.4012464046021093, 0.24277210884353742, 0.41275978733687774, 0.24382978723404256, 0.4154963680387409, 0.2443593018305662, 0.7056936647955092], "best_unary_tran": [{"name": "add_diff"}], "sim_u4_predicted_ops": [0.21217712177121772, 0.4294847687100414, 0.1893569844789357, 0.27007299270072993, 0.09639776763064434, 0.16946211683053788, 0.14315181518151815, 0.6763959390862944], "argmax_sim_u4_predicted_ops": 8},