{"unary_analogies_data": {"A : B  ::  C : ?": {"sim_u1_trans_u2": [0.42232109751575825, 0.2521625591643545, 0.23901808785529716, 0.307207360708809, 0.4220574606116775, 0.2591498440833744, 0.2550302633731392, 0.29550827423167847, 0.5943125489172971], "best_unary_tran": [{"name": "add_diff"}], "sim_u4_predicted_ops": [0.41821086261980833, 0.24081632653061225, 0.24357338195077485, 0.5482171087300193, 0.45578005962239154, 0.2777777777777778], "argmax_sim_u4_predicted_ops": 4}, "A : C  ::  B : ?": {"sim_u1_trans_u2": [0.31237148732008224, 0.27522477522477523, 0.2818410041841004, 0.2642786398151205, 0.27289346850589996, 0.2697281167108753, 0.3074428132468419, 0.2653229803403271, 0.47647673810768426], "best_unary_tran": [{"name": "add_diff"}], "sim_u4_predicted_ops": [0.16115320643134357, 0.42781730548542574, 0.4683808200138985, 0.30596388072238556, 0.1448900388098318, 0.1568283654782778], "argmax_sim_u4_predicted_ops": 3}}, "binary_analogies_data": {}}