{"unary_analogies_data": {"A : B  ::  H : ?": {"sim_u1_trans_u2": [0.47085714285714286, 0.22338403041825095, 0.47085714285714286, 0.225130890052356, 0.47085714285714286, 0.2216421452301851, 0.47085714285714286, 0.2239657631954351, 0.9310734463276836], "best_unary_tran": [{"name": "add_diff"}], "sim_u4_predicted_ops": [0.6461144718473709, 0.7411263606247042, 0.6380581728799672, 0.5647447097650942, 0.8876404494382022, 0.6561598224195339, 0.6294934640522876, 0.5413620623316661], "argmax_sim_u4_predicted_ops": 5}, "B : C  ::  H : ?": {"sim_u1_trans_u2": [0.4444444444444444, 0.32299100217188953, 0.34553486904386244, 0.2563347083087802, 0.47085201793721976, 0.33542123394926404, 0.26303317535545023, 0.3980327868852459, 0.7767910005920663], "best_unary_tran": [{"name": "add_diff"}], "sim_u4_predicted_ops": [0.7008979967764218, 0.7309862333559016, 0.5938998657203146, 0.6084534101825169, 0.7827244132591338, 0.6598334401024984, 0.5724582701062215, 0.5822087055692834], "argmax_sim_u4_predicted_ops": 5}, "D : E  ::  H : ?": {"sim_u1_trans_u2": [0.6104540251812285, 0.2790909090909091, 0.4183467741935484, 0.2740718382130999, 0.28924862553451436, 0.3236124176857949, 0.2963759213759214, 0.41930060524546064, 0.9644364074743822], "best_unary_tran": [{"name": "add_diff"}], "sim_u4_predicted_ops": [0.6430511543684926, 0.7357882623705408, 0.6716387413158971, 0.5467166979362101, 0.8163572503763171, 0.6970033296337403, 0.5854700854700855, 0.5596574690770695], "argmax_sim_u4_predicted_ops": 5}, "E : F  ::  H : ?": {"sim_u1_trans_u2": [0.5518394648829431, 0.2426864441697569, 0.46763990267639904, 0.2619246861924686, 0.2850447379633575, 0.388901680865761, 0.3207795051456098, 0.47770700636942676, 0.8372365339578455], "best_unary_tran": [{"name": "add_diff"}], "sim_u4_predicted_ops": [0.7323522648884802, 0.8053117782909931, 0.614356624665903, 0.6474569715722297, 0.7736606089214066, 0.689419795221843, 0.6003414264036419, 0.5710311572700296], "argmax_sim_u4_predicted_ops": 2}, "G : H  ::  H : ?": {"sim_u1_trans_u2": [0.6933856502242153, 0.3716231555051078, 0.5011180124223602, 0.43311195445920303, 0.3753699066697018, 0.4604786076867295, 0.49851190476190477, 0.4054431263084438, 0.9381873340917709], "best_unary_tran": [{"name": "add_diff"}], "sim_u4_predicted_ops": [0.6375448028673835, 0.7411144232974088, 0.6616875252321357, 0.5423949423577538, 0.8123291076311211, 0.7019018133569217, 0.5824662813102119, 0.5598638169094005], "argmax_sim_u4_predicted_ops": 5}, "A : C  ::  G : ?": {"sim_u1_trans_u2": [0.3297463489623367, 0.17367706919945725, 0.3297463489623367, 0.17487266553480477, 0.3297463489623367, 0.17367706919945725, 0.3297463489623367, 0.17527173913043478, 0.9694915254237289], "best_unary_tran": [{"name": "add_diff"}], "sim_u4_predicted_ops": [0.7011087520641661, 0.728719723183391, 0.6380664652567976, 0.6023460410557184, 0.7701206005414718, 0.6543989547038328, 0.5897335423197492, 0.553183377811666], "argmax_sim_u4_predicted_ops": 5}, "D : F  ::  G : ?": {"sim_u1_trans_u2": [0.4211692989747853, 0.23829068083051666, 0.3430217334380728, 0.2857859112559539, 0.25067056815410876, 0.25895925380461465, 0.3895963153616906, 0.33428720083246616, 0.9162145871006631], "best_unary_tran": [{"name": "add_diff"}], "sim_u4_predicted_ops": [0.747053276756247, 0.8371537726838586, 0.6465125469274847, 0.6388834667187195, 0.7226753670473083, 0.7031454783748362, 0.5537282750887684, 0.5574626865671641], "argmax_sim_u4_predicted_ops": 2}, "A : D  ::  F : ?": {"sim_u1_trans_u2": [0.37439222042139386, 0.20855106888361044, 0.3826086956521739, 0.21316165951359084, 0.37439222042139386, 0.210851975249881, 0.3826086956521739, 0.20912547528517111, 0.7830508474576271], "best_unary_tran": [{"name": "add_diff"}], "sim_u4_predicted_ops": [0.7799463283727739, 0.6376404494382022, 0.5526166635178538, 0.7306165099268548, 0.6088879062569091, 0.6114956996014265, 0.5397183098591549, 0.5717831233295151], "argmax_sim_u4_predicted_ops": 1}, "D : G  ::  F : ?": {"sim_u1_trans_u2": [0.45676500508647, 0.2691285081240768, 0.3943524829600779, 0.33499067743940336, 0.3057750759878419, 0.34460093896713617, 0.45676500508647, 0.403004572175049, 0.8119349005424955], "best_unary_tran": [{"name": "add_diff"}], "sim_u4_predicted_ops": [0.7584825636192272, 0.6697564130200474, 0.5501941209095951, 0.6649586125344895, 0.6410934744268078, 0.6538137378845343, 0.504946932901601, 0.5689204333208816], "argmax_sim_u4_predicted_ops": 1}, "B : E  ::  F : ?": {"sim_u1_trans_u2": [0.5307886208138278, 0.30840258541089566, 0.439552996952252, 0.26105013349154554, 0.28623298033282907, 0.3152846534653465, 0.28896300788356577, 0.4011206328279499, 0.8727057430432208], "best_unary_tran": [{"name": "add_diff"}], "sim_u4_predicted_ops": [0.7573231721838533, 0.6591598094413166, 0.5638658628485306, 0.6839138312864909, 0.5838175166774263, 0.6309598823776518, 0.5402640877812906, 0.5702416918429003], "argmax_sim_u4_predicted_ops": 1}, "E : H  ::  F : ?": {"sim_u1_trans_u2": [0.5673758865248227, 0.2636594663278272, 0.4525316455696203, 0.25225603357817417, 0.29239766081871343, 0.3854190852101231, 0.30998902305159165, 0.5049180327868853, 0.8430913348946136], "best_unary_tran": [{"name": "add_diff"}], "sim_u4_predicted_ops": [0.765972894482091, 0.6718129686810763, 0.5519259818731118, 0.6663983903420523, 0.6458616010854816, 0.6536805854498493, 0.5176753655376642, 0.5633187772925764], "argmax_sim_u4_predicted_ops": 1}, "C : F  ::  F : ?": {"sim_u1_trans_u2": [0.6426630434782609, 0.40810621942697417, 0.45417368294443106, 0.3415446071904128, 0.4650993698497334, 0.45452358036573626, 0.3523489932885906, 0.35659784560143626, 0.9184466019417475], "best_unary_tran": [{"name": "add_diff"}], "sim_u4_predicted_ops": [0.8179271708683473, 0.7011230804492322, 0.551684311838306, 0.6795534422162497, 0.6504404265183125, 0.6509433962264151, 0.5091011446800525, 0.5521814337881991], "argmax_sim_u4_predicted_ops": 1}, "A : G  ::  C : ?": {"sim_u1_trans_u2": [0.28119316114950893, 0.19268540467321368, 0.2854014598540146, 0.19511367492365117, 0.28119316114950893, 0.1943031536113937, 0.2844638949671772, 0.19470827679782904, 0.8734463276836159], "best_unary_tran": [{"name": "add_diff"}], "sim_u4_predicted_ops": [0.6941340782122905, 0.6654185022026432, 0.5616073128927823, 0.6589038345713712, 0.6199509038161125, 0.6289054197662062, 0.5283018867924528, 0.5561659405190377], "argmax_sim_u4_predicted_ops": 1}, "B : H  ::  C : ?": {"sim_u1_trans_u2": [0.40176114474408364, 0.32174364296834457, 0.3328100470957614, 0.23401162790697674, 0.35083532219570407, 0.2693745327685024, 0.260267194458189, 0.3335078534031414, 0.8644168146832445], "best_unary_tran": [{"name": "add_diff"}], "sim_u4_predicted_ops": [0.6757188498402555, 0.6838154117906823, 0.5709941075841095, 0.627516122728161, 0.6282792352156514, 0.630246783379034, 0.5318595578673602, 0.5456412170991226], "argmax_sim_u4_predicted_ops": 2}, "F : G  ::  E : ?": {"sim_u1_trans_u2": [0.45612780162136385, 0.45578069129916565, 0.42853801169590644, 0.3870088575970929, 0.3876391729152465, 0.40100940582702455, 0.46908828482078424, 0.34693427437141594, 0.7254455821008722], "best_unary_tran": [{"name": "add_diff"}], "sim_u4_predicted_ops": [0.44981009224091156, 0.4170234197935029, 0.37412280701754386, 0.3758695652173913, 0.41848694725626, 0.3303923844903645, 0.3246395250212044, 0.36247288503253794], "argmax_sim_u4_predicted_ops": 1}, "G : B  ::  E : ?": {"sim_u1_trans_u2": [0.2825378001778832, 0.28865058087578194, 0.44488977955911824, 0.3909967845659164, 0.4267810026385224, 0.34934497816593885, 0.3140947752126367, 0.255732946298984, 0.5642391947898164], "best_unary_tran": [{"name": "add_diff"}], "sim_u4_predicted_ops": [0.3982395305414777, 0.37028769841269843, 0.3270182992465016, 0.3385640584694755, 0.401019313304721, 0.32955350815024803, 0.3292234479775038, 0.3186086214255228], "argmax_sim_u4_predicted_ops": 5},