{"unary_analogies_data": {"A : B  ::  H : ?": {"sim_u1_trans_u2": [0.4918347742555235, 0.3965827338129496, 0.3990990990990991, 0.43530499075785584, 0.4904030710172745, 0.3965827338129496, 0.3990990990990991, 0.4339796860572484, 0.9865125240847784], "best_unary_tran": [{"name": "add_diff"}], "sim_u4_predicted_ops": [0.5486432825943084, 0.7440554821664465, 0.19221879815100154, 0.6119557705597789, 0.5050867743865949, 0.4492091388400703, 0.7840634701621249, 0.770516717325228], "argmax_sim_u4_predicted_ops": 7}, "B : C  ::  H : ?": {"sim_u1_trans_u2": [0.6411543287327478, 0.3617907339927121, 0.3667711598746082, 0.5388235294117647, 0.3381074168797954, 0.3753943217665615, 0.4217391304347826, 0.4880546075085324, 0.988394584139265], "best_unary_tran": [{"name": "add_diff"}], "sim_u4_predicted_ops": [0.5470568673096109, 0.5297029702970297, 0.1943146417445483, 0.5218247456514604, 0.5039085989176187, 0.34970336189848383, 0.6695877961700747, 0.7794852093737995], "argmax_sim_u4_predicted_ops": 8}, "D : E  ::  H : ?": {"sim_u1_trans_u2": [0.6460459183673469, 0.3359213250517598, 0.3562795585916973, 0.4997094712376525, 0.6397712833545108, 0.4997094712376525, 0.3562795585916973, 0.33661315380631796, 0.9768563162970106], "best_unary_tran": [{"name": "add_diff"}], "sim_u4_predicted_ops": [0.5625854993160054, 0.6257861635220126, 0.20080482897384305, 0.5757785467128028, 0.5149368647982754, 0.4067321178120617, 0.743368928694454, 0.8109076433121019], "argmax_sim_u4_predicted_ops": 8}, "E : F  ::  H : ?": {"sim_u1_trans_u2": [0.7243346007604563, 0.4216300940438871, 0.5010343400910219, 0.47840260798696005, 0.7284421152929966, 0.41996086105675146, 0.5028997514498758, 0.47840260798696005, 0.9870466321243523], "best_unary_tran": [{"name": "add_diff"}], "sim_u4_predicted_ops": [0.564451827242525, 0.5576415371076562, 0.1900952380952381, 0.6080849606029463, 0.5192192192192192, 0.4268041237113402, 0.7600676818950931, 0.762781954887218], "argmax_sim_u4_predicted_ops": 8}, "G : H  ::  H : ?": {"sim_u1_trans_u2": [0.724287783679382, 0.4593379648549244, 0.480514096185738, 0.4885368903709879, 0.4036949685534591, 0.5208688245315162, 0.3419767004885381, 0.3851823118696664, 0.9861932938856016], "best_unary_tran": [{"name": "add_diff"}], "sim_u4_predicted_ops": [0.6210607225211375, 0.599933598937583, 0.23441162681669012, 0.5682835820895522, 0.5676046671242279, 0.38150943396226417, 0.74962852897474, 0.9363468634686347], "argmax_sim_u4_predicted_ops": 8}, "A : C  ::  G : ?": {"sim_u1_trans_u2": [0.31972361809045224, 0.26948640483383685, 0.2772036474164134, 0.2937192118226601, 0.32055311125078567, 0.26948640483383685, 0.2764277035236938, 0.2929230769230769, 0.9807321772639692], "best_unary_tran": [{"name": "add_diff"}], "sim_u4_predicted_ops": [0.38581263094881774, 0.5005737234652897, 0.19693396226415094, 0.4763275751759437, 0.4071771686917208, 0.46142805884463584, 0.5376763734614229, 0.48661722025153176], "argmax_sim_u4_predicted_ops": 7}, "D : F  ::  G : ?": {"sim_u1_trans_u2": [0.4840703756538279, 0.37367957746478875, 0.33319094404100813, 0.38711111111111113, 0.49258727881396464, 0.38097345132743365, 0.3846495119787045, 0.4141368373357499, 0.9816779170684667], "best_unary_tran": [{"name": "add_diff"}], "sim_u4_predicted_ops": [0.45768512756689483, 0.46022099447513815, 0.19276644863409004, 0.5316497212200721, 0.4514269241856443, 0.48596112311015116, 0.6122703207723451, 0.530511811023622], "argmax_sim_u4_predicted_ops": 7}, "A : D  ::  F : ?": {"sim_u1_trans_u2": [0.4932821497120921, 0.43410138248847924, 0.40054005400540055, 0.39802336028751123, 0.4932821497120921, 0.4354243542435424, 0.40054005400540055, 0.39802336028751123, 0.9903660886319846], "best_unary_tran": [{"name": "add_diff"}], "sim_u4_predicted_ops": [0.5323906609667872, 0.6152901443045747, 0.2035225048923679, 0.7762906309751434, 0.4924039320822163, 0.36086235489220564, 0.6798174111509618, 0.5233092580433355], "argmax_sim_u4_predicted_ops": 4}, "D : G  ::  F : ?": {"sim_u1_trans_u2": [0.6376440460947503, 0.5484261501210653, 0.362087326943557, 0.3563096500530223, 0.33437663015127805, 0.48548199767711964, 0.4258639910813824, 0.370112479914301, 0.9604628736740598], "best_unary_tran": [{"name": "add_diff"}], "sim_u4_predicted_ops": [0.5159112825458052, 0.6584529008109794, 0.1991574109536576, 0.7547592385218365, 0.4799883143441426, 0.47273371104815864, 0.8083333333333333, 0.6413841314225796], "argmax_sim_u4_predicted_ops": 7}, "B : E  ::  F : ?": {"sim_u1_trans_u2": [0.6557482337829159, 0.4962275101567034, 0.3589878755930416, 0.33852544132917967, 0.6536241180243746, 0.3378308251167618, 0.3589878755930416, 0.4962275101567034, 0.9874274661508704], "best_unary_tran": [{"name": "add_diff"}], "sim_u4_predicted_ops": [0.5397670549084859, 0.6086153846153847, 0.20618556701030927, 0.7869043006586595, 0.4972924187725632, 0.36211512717536815, 0.6844356696281672, 0.5260019874130507], "argmax_sim_u4_predicted_ops": 4}, "E : H  ::  F : ?": {"sim_u1_trans_u2": [0.7345559845559846, 0.4777960526315789, 0.5012531328320802, 0.41775147928994083, 0.7303803562831006, 0.4784039489921843, 0.5006263048016701, 0.4194312796208531, 0.9857512953367875], "best_unary_tran": [{"name": "add_diff"}], "sim_u4_predicted_ops": [0.5225952227243383, 0.6530929437364004, 0.1990811638591118, 0.7544776119402985, 0.48766881972988846, 0.5001803101334295, 0.8419377652050919, 0.6715302491103203], "argmax_sim_u4_predicted_ops": 7}, "C : F  ::  F : ?": {"sim_u1_trans_u2": [0.7243650047036688, 0.48601540332387516, 0.5024590163934426, 0.45591739475774423, 0.39603960396039606, 0.4013761467889908, 0.34236543390699375, 0.5211618257261411, 0.9734513274336283], "best_unary_tran": [{"name": "add_diff"}], "sim_u4_predicted_ops": [0.5742434904996482, 0.579520697167756, 0.21950189953566906, 0.8433236874741629, 0.5260993356532743, 0.37873988032382966, 0.7189338871581862, 0.5535402860132542], "argmax_sim_u4_predicted_ops": 4}, "A : G  ::  C : ?": {"sim_u1_trans_u2": [0.3152804642166344, 0.30185067007019784, 0.2814070351758794, 0.2781954887218045, 0.3152804642166344, 0.30268199233716475, 0.2822124450031427, 0.2781954887218045, 0.9421965317919075], "best_unary_tran": [{"name": "add_diff"}], "sim_u4_predicted_ops": [0.46551181102362205, 0.538506588579795, 0.2059748427672956, 0.6216783216783217, 0.42495015665052693, 0.5031192660550459, 0.7098703888334995, 0.5505354752342704], "argmax_sim_u4_predicted_ops": 7}, "B : H  ::  C : ?": {"sim_u1_trans_u2": [0.48841698841698844, 0.3829596412556054, 0.3270223752151463, 0.3780160857908847, 0.4812680115273775, 0.4153281321707205, 0.3848226313426134, 0.37617135207496655, 0.9787234042553191], "best_unary_tran": [{"name": "add_diff"}], "sim_u4_predicted_ops": [0.4972642420341165, 0.5427312775330396, 0.2060558395595753, 0.6338971106412967, 0.45195936139332366, 0.528555431131019, 0.7455039022734985, 0.5857583019513866], "argmax_sim_u4_predicted_ops": 7}, "F : G  ::  E : ?": {"sim_u1_trans_u2": [0.392967542503864, 0.5172558922558923, 0.33965068747677446, 0.3886748844375963, 0.7077214590241592, 0.4835390946502058, 0.484149855907781, 0.45656565656565656, 0.6686390532544378], "best_unary_tran": [{"name": "mirror_left_right"}], "sim_u4_predicted_ops": [0.597465034965035, 0.5561243144424132, 0.3329040566645203, 0.7057169634489222, 0.5380184331797235, 0.3720106288751107, 0.5762067654884074, 0.7194891201513718], "argmax_sim_u4_predicted_ops": 8}, "G : B  ::  E : ?": {"sim_u1_trans_u2": [0.3342036553524804, 0.37291778613648574, 0.4233983286908078, 0.4828786999419617, 0.6515837104072398, 0.5475469412477286, 0.36485042735042733, 0.35832004253056887, 0.6189555125725339], "best_unary_tran": [{"name": "mirror_left_right"}], "sim_u4_predicted_ops": [0.597465034965035, 0.5561243144424132, 0.3329040566645203, 0.7057169634489222, 0.5380184331797235, 0.3720106288751107, 0.5762067654884074, 0.7194891201513718], "argmax_sim_u4_predicted_ops": 8},