{"unary_analogies_data": {"A : B  ::  H : ?": {"sim_u1_trans_u2": [0.15239477503628446, 0.12464589235127478, 0.15155910079767948, 0.12384996461429583, 0.1591240875912409, 0.12464589235127478, 0.15659140568099053, 0.12384996461429583, 0.3338632750397456], "best_unary_tran": [{"name": "add_diff"}], "sim_u4_predicted_ops": [0.1317027281279398, 0.36408839779005525, 0.10579857578840285, 0.17025440313111545, 0.20694380995888534, 0.16861598440545808, 0.1383177570093458, 0.2807933194154488], "argmax_sim_u4_predicted_ops": 2}, "B : C  ::  H : ?": {"sim_u1_trans_u2": [0.20621683093252463, 0.12279463655610445, 0.2053030303030303, 0.12121212121212122, 0.20896656534954408, 0.12279463655610445, 0.2053030303030303, 0.12121212121212122, 0.43037974683544306], "best_unary_tran": [{"name": "add_diff"}], "sim_u4_predicted_ops": [0.12113055181695828, 0.4727427597955707, 0.10222905457340507, 0.14325259515570934, 0.19622641509433963, 0.1586303284416492, 0.1321762349799733, 0.14419225634178906], "argmax_sim_u4_predicted_ops": 2}, "D : E  ::  H : ?": {"sim_u1_trans_u2": [0.1440677966101695, 0.1440677966101695, 0.14760432766615147, 0.1388036809815951, 0.130997715156131, 0.1388036809815951, 0.12329803328290469, 0.14142966948501154, 0.48825065274151436], "best_unary_tran": [{"name": "add_diff"}], "sim_u4_predicted_ops": [0.1225071225071225, 0.4504424778761062, 0.10617283950617284, 0.13270485859318346, 0.16903225806451613, 0.14703730797366496, 0.14550641940085593, 0.11768754301445286], "argmax_sim_u4_predicted_ops": 2}, "E : F  ::  H : ?": {"sim_u1_trans_u2": [0.1685185185185185, 0.14519056261343014, 0.1750465549348231, 0.14727272727272728, 0.2019047619047619, 0.12177777777777778, 0.21229586935638808, 0.12078152753108348, 0.4751958224543081], "best_unary_tran": [{"name": "add_diff"}], "sim_u4_predicted_ops": [0.12987630827783064, 0.37740112994350283, 0.09897435897435898, 0.23937007874015748, 0.1889799635701275, 0.15070491006319883, 0.13443396226415094, 0.15216357584403234], "argmax_sim_u4_predicted_ops": 2}, "G : H  ::  H : ?": {"sim_u1_trans_u2": [0.15757575757575756, 0.125, 0.15601882985877605, 0.12133072407045009, 0.1544660846205507, 0.12206266318537859, 0.1544660846205507, 0.12721311475409836, 0.4317343173431734], "best_unary_tran": [{"name": "add_diff"}], "sim_u4_predicted_ops": [0.13786848072562358, 0.3473022524882137, 0.09156279961649089, 0.15777262180974477, 0.1934782608695652, 0.17088014981273408, 0.14627539503386006, 0.14612281488121917], "argmax_sim_u4_predicted_ops": 2}, "A : C  ::  G : ?": {"sim_u1_trans_u2": [0.14845173041894352, 0.12891674127126232, 0.1442831215970962, 0.12589285714285714, 0.15582034830430797, 0.12689901697944594, 0.132973944294699, 0.12388591800356506, 0.2591414944356121], "best_unary_tran": [{"name": "add_diff"}], "sim_u4_predicted_ops": [0.13930348258706468, 0.20115356885364094, 0.13775933609958507, 0.17703703703703705, 0.15733165512901195, 0.17538688282977155, 0.17060931899641577, 0.1651376146788991], "argmax_sim_u4_predicted_ops": 2}, "D : F  ::  G : ?": {"sim_u1_trans_u2": [0.1530849825378347, 0.15510204081632653, 0.1537565521258008, 0.15442890442890442, 0.1855176540993417, 0.1584795321637427, 0.18622754491017965, 0.15645067133683596, 0.2992036405005688], "best_unary_tran": [{"name": "add_diff"}], "sim_u4_predicted_ops": [0.13725490196078433, 0.17795753286147623, 0.14323258869908015, 0.15867944621938232, 0.14358974358974358, 0.17130620985010706, 0.14807302231237324, 0.10576923076923077], "argmax_sim_u4_predicted_ops": 2}, "A : D  ::  F : ?": {"sim_u1_trans_u2": [0.122568093385214, 0.1182170542635659, 0.12475633528265107, 0.1203883495145631, 0.12989556135770236, 0.10748560460652591, 0.13508196721311475, 0.10607028753993611, 0.3004769475357711], "best_unary_tran": [{"name": "add_diff"}], "sim_u4_predicted_ops": [0.14962593516209477, 0.18163672654690619, 0.12479652740097667, 0.35803200948429165, 0.2054079696394687, 0.18402061855670104, 0.17277749874434958, 0.160828811050814], "argmax_sim_u4_predicted_ops": 4}, "D : G  ::  F : ?": {"sim_u1_trans_u2": [0.12141882673942701, 0.11836734693877551, 0.11760707002039429, 0.11684782608695653, 0.12295081967213115, 0.11457627118644068, 0.12141882673942701, 0.11533242876526459, 0.3284132841328413], "best_unary_tran": [{"name": "add_diff"}], "sim_u4_predicted_ops": [0.13071371291098638, 0.1718377088305489, 0.11553030303030302, 0.6101499423298731, 0.16325088339222615, 0.17420435510887772, 0.1320754716981132, 0.1267387944358578], "argmax_sim_u4_predicted_ops": 4}, "B : E  ::  F : ?": {"sim_u1_trans_u2": [0.15292096219931273, 0.09551020408163265, 0.14798973481608213, 0.09640522875816994, 0.15391229578675839, 0.09372453137734311, 0.14897260273972604, 0.09461663947797716, 0.46475195822454307], "best_unary_tran": [{"name": "add_diff"}], "sim_u4_predicted_ops": [0.11843202668890743, 0.16708229426433915, 0.11457286432160804, 0.5323325635103926, 0.16728349370836418, 0.1631762652705061, 0.13212221304706853, 0.16820857863751051], "argmax_sim_u4_predicted_ops": 4}, "E : H  ::  F : ?": {"sim_u1_trans_u2": [0.144534115920763, 0.10559886605244508, 0.14705882352941177, 0.1040339702760085, 0.15299334811529933, 0.10325318246110325, 0.15299334811529933, 0.1048158640226629, 0.5143603133159269], "best_unary_tran": [{"name": "add_diff"}], "sim_u4_predicted_ops": [0.13712544438801422, 0.2860335195530726, 0.10153677277716795, 0.3683886838868389, 0.1956521739130435, 0.15476190476190477, 0.15060851926977686, 0.16505348955680083], "argmax_sim_u4_predicted_ops": 4}, "C : F  ::  F : ?": {"sim_u1_trans_u2": [0.15963161933998465, 0.0989090909090909, 0.15696784073506892, 0.0989090909090909, 0.1551987767584098, 0.10050983248361253, 0.15431627196333078, 0.10050983248361253, 0.3291139240506329], "best_unary_tran": [{"name": "add_diff"}], "sim_u4_predicted_ops": [0.13991552270327348, 0.22087912087912087, 0.1106628242074928, 0.3937621832358674, 0.20654911838790932, 0.1702937976060936, 0.1484784889821616, 0.19039913700107874], "argmax_sim_u4_predicted_ops": 4}, "A : G  ::  C : ?": {"sim_u1_trans_u2": [0.14467253176930597, 0.12272291466922339, 0.1435546875, 0.11950286806883365, 0.1424390243902439, 0.12921890067502412, 0.13689320388349516, 0.128131021194605, 0.2730627306273063], "best_unary_tran": [{"name": "add_diff"}], "sim_u4_predicted_ops": [0.10957642725598526, 0.17516218721038, 0.1313953488372093, 0.14080459770114942, 0.14820717131474104, 0.14326647564469913, 0.14776951672862454, 0.20019157088122605], "argmax_sim_u4_predicted_ops": 8}, "B : H  ::  C : ?": {"sim_u1_trans_u2": [0.1570964247020585, 0.10103092783505155, 0.16023900054318305, 0.10159876224858175, 0.1570964247020585, 0.10501810657009829, 0.15897992403689637, 0.10673575129533679, 0.3023983315954119], "best_unary_tran": [{"name": "add_diff"}], "sim_u4_predicted_ops": [0.1336606655755592, 0.31430325352977284, 0.09037212049616067, 0.1434903047091413, 0.1933986591026302, 0.15191986644407346, 0.14502987506789788, 0.19977426636568849], "argmax_sim_u4_predicted_ops": 2}, "F : G  ::  E : ?": {"sim_u1_trans_u2": [0.1657095980311731, 0.17244224422442245, 0.16666666666666666, 0.16954732510288065, 0.1638001638001638, 0.1657095980311731, 0.1638001638001638, 0.16666666666666666, 0.3726937269372694], "best_unary_tran": [{"name": "add_diff"}], "sim_u4_predicted_ops": [0.15578465063001146, 0.20993227990970656, 0.17194570135746606, 0.20024125452352232, 0.1380255941499086, 0.11843575418994413, 0.10649627263045794, 0.14146868250539957], "argmax_sim_u4_predicted_ops": 2}, "G : B  ::  E : ?": {"sim_u1_trans_u2": [0.13626040878122633, 0.12434456928838951, 0.1302710843373494, 0.12434456928838951, 0.13712121212121212, 0.12434456928838951, 0.1302710843373494, 0.12434456928838951, 0.33210332103321033], "best_unary_tran": [{"name": "add_diff"}], "sim_u4_predicted_ops": [0.17001338688085676, 0.1821148825065274, 0.11552612214863871, 0.19093406593406592, 0.22167487684729065, 0.1646586345381526, 0.1448808757244044, 0.43450479233226835], "argmax_sim_u4_predicted_ops": 8},