{"unary_analogies_data": {"A : B  ::  C : ?": {"sim_u1_trans_u2": [0.17811934900542495, 0.17705510388437218, 0.17705510388437218, 0.17387387387387387, 0.17811934900542495, 0.17387387387387387, 0.17705510388437218, 0.17705510388437218, 0.33560477001703576], "best_unary_tran": [{"name": "add_diff"}], "sim_u4_predicted_ops": [0.14708691499522444, 0.615859938208033, 0.24120171673819743, 0.3656597774244833, 0.24293405114401076, 0.3795243019648397], "argmax_sim_u4_predicted_ops": 2}, "A : C  ::  B : ?": {"sim_u1_trans_u2": [0.683076923076923, 0.6442885771543087, 0.6710794297352343, 0.683076923076923, 0.6676829268292683, 0.645937813440321, 0.683076923076923, 0.683076923076923, 0.9301675977653632], "best_unary_tran": [{"name": "add_diff"}], "sim_u4_predicted_ops": [0.5377969762419006, 0.2736318407960199, 0.7476439790575916, 0.2699530516431925, 0.38276553106212424, 0.15162721893491124], "argmax_sim_u4_predicted_ops": 3}}, "binary_analogies_data": {}}