{"unary_analogies_data": {"A : B  ::  H : ?": {"sim_u1_trans_u2": [0.7819397993311037, 0.5275229357798165, 0.432258064516129, 0.4058047493403694, 0.7491792514773473, 0.5205479452054794, 0.44077879935100056, 0.40729001584786056, 0.9621399176954732], "best_unary_tran": [{"name": "add_diff"}], "sim_u4_predicted_ops": [0.7934640522875817, 0.518452380952381, 0.3860103626943005, 0.46163522012578617, 0.6691871455576559, 0.7211343686698177, 0.49103747963063554, 0.6674311926605505], "argmax_sim_u4_predicted_ops": 1}, "B : C  ::  H : ?": {"sim_u1_trans_u2": [0.6829971181556196, 0.42874617737003057, 0.4756790903348073, 0.4270006108735492, 0.5218241042345277, 0.5709482178883658, 0.4756790903348073, 0.42874617737003057, 0.8456735057983943], "best_unary_tran": [{"name": "add_diff"}], "sim_u4_predicted_ops": [0.7522756827048115, 0.4769775678866588, 0.3508230452674897, 0.47574066122799485, 0.6383112791430372, 0.6812373907195696, 0.4588744588744589, 0.6374570446735395], "argmax_sim_u4_predicted_ops": 1}, "D : E  ::  H : ?": {"sim_u1_trans_u2": [0.7767527675276753, 0.4853470437017995, 0.34309623430962344, 0.38428366075706755, 0.6085746102449888, 0.6094707520891365, 0.44884653961885657, 0.29203935599284436, 0.9376391982182628], "best_unary_tran": [{"name": "add_diff"}], "sim_u4_predicted_ops": [0.7891997397527651, 0.5184085510688836, 0.3862461220268873, 0.4623115577889447, 0.6729678638941399, 0.7193808882907133, 0.48863636363636365, 0.6699140401146132], "argmax_sim_u4_predicted_ops": 1}, "E : F  ::  H : ?": {"sim_u1_trans_u2": [0.6854304635761589, 0.4584527220630373, 0.41388888888888886, 0.34656084656084657, 0.3975837451949478, 0.5926157697121401, 0.547112462006079, 0.34584875727128506, 0.8639398998330551], "best_unary_tran": [{"name": "add_diff"}], "sim_u4_predicted_ops": [0.705045278137128, 0.4472748815165877, 0.32456140350877194, 0.4529032258064516, 0.5981132075471698, 0.6327759197324415, 0.4223300970873786, 0.6222479721900348], "argmax_sim_u4_predicted_ops": 1}, "G : H  ::  H : ?": {"sim_u1_trans_u2": [0.8028419182948491, 0.5456852791878173, 0.4051684356252884, 0.44655581947743467, 0.5044466403162056, 0.6730769230769231, 0.6450567260940032, 0.34615384615384615, 0.9509116409537167], "best_unary_tran": [{"name": "add_diff"}], "sim_u4_predicted_ops": [0.6483909415971395, 0.4006532389765923, 0.2960115329168669, 0.47580984434160706, 0.6819899244332494, 0.5744029393753828, 0.503804347826087, 0.6790830945558739], "argmax_sim_u4_predicted_ops": 5}, "A : C  ::  G : ?": {"sim_u1_trans_u2": [0.6720884840598569, 0.48726851851851855, 0.47277936962750716, 0.3699360341151386, 0.6634304207119741, 0.48554913294797686, 0.47277936962750716, 0.3677488025545503, 0.9214986619090099], "best_unary_tran": [{"name": "add_diff"}], "sim_u4_predicted_ops": [0.7589974293059126, 0.459552495697074, 0.3766769865841073, 0.47979583156103783, 0.5773134328358209, 0.6756756756756757, 0.4792004321988115, 0.6759098786828422], "argmax_sim_u4_predicted_ops": 1}, "D : F  ::  G : ?": {"sim_u1_trans_u2": [0.678921568627451, 0.477088948787062, 0.42337662337662335, 0.2845757149554618, 0.5341545352743561, 0.4723267060720043, 0.5384615384615384, 0.271461716937355, 0.9248747913188647], "best_unary_tran": [{"name": "add_diff"}], "sim_u4_predicted_ops": [0.7588424437299035, 0.47447795823665895, 0.37991718426501037, 0.4878048780487805, 0.5913200723327305, 0.6754617414248021, 0.48212351029252437, 0.6943308007013442], "argmax_sim_u4_predicted_ops": 1}, "A : D  ::  F : ?": {"sim_u1_trans_u2": [0.7604473219540906, 0.4792284866468843, 0.39505597014925375, 0.3770718232044199, 0.7189655172413794, 0.4792284866468843, 0.40620592383638926, 0.37643810400368155, 0.8916494133885439], "best_unary_tran": [{"name": "add_diff"}], "sim_u4_predicted_ops": [0.6963512677798392, 0.3972602739726027, 0.4223404255319149, 0.4612159329140461, 0.6823379923761118, 0.7855641205325858, 0.42028985507246375, 0.6784064665127021], "argmax_sim_u4_predicted_ops": 6}, "D : G  ::  F : ?": {"sim_u1_trans_u2": [0.839930151338766, 0.4882297551789077, 0.3845816907577749, 0.39435377150419054, 0.6086513994910941, 0.594853683148335, 0.5464774951076321, 0.31379883624272653, 0.9357976653696498], "best_unary_tran": [{"name": "add_diff"}], "sim_u4_predicted_ops": [0.7961225766103814, 0.4924791086350975, 0.39314115308151093, 0.5307073274036426, 0.6230274693161894, 0.7149263292761051, 0.5057651991614256, 0.7702623906705539], "argmax_sim_u4_predicted_ops": 1}, "B : E  ::  F : ?": {"sim_u1_trans_u2": [0.7023255813953488, 0.5350509286998203, 0.49213744903902157, 0.4146880176697957, 0.5756457564575646, 0.6944444444444444, 0.45899772209567197, 0.412348401323043, 0.8699588477366255], "best_unary_tran": [{"name": "add_diff"}], "sim_u4_predicted_ops": [0.63718820861678, 0.3680203045685279, 0.3893543617545589, 0.42913385826771655, 0.6200696055684455, 0.7120152574698029, 0.38494726749760305, 0.6182396606574762], "argmax_sim_u4_predicted_ops": 6}, "E : H  ::  F : ?": {"sim_u1_trans_u2": [0.8207485226526592, 0.5604952166572875, 0.34742468415937805, 0.4412681912681913, 0.4510727367870225, 0.7075123152709359, 0.6456973293768546, 0.3363855421686747, 0.9279881217520416], "best_unary_tran": [{"name": "add_diff"}], "sim_u4_predicted_ops": [0.7601226993865031, 0.4614964500273075, 0.39303482587064675, 0.4995847176079734, 0.6222222222222222, 0.7141025641025641, 0.47861926841834107, 0.732153055396916], "argmax_sim_u4_predicted_ops": 1}, "C : F  ::  F : ?": {"sim_u1_trans_u2": [0.8032659409020217, 0.352975495915986, 0.5840163934426229, 0.356140350877193, 0.6026261230131306, 0.4789540816326531, 0.5818553888130968, 0.356140350877193, 0.9214986619090099], "best_unary_tran": [{"name": "add_diff"}], "sim_u4_predicted_ops": [0.699501246882793, 0.40099557522123896, 0.4231387252276379, 0.4589819099705511, 0.6833013435700576, 0.7912243453644727, 0.41735966735966734, 0.677307022634939], "argmax_sim_u4_predicted_ops": 6}, "A : G  ::  C : ?": {"sim_u1_trans_u2": [0.7101449275362319, 0.5773778920308483, 0.4396996715157203, 0.3672014260249554, 0.6692056583242655, 0.5741405849153411, 0.4567901234567901, 0.365376056964842, 0.8792270531400966], "best_unary_tran": [{"name": "add_diff"}], "sim_u4_predicted_ops": [0.839851024208566, 0.47550585729499467, 0.3864942528735632, 0.5339403973509934, 0.6555106751298326, 0.724159402241594, 0.5418616744669786, 0.8207217694994179], "argmax_sim_u4_predicted_ops": 1}, "B : H  ::  C : ?": {"sim_u1_trans_u2": [0.6454828660436137, 0.6232329440688383, 0.40404040404040403, 0.3662700465597517, 0.5292414591777649, 0.6232329440688383, 0.5152036718301779, 0.36768513723459345, 0.8526748971193415], "best_unary_tran": [{"name": "add_diff"}], "sim_u4_predicted_ops": [0.7298850574712644, 0.43871297242083757, 0.3781630740393627, 0.46105919003115264, 0.5972602739726027, 0.6607669616519174, 0.4920713577799802, 0.7166035694970254], "argmax_sim_u4_predicted_ops": 1}, "F : G  ::  E : ?": {"sim_u1_trans_u2": [0.639697322467986, 0.3517274472168906, 0.39179841897233203, 0.4618578100674624, 0.5080299785867237, 0.4558139534883721, 0.6349390597794544, 0.26379542395693134, 0.9173622704507512], "best_unary_tran": [{"name": "add_diff"}], "sim_u4_predicted_ops": [0.6456852791878173, 0.3878015475648612, 0.3935002195871761, 0.5235181644359465, 0.6910263299301451, 0.5779388917659244, 0.48761467889908255, 0.6525958272683163], "argmax_sim_u4_predicted_ops": 5}, "G : B  ::  E : ?": {"sim_u1_trans_u2": [0.5823562255723059, 0.40575396825396826, 0.34058656575212864, 0.5187566988210075, 0.5726970033296337, 0.5179432244242099, 0.45856922285126095, 0.3096118299445471, 0.8584362139917695], "best_unary_tran": [{"name": "add_diff"}], "sim_u4_predicted_ops": [0.4806201550387597, 0.41971481711097336, 0.4309425014819206, 0.3163265306122449, 0.6423658872077029, 0.5092348284960422, 0.35, 0.4937923250564334], "argmax_sim_u4_predicted_ops": 5},