{"unary_analogies_data": {"A : B  ::  H : ?": {"sim_u1_trans_u2": [0.5567010309278351, 0.415625, 0.3895705521472393, 0.546829268292683, 0.5164992826398852, 0.5460750853242321, 0.41184327693677647, 0.415625, 0.9775862068965517], "best_unary_tran": [{"name": "add_diff"}], "sim_u4_predicted_ops": [0.20225988700564973, 0.23660714285714285, 0.17613365155131264, 0.3237095363079615, 0.5267727930535456, 0.19370078740157481, 0.3821138211382114, 0.3112107623318386], "argmax_sim_u4_predicted_ops": 5}, "B : C  ::  H : ?": {"sim_u1_trans_u2": [0.28771289537712896, 0.3945981554677207, 0.23009877977919815, 0.39001969796454367, 0.3181818181818182, 0.3945981554677207, 0.20971428571428571, 0.39276315789473687, 0.4942528735632184], "best_unary_tran": [{"name": "add_diff"}], "sim_u4_predicted_ops": [0.11837237977805179, 0.32938856015779094, 0.10119331742243437, 0.17402597402597403, 0.3033381712626996, 0.10895756940806706, 0.16307277628032346, 0.18421052631578946], "argmax_sim_u4_predicted_ops": 2}, "D : E  ::  H : ?": {"sim_u1_trans_u2": [0.45591739475774423, 0.472289156626506, 0.45591739475774423, 0.472289156626506, 0.45591739475774423, 0.472289156626506, 0.45591739475774423, 0.472289156626506, 0.8830769230769231], "best_unary_tran": [{"name": "add_diff"}], "sim_u4_predicted_ops": [0.25278396436525613, 0.22865013774104684, 0.2052505966587112, 0.3722755013077594, 0.5942857142857143, 0.21741397288842546, 0.4848901098901099, 0.35982142857142857], "argmax_sim_u4_predicted_ops": 5}, "E : F  ::  H : ?": {"sim_u1_trans_u2": [0.3954248366013072, 0.4154696132596685, 0.3954248366013072, 0.4154696132596685, 0.3954248366013072, 0.4154696132596685, 0.3954248366013072, 0.4154696132596685, 0.5752773375594294], "best_unary_tran": [{"name": "add_diff"}], "sim_u4_predicted_ops": [0.2523461939520334, 0.2770448548812665, 0.241527446300716, 0.42364106988783434, 0.685997171145686, 0.25507548152004167, 0.45901639344262296, 0.40633245382585753], "argmax_sim_u4_predicted_ops": 5}, "G : H  ::  H : ?": {"sim_u1_trans_u2": [0.6689453125, 0.22684852835606603, 0.6689453125, 0.22684852835606603, 0.6689453125, 0.22684852835606603, 0.6689453125, 0.22684852835606603, 0.9985422740524781], "best_unary_tran": [{"name": "add_diff"}], "sim_u4_predicted_ops": [0.20062047569803515, 0.1806615776081425, 0.223018147086915, 0.38912855910267474, 0.620253164556962, 0.2439664218258132, 0.3875776397515528, 0.3747795414462081], "argmax_sim_u4_predicted_ops": 5}, "A : C  ::  G : ?": {"sim_u1_trans_u2": [0.437984496124031, 0.2576271186440678, 0.2732732732732733, 0.4053030303030303, 0.437984496124031, 0.42077549066539016, 0.2732732732732733, 0.25126475548060706, 0.9446185997910136], "best_unary_tran": [{"name": "add_diff"}], "sim_u4_predicted_ops": [0.21391484942886813, 0.4377880184331797, 0.16034327009936766, 0.16235632183908047, 0.24197002141327623, 0.16048780487804878, 0.14562118126272913, 0.2280564263322884], "argmax_sim_u4_predicted_ops": 2}, "D : F  ::  G : ?": {"sim_u1_trans_u2": [0.4832379394930499, 0.22816519972918078, 0.4735987002437043, 0.22816519972918078, 0.4735987002437043, 0.22816519972918078, 0.4832379394930499, 0.22816519972918078, 0.936608557844691], "best_unary_tran": [{"name": "add_diff"}], "sim_u4_predicted_ops": [0.26334208223972005, 0.2640918580375783, 0.22957198443579765, 0.3540772532188841, 0.5446716899892358, 0.2384507699486701, 0.3500482160077146, 0.3654558932542624], "argmax_sim_u4_predicted_ops": 5}, "A : D  ::  F : ?": {"sim_u1_trans_u2": [0.551238465274405, 0.5385356454720617, 0.43809095002251236, 0.40272288098375053, 0.43809095002251236, 0.5073147711184521, 0.5504854368932038, 0.417036379769299, 0.959425190194421], "best_unary_tran": [{"name": "add_diff"}], "sim_u4_predicted_ops": [0.5445402298850575, 0.17597765363128492, 0.1808206106870229, 0.2, 0.18840579710144928, 0.18762993762993763, 0.34595300261096606, 0.34397810218978103], "argmax_sim_u4_predicted_ops": 1}, "D : G  ::  F : ?": {"sim_u1_trans_u2": [0.29917550058892817, 0.4077855775366943, 0.22691879866518352, 0.4077855775366943, 0.22623679822123402, 0.4077855775366943, 0.29917550058892817, 0.4086845466155811, 0.4965786901270772], "best_unary_tran": [{"name": "add_diff"}], "sim_u4_predicted_ops": [0.29022988505747127, 0.2813102119460501, 0.09376487386958592, 0.10049019607843138, 0.13537675606641125, 0.08940568475452196, 0.17793103448275863, 0.18032786885245902], "argmax_sim_u4_predicted_ops": 1}, "B : E  ::  F : ?": {"sim_u1_trans_u2": [0.48117839607201307, 0.46321746160064675, 0.48117839607201307, 0.46321746160064675, 0.48117839607201307, 0.46321746160064675, 0.48117839607201307, 0.46321746160064675, 0.9046153846153846], "best_unary_tran": [{"name": "add_diff"}], "sim_u4_predicted_ops": [0.5818965517241379, 0.17297297297297298, 0.19151977131967604, 0.21951219512195122, 0.21603563474387527, 0.19989615784008308, 0.37989556135770236, 0.3677007299270073], "argmax_sim_u4_predicted_ops": 1}, "E : H  ::  F : ?": {"sim_u1_trans_u2": [0.4152542372881356, 0.3945720250521921, 0.4152542372881356, 0.3945720250521921, 0.4152542372881356, 0.3945720250521921, 0.4152542372881356, 0.3945720250521921, 0.6030769230769231], "best_unary_tran": [{"name": "add_diff"}], "sim_u4_predicted_ops": [0.6304128902316214, 0.21899736147757257, 0.253217102532171, 0.3155216284987277, 0.43365983971504896, 0.2640750670241287, 0.32687447346251053, 0.4489942528735632], "argmax_sim_u4_predicted_ops": 1}, "C : F  ::  F : ?": {"sim_u1_trans_u2": [0.6303901437371663, 0.2085235920852359, 0.6072874493927125, 0.20030234315948603, 0.6187563710499491, 0.20394238059135708, 0.6187563710499491, 0.20394238059135708, 0.9730586370839936], "best_unary_tran": [{"name": "add_diff"}], "sim_u4_predicted_ops": [0.6206896551724138, 0.1445012787723785, 0.2049571020019066, 0.19923954372623573, 0.1853813559322034, 0.21454545454545454, 0.33497536945812806, 0.39360730593607307], "argmax_sim_u4_predicted_ops": 1}, "A : G  ::  C : ?": {"sim_u1_trans_u2": [0.40658321743161796, 0.44476190476190475, 0.2699874424445375, 0.2921635434412266, 0.2699874424445375, 0.44476190476190475, 0.40658321743161796, 0.2921635434412266, 0.8572825024437928], "best_unary_tran": [{"name": "add_diff"}], "sim_u4_predicted_ops": [0.18272425249169436, 0.45217391304347826, 0.13003663003663005, 0.18054474708171206, 0.20477815699658702, 0.1139364303178484, 0.13904338153503892, 0.15251572327044025], "argmax_sim_u4_predicted_ops": 2}, "B : H  ::  C : ?": {"sim_u1_trans_u2": [0.5281456953642384, 0.23066666666666666, 0.5281456953642384, 0.23066666666666666, 0.5281456953642384, 0.23066666666666666, 0.5281456953642384, 0.23066666666666666, 0.9300291545189504], "best_unary_tran": [{"name": "add_diff"}], "sim_u4_predicted_ops": [0.34393638170974156, 0.29364161849710985, 0.20227173438182613, 0.22101694915254239, 0.20556552962298025, 0.21825962910128388, 0.30930930930930933, 0.24378109452736318], "argmax_sim_u4_predicted_ops": 1}, "F : G  ::  E : ?": {"sim_u1_trans_u2": [0.21349963316214232, 0.615234375, 0.20029027576197386, 0.615234375, 0.20116194625998549, 0.615234375, 0.2126099706744868, 0.615234375, 0.4611727416798732], "best_unary_tran": [{"name": "rot_binary", "args": {"angle": 90}}], "sim_u4_predicted_ops": [0.42826780021253985, 0.14772727272727273, 0.2828424497428705, 0.4745065789473684, 0.4037854889589905, 0.3131105398457584, 0.9259259259259259, 0.4082457558609539], "argmax_sim_u4_predicted_ops": 7}, "G : B  ::  E : ?": {"sim_u1_trans_u2": [0.41386010362694303, 0.20341786108048512, 0.41386010362694303, 0.287905604719764, 0.41386010362694303, 0.287905604719764, 0.41386010362694303, 0.20341786108048512, 0.624633431085044], "best_unary_tran": [{"name": "add_diff"}], "sim_u4_predicted_ops": [0.284435261707989, 0.16905444126074498, 0.23768006065200908, 0.357981220657277, 0.28, 0.2556145365455288, 0.5537542662116041, 0.30132259919493964], "argmax_sim_u4_predicted_ops": 7},