{"unary_analogies_data": {"A : B  ::  H : ?": {"sim_u1_trans_u2": [0.1440273037542662, 0.1440273037542662, 0.1440273037542662, 0.1440273037542662, 0.1440273037542662, 0.1448087431693989, 0.1440273037542662, 0.1432469304229195, 0.4081237911025145], "best_unary_tran": [{"name": "add_diff"}], "sim_u4_predicted_ops": [0.10779537149817296, 0.5565326633165829, 0.42235067437379575, 0.30878618588115797, 0.3963453056080655, 0.2824314306893996, 0.430702787593247, 0.15080428954423591], "argmax_sim_u4_predicted_ops": 2}, "B : C  ::  H : ?": {"sim_u1_trans_u2": [0.37723424270931327, 0.3740028155795401, 0.3785310734463277, 0.37335834896810505, 0.3785310734463277, 0.37529356505401595, 0.37918040508714085, 0.37529356505401595, 0.6919758412424504], "best_unary_tran": [{"name": "add_diff"}], "sim_u4_predicted_ops": [0.08837772397094432, 0.41450777202072536, 0.40666922192410887, 0.3389209009952855, 0.49625085207907293, 0.3006088280060883, 0.4468849840255591, 0.1321762349799733], "argmax_sim_u4_predicted_ops": 5}, "D : E  ::  H : ?": {"sim_u1_trans_u2": [0.31033153430994603, 0.31033153430994603, 0.31033153430994603, 0.31033153430994603, 0.31033153430994603, 0.31033153430994603, 0.31033153430994603, 0.31033153430994603, 0.8964365256124721], "best_unary_tran": [{"name": "add_diff"}], "sim_u4_predicted_ops": [0.19611650485436893, 0.42929061784897027, 0.6619394403986202, 0.43839285714285714, 0.3901846452866861, 0.20375063355296502, 0.5722140762463344, 0.14939172749391727], "argmax_sim_u4_predicted_ops": 3}, "E : F  ::  H : ?": {"sim_u1_trans_u2": [0.13613380007779075, 0.13613380007779075, 0.13613380007779075, 0.13613380007779075, 0.13613380007779075, 0.13613380007779075, 0.13613380007779075, 0.13613380007779075, 0.8333333333333334], "best_unary_tran": [{"name": "add_diff"}], "sim_u4_predicted_ops": [0.1020066889632107, 0.07679738562091504, 0.032639738882088945, 0.04344624447717231, 0.14162162162162162, 0.27802690582959644, 0.04854368932038835, 0.1726315789473684], "argmax_sim_u4_predicted_ops": 6}, "G : H  ::  H : ?": {"sim_u1_trans_u2": [0.1735256682223165, 0.17302798982188294, 0.1735256682223165, 0.17302798982188294, 0.1735256682223165, 0.17302798982188294, 0.1735256682223165, 0.17302798982188294, 0.9380733944954128], "best_unary_tran": [{"name": "add_diff"}], "sim_u4_predicted_ops": [0.05786618444846293, 0.03322259136212625, 0.02077274615704196, 0.03228285933897002, 0.0650759219088937, 0.1324200913242009, 0.02205258693808312, 0.0757238307349666], "argmax_sim_u4_predicted_ops": 6}, "A : C  ::  G : ?": {"sim_u1_trans_u2": [0.09640287769784173, 0.09956709956709957, 0.09640287769784173, 0.09956709956709957, 0.09640287769784173, 0.09956709956709957, 0.09640287769784173, 0.09956709956709957, 0.38878143133462284], "best_unary_tran": [{"name": "add_diff"}], "sim_u4_predicted_ops": [0.12222569552985307, 0.38449006190941676, 0.6936434108527132, 0.33866995073891626, 0.28654404646660214, 0.13008392511297612, 0.7456479690522244, 0.1365265558813946], "argmax_sim_u4_predicted_ops": 7}, "D : F  ::  G : ?": {"sim_u1_trans_u2": [0.11884550084889643, 0.11884550084889643, 0.11979609175870858, 0.11505922165820642, 0.11694915254237288, 0.11600338696020322, 0.11600338696020322, 0.11884550084889643, 0.3333333333333333], "best_unary_tran": [{"name": "add_diff"}], "sim_u4_predicted_ops": [0.10936682365253794, 0.5328185328185329, 0.5917065390749602, 0.4261645193260654, 0.46763848396501456, 0.19540906415538553, 0.6673710904480136, 0.20477611940298507], "argmax_sim_u4_predicted_ops": 7}, "A : D  ::  F : ?": {"sim_u1_trans_u2": [0.08512269938650306, 0.08678955453149001, 0.08512269938650306, 0.08678955453149001, 0.08512269938650306, 0.08678955453149001, 0.08512269938650306, 0.08678955453149001, 0.21470019342359767], "best_unary_tran": [{"name": "add_diff"}], "sim_u4_predicted_ops": [0.16620689655172413, 0.3758782201405152, 0.3279910547894148, 0.3131367292225201, 0.5330396475770925, 0.2684085510688836, 0.34919416730621644, 0.29292107404393813], "argmax_sim_u4_predicted_ops": 5}, "D : G  ::  F : ?": {"sim_u1_trans_u2": [0.36721728081321475, 0.366060093101989, 0.36721728081321475, 0.366060093101989, 0.36721728081321475, 0.366060093101989, 0.36721728081321475, 0.366060093101989, 0.965478841870824], "best_unary_tran": [{"name": "add_diff"}], "sim_u4_predicted_ops": [0.1389177939646202, 0.48410630536737886, 0.5691653786707882, 0.4410757946210269, 0.4406685236768802, 0.19794637763833428, 0.6370309951060359, 0.233451536643026], "argmax_sim_u4_predicted_ops": 7}, "B : E  ::  F : ?": {"sim_u1_trans_u2": [0.42080745341614906, 0.42080745341614906, 0.42080745341614906, 0.42080745341614906, 0.42080745341614906, 0.42080745341614906, 0.42080745341614906, 0.42080745341614906, 0.9352890422778257], "best_unary_tran": [{"name": "add_diff"}], "sim_u4_predicted_ops": [0.14987080103359174, 0.5324123273113709, 0.5727447216890595, 0.4037647058823529, 0.36420395421436, 0.13496280552603612, 0.5475735575085976, 0.21245002855511136], "argmax_sim_u4_predicted_ops": 3}, "E : H  ::  F : ?": {"sim_u1_trans_u2": [0.1352918438345574, 0.1352918438345574, 0.1352918438345574, 0.1352918438345574, 0.1352918438345574, 0.1352918438345574, 0.1352918438345574, 0.1352918438345574, 0.8027522935779816], "best_unary_tran": [{"name": "add_diff"}], "sim_u4_predicted_ops": [0.16396396396396395, 0.10219594594594594, 0.03323758719737382, 0.06363636363636363, 0.09329140461215933, 0.18259023354564755, 0.05328218243819267, 0.23917995444191345], "argmax_sim_u4_predicted_ops": 8}, "C : F  ::  F : ?": {"sim_u1_trans_u2": [0.09834420471650777, 0.10166079516859587, 0.09834420471650777, 0.10055304172951232, 0.09834420471650777, 0.10166079516859587, 0.09834420471650777, 0.1, 0.4666666666666667], "best_unary_tran": [{"name": "add_diff"}], "sim_u4_predicted_ops": [0.14221556886227546, 0.1949579831932773, 0.08036080360803607, 0.09819494584837545, 0.1328125, 0.21223021582733814, 0.10315430520034101, 0.4988662131519274], "argmax_sim_u4_predicted_ops": 8}, "A : G  ::  C : ?": {"sim_u1_trans_u2": [0.10994152046783626, 0.11384976525821597, 0.10994152046783626, 0.11472200469851214, 0.10994152046783626, 0.11428571428571428, 0.10994152046783626, 0.11428571428571428, 0.5454545454545454], "best_unary_tran": [{"name": "add_diff"}], "sim_u4_predicted_ops": [0.11461318051575932, 0.3833455612619222, 0.7080191912268677, 0.3602811950790861, 0.3408482995796714, 0.15337657382678366, 0.7531960227272727, 0.12691875701984276], "argmax_sim_u4_predicted_ops": 7}, "B : H  ::  C : ?": {"sim_u1_trans_u2": [0.21570121951219512, 0.21108580106302202, 0.21385083713850836, 0.21200607902735563, 0.21941896024464833, 0.21477532368621477, 0.21941896024464833, 0.21385083713850836, 0.6490825688073395], "best_unary_tran": [{"name": "add_diff"}], "sim_u4_predicted_ops": [0.09217506631299735, 0.39672925499697154, 0.42700729927007297, 0.2881628280664167, 0.4353932584269663, 0.17407686510926904, 0.4686971235194585, 0.10515021459227468], "argmax_sim_u4_predicted_ops": 7}, "F : G  ::  E : ?": {"sim_u1_trans_u2": [0.18025751072961374, 0.17471166168304145, 0.18025751072961374, 0.17120954003407154, 0.18025751072961374, 0.17270788912579957, 0.18025751072961374, 0.17421007685738685, 1.0], "best_unary_tran": [{"name": "add_diff"}], "sim_u4_predicted_ops": [0.17722473604826547, 0.424105461393597, 0.9192928516525749, 0.4752851711026616, 0.3184713375796178, 0.1355297641332834, 0.8329010744720267, 0.13919275745001886], "argmax_sim_u4_predicted_ops": 3}, "G : B  ::  E : ?": {"sim_u1_trans_u2": [0.49742489270386264, 0.48911651728553135, 0.49742489270386264, 0.4897523484201537, 0.49742489270386264, 0.4897523484201537, 0.49742489270386264, 0.491025641025641, 1.0], "best_unary_tran": [{"name": "add_diff"}], "sim_u4_predicted_ops": [0.2450592885375494, 0.5991217063989962, 0.5206143896523848, 0.47356705620478573, 0.3686415320167564, 0.1464035646085296, 0.41631719405261153, 0.18803986710963455], "argmax_sim_u4_predicted_ops": 2},