{"unary_analogies_data": {"A : B  ::  H : ?": {"sim_u1_trans_u2": [0.5233898305084745, 0.27597955706984667, 0.5213270142180095, 0.28620492272467085, 0.5182432432432432, 0.2854691075514874, 0.5244233378561737, 0.27743035815804434, 0.9601990049751243], "best_unary_tran": [{"name": "add_diff"}], "sim_u4_predicted_ops": [0.12968036529680366, 0.3260950954698615, 0.35680994303469704, 0.41195190947666194, 0.33148250971682397, 0.5914962325080731, 0.37872132747681797, 0.27947238252267104], "argmax_sim_u4_predicted_ops": 6}, "B : C  ::  H : ?": {"sim_u1_trans_u2": [0.27579092159559837, 0.2679425837320574, 0.2775482093663912, 0.271418779986292, 0.27403846153846156, 0.26967830253251196, 0.2775482093663912, 0.2705479452054795, 0.9733009708737864], "best_unary_tran": [{"name": "add_diff"}], "sim_u4_predicted_ops": [0.10855683269476372, 0.28153564899451555, 0.35201149425287354, 0.33620689655172414, 0.39378673383711166, 0.7056110684089162, 0.3959866220735786, 0.2525145579671784], "argmax_sim_u4_predicted_ops": 6}, "D : E  ::  H : ?": {"sim_u1_trans_u2": [0.5721991701244813, 0.29849211788896507, 0.5702445089100705, 0.2936155684533971, 0.5754677754677755, 0.2993827160493827, 0.5682947019867549, 0.29141104294478526, 0.9066403681788298], "best_unary_tran": [{"name": "add_diff"}], "sim_u4_predicted_ops": [0.12053758924821503, 0.28429013406668957, 0.3118881118881119, 0.35501618122977346, 0.30447911424257673, 0.53857421875, 0.2879692832764505, 0.27041602465331277], "argmax_sim_u4_predicted_ops": 6}, "E : F  ::  H : ?": {"sim_u1_trans_u2": [0.36646757679180886, 0.30468431771894094, 0.3334721065778518, 0.31594083812654067, 0.3641396933560477, 0.3132431324313243, 0.33625365039632876, 0.3078807676602695, 0.9187165775401069], "best_unary_tran": [{"name": "add_diff"}], "sim_u4_predicted_ops": [0.12520458265139117, 0.11705532693187014, 0.5794392523364486, 0.19636213311285655, 0.7389558232931727, 0.4561128526645768, 0.118600129617628, 0.3547297297297297], "argmax_sim_u4_predicted_ops": 5}, "G : H  ::  H : ?": {"sim_u1_trans_u2": [0.5119933829611248, 0.26330338631651695, 0.49836065573770494, 0.26243093922651933, 0.5045267489711934, 0.2641770401106501, 0.4898125509372453, 0.26243093922651933, 0.9450381679389313], "best_unary_tran": [{"name": "add_diff"}], "sim_u4_predicted_ops": [0.11297852474323063, 0.30461073318216175, 0.32947976878612717, 0.36803364879074657, 0.351288056206089, 0.6271282633371169, 0.32896015549076774, 0.2891360136869119], "argmax_sim_u4_predicted_ops": 6}, "A : C  ::  G : ?": {"sim_u1_trans_u2": [0.22088353413654618, 0.22334004024144868, 0.21965897693079237, 0.2221105527638191, 0.22088353413654618, 0.2221105527638191, 0.21965897693079237, 0.22334004024144868, 0.5339805825242718], "best_unary_tran": [{"name": "add_diff"}], "sim_u4_predicted_ops": [0.05993431855500821, 0.2744462452728255, 0.09444021325209444, 0.2127751402675874, 0.1095890410958904, 0.3837753510140406, 0.4647636039250669, 0.08469791078486731], "argmax_sim_u4_predicted_ops": 7}, "D : F  ::  G : ?": {"sim_u1_trans_u2": [0.13703703703703704, 0.1465919701213819, 0.13861845155308297, 0.1455223880597015, 0.1380908248378128, 0.14712751050910788, 0.1380908248378128, 0.14445479962721341, 0.3165775401069519], "best_unary_tran": [{"name": "add_diff"}], "sim_u4_predicted_ops": [0.04327485380116959, 0.07515085024684585, 0.09609292502639916, 0.060246262093227795, 0.10869565217391304, 0.11156022635408246, 0.12082957619477007, 0.056210964607911175], "argmax_sim_u4_predicted_ops": 7}, "A : D  ::  F : ?": {"sim_u1_trans_u2": [0.5196078431372549, 0.26221498371335505, 0.4837268666241225, 0.26565051714752314, 0.4875239923224568, 0.25336927223719674, 0.4990328820116054, 0.2684124386252046, 0.9888059701492538], "best_unary_tran": [{"name": "add_diff"}], "sim_u4_predicted_ops": [0.1306706114398422, 0.2779467680608365, 0.5301129234629862, 0.29483695652173914, 0.3719059405940594, 0.287569573283859, 0.2754462132175591, 0.2780935723655444], "argmax_sim_u4_predicted_ops": 3}, "D : G  ::  F : ?": {"sim_u1_trans_u2": [0.37983512999365887, 0.20022062879205738, 0.37983512999365887, 0.20287451630735212, 0.36855345911949683, 0.20287451630735212, 0.40115904700579524, 0.2022099447513812, 0.9145038167938931], "best_unary_tran": [{"name": "add_diff"}], "sim_u4_predicted_ops": [0.14308300395256918, 0.14168937329700274, 0.6900212314225053, 0.24579831932773108, 0.621301775147929, 0.37393162393162394, 0.14824281150159743, 0.33762886597938147], "argmax_sim_u4_predicted_ops": 3}, "B : E  ::  F : ?": {"sim_u1_trans_u2": [0.5006065507480792, 0.34456521739130436, 0.5417532197756544, 0.34213381555153705, 0.5140758873929009, 0.34213381555153705, 0.5277892136681762, 0.35043668122270744, 0.8579348579348579], "best_unary_tran": [{"name": "add_diff"}], "sim_u4_predicted_ops": [0.12066695919262835, 0.3104196816208394, 0.4594594594594595, 0.37927531324077207, 0.3251336898395722, 0.4034195933456562, 0.2945632798573975, 0.2761523046092184], "argmax_sim_u4_predicted_ops": 3}, "E : H  ::  F : ?": {"sim_u1_trans_u2": [0.43375, 0.31839080459770114, 0.443978178766261, 0.31486434849063816, 0.4307692307692308, 0.31536697247706424, 0.4457983193277311, 0.3178858674837227, 0.887468030690537], "best_unary_tran": [{"name": "add_diff"}], "sim_u4_predicted_ops": [0.10869565217391304, 0.09612625538020086, 0.4715359828141783, 0.1608125264494287, 0.5576662143826323, 0.3040488922841864, 0.10837438423645321, 0.2716049382716049], "argmax_sim_u4_predicted_ops": 5}, "C : F  ::  F : ?": {"sim_u1_trans_u2": [0.40752351097178685, 0.3231827111984283, 0.39009287925696595, 0.3389662027833002, 0.3987538940809969, 0.3402985074626866, 0.39585492227979274, 0.3231827111984283, 0.9466019417475728], "best_unary_tran": [{"name": "add_diff"}], "sim_u4_predicted_ops": [0.14554242749731472, 0.24117875145405196, 0.5948215535339398, 0.319364161849711, 0.42254495159059474, 0.33129770992366414, 0.23952095808383234, 0.3026874115983027], "argmax_sim_u4_predicted_ops": 3}, "A : G  ::  C : ?": {"sim_u1_trans_u2": [0.09616829451540196, 0.09947249434815374, 0.09699248120300752, 0.10030165912518854, 0.09699248120300752, 0.09947249434815374, 0.09534534534534535, 0.10113207547169811, 0.19541984732824427], "best_unary_tran": [{"name": "add_diff"}], "sim_u4_predicted_ops": [0.1715686274509804, 0.11392405063291139, 0.20700985761226726, 0.09078889378580873, 0.09316770186335403, 0.05808823529411765, 0.18710263396911897, 0.11768851303735024], "argmax_sim_u4_predicted_ops": 3}, "B : H  ::  C : ?": {"sim_u1_trans_u2": [0.11986301369863013, 0.14535901926444833, 0.11938382541720154, 0.1423580786026201, 0.11938382541720154, 0.1423580786026201, 0.11986301369863013, 0.1448577680525164, 0.23870417732310314], "best_unary_tran": [{"name": "add_diff"}], "sim_u4_predicted_ops": [0.1073738680465718, 0.058305830583058306, 0.10718232044198896, 0.04764005293339215, 0.14202049780380674, 0.08596918085969181, 0.09627611262488647, 0.0682961897915169], "argmax_sim_u4_predicted_ops": 5}, "F : G  ::  E : ?": {"sim_u1_trans_u2": [0.08829568788501027, 0.08755129958960328, 0.08755129958960328, 0.08829568788501027, 0.08755129958960328, 0.08680792891319207, 0.08755129958960328, 0.08755129958960328, 0.1969465648854962], "best_unary_tran": [{"name": "add_diff"}], "sim_u4_predicted_ops": [0.4162531017369727, 0.7627564439768543, 0.14305882352941177, 0.5775933609958506, 0.11973617453069507, 0.3215480172001911, 0.371875, 0.4127061105722599], "argmax_sim_u4_predicted_ops": 2}, "G : B  ::  E : ?": {"sim_u1_trans_u2": [0.07150153217568948, 0.07700205338809035, 0.07204905467552376, 0.07644946126218574, 0.0709545686574783, 0.07644946126218574, 0.07259713701431493, 0.07755521314843349, 0.21374045801526717], "best_unary_tran": [{"name": "add_diff"}], "sim_u4_predicted_ops": [0.22113095238095237, 0.5262691853600945, 0.24604105571847507, 0.5673264566490103, 0.17508024511234316, 0.3166810221073787, 0.2940151074956421, 0.37108922363847047], "argmax_sim_u4_predicted_ops": 4},