{"unary_analogies_data": {"A : B  ::  H : ?": {"sim_u1_trans_u2": [0.7992759452936444, 0.5131935047361299, 0.5086003372681281, 0.5086003372681281, 0.5086003372681281, 0.7992759452936444, 0.5131935047361299, 0.5086003372681281, 0.9949924887330996], "best_unary_tran": [{"name": "add_diff"}], "sim_u4_predicted_ops": [0.3543201607501674, 0.21882446386020651, 0.36538461538461536, 0.9582608695652174, 0.5222748815165876, 0.26605504587155965, 0.3603662524525834, 0.5369458128078818], "argmax_sim_u4_predicted_ops": 4}, "B : C  ::  H : ?": {"sim_u1_trans_u2": [0.7536231884057971, 0.42932790224032585, 0.7536231884057971, 0.42932790224032585, 0.7536231884057971, 0.42932790224032585, 0.7536231884057971, 0.42932790224032585, 0.9973544973544973], "best_unary_tran": [{"name": "add_diff"}], "sim_u4_predicted_ops": [0.35475234270414996, 0.21961874503574266, 0.3658051689860835, 0.9583333333333334, 0.5227272727272727, 0.2670207629164655, 0.3616742969260955, 0.5374015748031497], "argmax_sim_u4_predicted_ops": 4}, "D : E  ::  H : ?": {"sim_u1_trans_u2": [0.75, 0.4671717171717172, 0.46964586846543, 0.4671717171717172, 0.46964586846543, 0.7300248138957817, 0.46964586846543, 0.4671717171717172, 1.0], "best_unary_tran": [{"name": "add_diff"}], "sim_u4_predicted_ops": [0.3584010840108401, 0.21207307386814933, 0.3541114058355438, 0.928695652173913, 0.5061611374407583, 0.25784645098986, 0.34924787442773053, 0.5216962524654832], "argmax_sim_u4_predicted_ops": 4}, "E : F  ::  H : ?": {"sim_u1_trans_u2": [0.6900937081659974, 0.671078755790867, 0.6900937081659974, 0.671078755790867, 0.6900937081659974, 0.671078755790867, 0.6900937081659974, 0.671078755790867, 1.0], "best_unary_tran": [{"name": "add_diff"}], "sim_u4_predicted_ops": [0.36613119143239625, 0.22637013502779985, 0.3626229508196721, 0.9341216216216216, 0.5158582089552238, 0.27522935779816515, 0.3727926749509483, 0.5285575992255567], "argmax_sim_u4_predicted_ops": 4}, "G : H  ::  H : ?": {"sim_u1_trans_u2": [0.6592252133946159, 0.2892857142857143, 0.6592252133946159, 0.2892857142857143, 0.6592252133946159, 0.2892857142857143, 0.6592252133946159, 0.2892857142857143, 0.9728682170542635], "best_unary_tran": [{"name": "add_diff"}], "sim_u4_predicted_ops": [0.347622237106497, 0.21485305798252582, 0.3489137590520079, 0.9044368600682594, 0.4971857410881801, 0.2612264606470304, 0.3538260300850229, 0.5121951219512195], "argmax_sim_u4_predicted_ops": 4}, "A : C  ::  G : ?": {"sim_u1_trans_u2": [0.6106623586429726, 0.6106623586429726, 0.6106623586429726, 0.6106623586429726, 0.6106623586429726, 0.6106623586429726, 0.6106623586429726, 0.6106623586429726, 1.0], "best_unary_tran": [{"name": "add_diff"}], "sim_u4_predicted_ops": [0.3722972972972973, 0.22239872915011913, 0.35075114304376226, 0.8979933110367893, 0.49814471243042674, 0.25644699140401145, 0.34600515463917525, 0.5130183220829315], "argmax_sim_u4_predicted_ops": 4}, "D : F  ::  G : ?": {"sim_u1_trans_u2": [0.517570281124498, 0.517570281124498, 0.517570281124498, 0.517570281124498, 0.517570281124498, 0.517570281124498, 0.517570281124498, 0.517570281124498, 1.0], "best_unary_tran": [{"name": "add_diff"}], "sim_u4_predicted_ops": [0.3722972972972973, 0.22239872915011913, 0.35075114304376226, 0.8979933110367893, 0.49814471243042674, 0.25644699140401145, 0.34600515463917525, 0.5130183220829315], "argmax_sim_u4_predicted_ops": 4}, "A : D  ::  F : ?": {"sim_u1_trans_u2": [0.8045234248788369, 0.513550135501355, 0.5238744884038199, 0.513550135501355, 0.5238744884038199, 0.7900641025641025, 0.5238744884038199, 0.513550135501355, 1.0], "best_unary_tran": [{"name": "add_diff"}], "sim_u4_predicted_ops": [0.3534540576794098, 0.21723590150913424, 0.36273209549071617, 0.8857142857142857, 0.5184834123222749, 0.2641236117817479, 0.3577501635055592, 0.5077519379844961], "argmax_sim_u4_predicted_ops": 4}, "D : G  ::  F : ?": {"sim_u1_trans_u2": [0.7435, 0.40434957712444625, 0.7435, 0.40434957712444625, 0.7505020080321285, 0.40434957712444625, 0.7505020080321285, 0.40434957712444625, 0.9946488294314382], "best_unary_tran": [{"name": "add_diff"}], "sim_u4_predicted_ops": [0.3714670255720054, 0.22517871326449562, 0.3759946949602122, 0.9826388888888888, 0.5374407582938389, 0.2737807822308064, 0.3708306082406802, 0.5481335952848723], "argmax_sim_u4_predicted_ops": 4}, "B : E  ::  F : ?": {"sim_u1_trans_u2": [0.7463731865932967, 0.468040370058873, 0.468040370058873, 0.468040370058873, 0.46742328709541825, 0.7472472472472472, 0.468040370058873, 0.4686579722339083, 0.998661311914324], "best_unary_tran": [{"name": "add_diff"}], "sim_u4_predicted_ops": [0.37381275440976935, 0.2200158856235107, 0.3673740053050398, 0.9532871972318339, 0.5251184834123223, 0.26750362143891837, 0.3623283191628515, 0.5368731563421829], "argmax_sim_u4_predicted_ops": 4}, "E : H  ::  F : ?": {"sim_u1_trans_u2": [0.671740569159497, 0.6907630522088354, 0.671740569159497, 0.6907630522088354, 0.671740569159497, 0.6907630522088354, 0.671740569159497, 0.6907630522088354, 0.9835271317829457], "best_unary_tran": [{"name": "add_diff"}], "sim_u4_predicted_ops": [0.36947791164658633, 0.2283558379666402, 0.3812997347480106, 0.9965277777777778, 0.5450236966824644, 0.27764365041042977, 0.3760627861347286, 0.555992141453831], "argmax_sim_u4_predicted_ops": 4}, "C : F  ::  F : ?": {"sim_u1_trans_u2": [0.6818783068783069, 0.29283172343670566, 0.6818783068783069, 0.29283172343670566, 0.6818783068783069, 0.29283172343670566, 0.6818783068783069, 0.29283172343670566, 1.0], "best_unary_tran": [{"name": "add_diff"}], "sim_u4_predicted_ops": [0.3527443105756359, 0.21842732327243844, 0.3647214854111406, 0.8812709030100334, 0.5213270142180095, 0.2655721873491067, 0.3597122302158273, 0.506280193236715], "argmax_sim_u4_predicted_ops": 4}, "A : G  ::  C : ?": {"sim_u1_trans_u2": [0.5986312399355878, 0.5915831663326653, 0.5986312399355878, 0.5915831663326653, 0.6037964458804523, 0.5864962045545346, 0.6037964458804523, 0.5864962045545346, 0.9946488294314382], "best_unary_tran": [{"name": "add_diff"}], "sim_u4_predicted_ops": [0.3714670255720054, 0.22517871326449562, 0.3759946949602122, 0.9826388888888888, 0.5374407582938389, 0.2737807822308064, 0.3708306082406802, 0.5481335952848723], "argmax_sim_u4_predicted_ops": 4}, "B : H  ::  C : ?": {"sim_u1_trans_u2": [0.516016016016016, 0.5167751627441162, 0.516016016016016, 0.5167751627441162, 0.516016016016016, 0.5167751627441162, 0.516016016016016, 0.5167751627441162, 0.999031007751938], "best_unary_tran": [{"name": "add_diff"}], "sim_u4_predicted_ops": [0.3684913217623498, 0.22994440031771246, 0.38303512259774686, 0.9930915371329879, 0.5444234404536862, 0.2777242044358727, 0.37597911227154046, 0.555337904015671], "argmax_sim_u4_predicted_ops": 4}, "F : G  ::  E : ?": {"sim_u1_trans_u2": [0.2894333843797856, 0.6585686145764937, 0.2894333843797856, 0.6596583442838371, 0.2894333843797856, 0.6596583442838371, 0.2894333843797856, 0.6585686145764937, 0.5499515033947624], "best_unary_tran": [{"name": "rot_binary", "args": {"angle": 270}}], "sim_u4_predicted_ops": [0.5005060728744939, 0.38440303657694963, 0.5285132382892057, 0.3848728246318608, 0.686962276637988, 0.7213906325446644, 0.669243511871894, 0.5508054522924412], "argmax_sim_u4_predicted_ops": 6}, "G : B  ::  E : ?": {"sim_u1_trans_u2": [0.41663286004056793, 0.7287128712871287, 0.4154843940008107, 0.7278574962889659, 0.41663286004056793, 0.7278574962889659, 0.41663286004056793, 0.7210448496796451, 0.6869565217391305], "best_unary_tran": [{"name": "rot_binary", "args": {"angle": 90}}], "sim_u4_predicted_ops": [0.5005060728744939, 0.38440303657694963, 0.5285132382892057, 0.3848728246318608, 0.6858465608465608, 0.7213906325446644, 0.6683222958057395, 0.5517668939863608], "argmax_sim_u4_predicted_ops": 6}, "H : C  ::  E : ?": {"sim_u1_trans_u2": [0.2926829268292683, 0.6825396825396826, 0.2926829268292683, 0.6825396825396826, 0.2926829268292683, 0.6825396825396826, 0.2926829268292683, 0.6825396825396826, 0.5581395348837209], "best_unary_tran": [{"name": "rot_binary",