{"unary_analogies_data": {"A : B  ::  C : ?": {"sim_u1_trans_u2": [0.65625, 0.5467202141900938, 0.6132365261100251, 0.5405333333333333, 0.6416595623756749, 0.546306209850107, 0.6016079844746327, 0.5446524064171123, 0.959748427672956], "best_unary_tran": [{"name": "add_diff"}], "sim_u4_predicted_ops": [0.607457898957498, 0.8714459788789602, 0.4761803487877499, 0.46621914248592466, 0.6650366748166259, 0.772095013909694], "argmax_sim_u4_predicted_ops": 2}, "A : C  ::  B : ?": {"sim_u1_trans_u2": [0.5988523735002608, 0.5098522167487685, 0.5946930280957337, 0.5124599062422897, 0.5976022934584311, 0.5094804235409998, 0.5926214601195116, 0.516575952498763, 0.9626834381551362], "best_unary_tran": [{"name": "add_diff"}], "sim_u4_predicted_ops": [0.6987874920229739, 0.8596597812879708, 0.4778609625668449, 0.47655565293602103, 0.654332267397594, 0.6597585513078471], "argmax_sim_u4_predicted_ops": 2}}, "binary_analogies_data": {}}