{"unary_analogies_data": {"A : B  ::  H : ?": {"sim_u1_trans_u2": [0.9311926605504587, 0.7914893617021277, 0.7914893617021277, 0.7689075630252101, 0.8225108225108225, 0.7254098360655737, 0.8711111111111111, 0.8546255506607929, 0.9854368932038835], "best_unary_tran": [{"name": "add_diff"}], "sim_u4_predicted_ops": [0.6437677053824362, 0.21804788213627993, 0.4239940387481371, 0.14373558800922367, 0.5296269202633505, 0.41198501872659177, 0.26611068991660347, 0.7310866574965612], "argmax_sim_u4_predicted_ops": 8}, "B : C  ::  H : ?": {"sim_u1_trans_u2": [0.9107142857142857, 0.8059071729957806, 0.7398373983739838, 0.8135593220338984, 0.8369098712446352, 0.746938775510204, 0.7833333333333333, 0.9192825112107623, 0.9577464788732394], "best_unary_tran": [{"name": "add_diff"}], "sim_u4_predicted_ops": [0.6485714285714286, 0.21729490022172948, 0.4259954921111946, 0.1442979053529868, 0.5335793357933579, 0.41603630862329805, 0.26778882938026016, 0.7352737352737353], "argmax_sim_u4_predicted_ops": 8}, "D : E  ::  H : ?": {"sim_u1_trans_u2": [0.875, 0.7672413793103449, 0.7697841726618705, 0.8195266272189349, 0.8468468468468469, 0.8303571428571429, 0.7723342939481268, 0.7723342939481268, 0.9363784665579119], "best_unary_tran": [{"name": "add_diff"}], "sim_u4_predicted_ops": [0.636109167249825, 0.21669106881405564, 0.42078113485630064, 0.1427486712224753, 0.5242227042660882, 0.4068047337278107, 0.26272455089820357, 0.7226376614547927], "argmax_sim_u4_predicted_ops": 8}, "E : F  ::  H : ?": {"sim_u1_trans_u2": [0.8590704647676162, 0.6893732970027248, 0.8873668188736682, 0.6939890710382514, 0.8646616541353384, 0.6756756756756757, 0.8844984802431611, 0.712707182320442, 0.9286871961102107], "best_unary_tran": [{"name": "add_diff"}], "sim_u4_predicted_ops": [0.629757785467128, 0.21756559766763847, 0.41351744186046513, 0.1400749063670412, 0.516773733047823, 0.40175310445580714, 0.2603550295857988, 0.7143817204301075], "argmax_sim_u4_predicted_ops": 8}, "G : H  ::  H : ?": {"sim_u1_trans_u2": [0.804860088365243, 0.789051094890511, 0.7212078651685393, 0.8088560885608856, 0.7969208211143695, 0.8155555555555556, 0.7224174279690794, 0.794289897510981, 0.9161777032690696], "best_unary_tran": [{"name": "add_diff"}], "sim_u4_predicted_ops": [0.5853187379265937, 0.22226160935838354, 0.38368172623061364, 0.13125, 0.48010610079575594, 0.37262872628726285, 0.2404109589041096, 0.6695979899497487], "argmax_sim_u4_predicted_ops": 8}, "A : C  ::  G : ?": {"sim_u1_trans_u2": [0.8789237668161435, 0.8296943231441049, 0.7458333333333333, 0.7679324894514767, 0.7829787234042553, 0.7385892116182573, 0.8138528138528138, 0.8873873873873874, 0.9514563106796117], "best_unary_tran": [{"name": "add_diff"}], "sim_u4_predicted_ops": [0.6142857142857143, 0.2235205427817565, 0.4659270998415214, 0.15546558704453442, 0.49155033063923587, 0.37142857142857144, 0.28617106314948043, 0.7344632768361582], "argmax_sim_u4_predicted_ops": 8}, "D : F  ::  G : ?": {"sim_u1_trans_u2": [0.7556818181818182, 0.7631954350927247, 0.8176470588235294, 0.7507082152974505, 0.7939042089985486, 0.7433004231311706, 0.7809798270893372, 0.7733142037302726, 0.867862969004894], "best_unary_tran": [{"name": "add_diff"}], "sim_u4_predicted_ops": [0.5887978142076503, 0.222140221402214, 0.4427710843373494, 0.14757878554957723, 0.4677871148459384, 0.3538681948424069, 0.2737642585551331, 0.7029034436191762], "argmax_sim_u4_predicted_ops": 8}, "A : D  ::  F : ?": {"sim_u1_trans_u2": [0.3, 0.2737169517884914, 0.2857142857142857, 0.3125, 0.2757009345794392, 0.2979397781299525, 0.3188405797101449, 0.2836990595611285, 0.9174757281553398], "best_unary_tran": [{"name": "add_diff"}], "sim_u4_predicted_ops": [0.2814674256799494, 0.20191540303272146, 0.5060577819198508, 0.18943170488534397, 0.16245954692556636, 0.1134453781512605, 0.3722554890219561, 0.3775573465592065], "argmax_sim_u4_predicted_ops": 3}, "D : G  ::  F : ?": {"sim_u1_trans_u2": [0.46472019464720193, 0.4010861132660978, 0.3978328173374613, 0.4010861132660978, 0.4265402843601896, 0.42992874109263657, 0.4242902208201893, 0.3817903596021423, 0.9347471451876019], "best_unary_tran": [{"name": "add_diff"}], "sim_u4_predicted_ops": [0.2912565141864505, 0.21450151057401812, 0.4185502727981294, 0.14979423868312758, 0.3149243918474688, 0.34080717488789236, 0.30820215410107704, 0.3206314643440392], "argmax_sim_u4_predicted_ops": 3}, "B : E  ::  F : ?": {"sim_u1_trans_u2": [0.29797191887675506, 0.2780337941628264, 0.31645569620253167, 0.29595015576323985, 0.3, 0.29797191887675506, 0.3185419968304279, 0.27411944869831545, 0.8883720930232558], "best_unary_tran": [{"name": "add_diff"}], "sim_u4_predicted_ops": [0.23317307692307693, 0.21665999199038846, 0.485972850678733, 0.17664092664092665, 0.1373283395755306, 0.09263015551048005, 0.3681640625, 0.33571004159239454], "argmax_sim_u4_predicted_ops": 3}, "E : H  ::  F : ?": {"sim_u1_trans_u2": [0.4659890539483972, 0.37969094922737306, 0.4568764568764569, 0.3837638376383764, 0.4625585023400936, 0.3837638376383764, 0.45800933125972004, 0.3786764705882353, 0.965964343598055], "best_unary_tran": [{"name": "add_diff"}], "sim_u4_predicted_ops": [0.34202726733847066, 0.27351097178683387, 0.40242057488653554, 0.1466346153846154, 0.34701986754966885, 0.3775433308214017, 0.2997582594681708, 0.37276785714285715], "argmax_sim_u4_predicted_ops": 3}, "C : F  ::  F : ?": {"sim_u1_trans_u2": [0.2981366459627329, 0.2961240310077519, 0.2921174652241113, 0.2822085889570552, 0.3042121684867395, 0.28615384615384615, 0.28615384615384615, 0.29411764705882354, 0.9014084507042254], "best_unary_tran": [{"name": "add_diff"}], "sim_u4_predicted_ops": [0.2262686567164179, 0.2015810276679842, 0.4904805077062557, 0.17630057803468208, 0.13503422526446796, 0.08736559139784947, 0.37145650048875856, 0.33848899464604404], "argmax_sim_u4_predicted_ops": 3}, "A : G  ::  C : ?": {"sim_u1_trans_u2": [0.15715467328370555, 0.14297385620915032, 0.1495480690221857, 0.16196013289036545, 0.1448445171849427, 0.15619834710743802, 0.1638935108153078, 0.14672131147540984, 0.9223300970873787], "best_unary_tran": [{"name": "add_diff"}], "sim_u4_predicted_ops": [0.5334773218142549, 0.17098835024426906, 0.3271604938271605, 0.19100091827364554, 0.28378378378378377, 0.3060909791827294, 0.3193577163247101, 0.49007046764894296], "argmax_sim_u4_predicted_ops": 1}, "B : H  ::  C : ?": {"sim_u1_trans_u2": [0.15892997639653816, 0.14988290398126464, 0.15984251968503937, 0.14898595943837753, 0.15984251968503937, 0.15078125, 0.15984251968503937, 0.1480904130943102, 0.9395348837209302], "best_unary_tran": [{"name": "add_diff"}], "sim_u4_predicted_ops": [0.5584229390681004, 0.1738484398216939, 0.32831325301204817, 0.17734855136084285, 0.31351351351351353, 0.3420849420849421, 0.29948805460750855, 0.5349740932642487], "argmax_sim_u4_predicted_ops": 1}, "F : G  ::  E : ?": {"sim_u1_trans_u2": [0.39692307692307693, 0.39157088122605366, 0.41985926505082094, 0.39692307692307693, 0.4165366614664587, 0.3894414690130069, 0.39907550077041604, 0.39584934665641813, 0.8282504012841091], "best_unary_tran": [{"name": "add_diff"}], "sim_u4_predicted_ops": [0.37142857142857144, 0.2541586073500967, 0.45813586097946285, 0.15129449838187703, 0.3426110006626905, 0.3294375456537619, 0.2799043062200957, 0.41898148148148145], "argmax_sim_u4_predicted_ops": 3}, "G : B  ::  E : ?": {"sim_u1_trans_u2": [0.15599343185550082, 0.16556291390728478, 0.15126737530662307, 0.1465798045602606, 0.14471544715447154, 0.15504511894995898, 0.16363636363636364, 0.1540983606557377, 0.8837209302325582], "best_unary_tran": [{"name": "add_diff"}], "sim_u4_predicted_ops": [0.2689274447949527, 0.14015817223198593, 0.7684365781710915, 0.28903654485049834, 0.15590947191953058, 0.07713498622589532, 0.4806800618238022, 0.35918674698795183], "argmax_sim_u4_predicted_ops": 3},