{"unary_analogies_data": {"A : B  ::  H : ?": {"sim_u1_trans_u2": [0.3046694405917707, 0.2116788321167883, 0.33617424242424243, 0.17387687188019968, 0.3046694405917707, 0.18721076987799748, 0.3355418835778514, 0.1972846839202376, 0.925561797752809], "best_unary_tran": [{"name": "add_diff"}], "sim_u4_predicted_ops": [0.7378621769772905, 0.8325253415601587, 0.404525269613026, 0.5805967348470632, 0.5334510496370414, 0.626188166828322, 0.6101466049382716, 0.4723404255319149], "argmax_sim_u4_predicted_ops": 2}, "B : C  ::  H : ?": {"sim_u1_trans_u2": [0.5182807703042144, 0.2781954887218045, 0.43082588111520254, 0.30361849988018214, 0.37235116044399597, 0.41372141372141374, 0.3596600849787553, 0.4027849406910779, 0.8800947867298579], "best_unary_tran": [{"name": "add_diff"}], "sim_u4_predicted_ops": [0.7798581001182499, 0.7790380172232724, 0.39950576606260296, 0.6079865016872891, 0.6062071745264006, 0.7063761742954228, 0.6551791277258567, 0.4857829395274329], "argmax_sim_u4_predicted_ops": 1}, "D : E  ::  H : ?": {"sim_u1_trans_u2": [0.6522284996861268, 0.5178777393310265, 0.45494748479823105, 0.41581495427649273, 0.5135135135135135, 0.41543425652057003, 0.3651452282157676, 0.3306370070778564, 0.9471285323609845], "best_unary_tran": [{"name": "add_diff"}], "sim_u4_predicted_ops": [0.7846919726197884, 0.8527988942639945, 0.3973233874506362, 0.5924189136381399, 0.5450634985661614, 0.6697549927939057, 0.6032565528196981, 0.4756277695716396], "argmax_sim_u4_predicted_ops": 2}, "E : F  ::  H : ?": {"sim_u1_trans_u2": [0.672888250777698, 0.42180191173479764, 0.4671563483735572, 0.5734863830744992, 0.5910332271279017, 0.49252775405636207, 0.48555036124096895, 0.4730299199325748, 0.9159609120521173], "best_unary_tran": [{"name": "add_diff"}], "sim_u4_predicted_ops": [0.7639739285008889, 0.7930591259640103, 0.37664473684210525, 0.6079286798179059, 0.6117141101781691, 0.6530172413793104, 0.6648830757035276, 0.49144254278728605], "argmax_sim_u4_predicted_ops": 2}, "G : H  ::  H : ?": {"sim_u1_trans_u2": [0.7545226130653266, 0.46640067198656027, 0.67578593712503, 0.46670867464818316, 0.5459375691830861, 0.6602472658107466, 0.505605864596809, 0.6705741626794258, 0.9569789674952199], "best_unary_tran": [{"name": "add_diff"}], "sim_u4_predicted_ops": [0.7748051400884769, 0.8786430960344004, 0.3972911963882618, 0.5821754664549424, 0.5246376811594203, 0.6703875315922494, 0.5786842631473705, 0.4755305326981377], "argmax_sim_u4_predicted_ops": 2}, "A : C  ::  G : ?": {"sim_u1_trans_u2": [0.20620710235750522, 0.13667041619797526, 0.20405123622281798, 0.1303131991051454, 0.20083184789067143, 0.13189582749929993, 0.2094554159186116, 0.13380084151472652, 0.9705056179775281], "best_unary_tran": [{"name": "add_diff"}], "sim_u4_predicted_ops": [0.8076539764799681, 0.7146311970979444, 0.4105263157894737, 0.5836397058823529, 0.6210526315789474, 0.7136290967226219, 0.6102206298321705, 0.46206626151734953], "argmax_sim_u4_predicted_ops": 1}, "D : F  ::  G : ?": {"sim_u1_trans_u2": [0.49950956351152526, 0.3841104572204617, 0.38285843509724105, 0.39707562257253826, 0.5043050430504306, 0.32560156080641667, 0.38599274705349046, 0.33137382974091006, 0.9284412032816773], "best_unary_tran": [{"name": "add_diff"}], "sim_u4_predicted_ops": [0.7317375154766818, 0.7352093950808775, 0.382973944294699, 0.5847474545817528, 0.6144021140717904, 0.601054125278735, 0.5758669071958308, 0.4480034166132821], "argmax_sim_u4_predicted_ops": 2}, "A : D  ::  F : ?": {"sim_u1_trans_u2": [0.3060674157303371, 0.1774716369529984, 0.31493212669683257, 0.18854805725971371, 0.31493212669683257, 0.18322475570032573, 0.3060674157303371, 0.18130081300813009, 0.9564606741573034], "best_unary_tran": [{"name": "add_diff"}], "sim_u4_predicted_ops": [0.7579373104145601, 0.6438245401253285, 0.41529695375849224, 0.6373211446740858, 0.5668240607678094, 0.8183632734530938, 0.5786114871398182, 0.4509321860274534], "argmax_sim_u4_predicted_ops": 6}, "D : G  ::  F : ?": {"sim_u1_trans_u2": [0.547301218804411, 0.2957472660996355, 0.46604344239758044, 0.30080507440839227, 0.35847133757961785, 0.44264069264069267, 0.3817051049494688, 0.4352624495289367, 0.8596171376481313], "best_unary_tran": [{"name": "add_diff"}], "sim_u4_predicted_ops": [0.758312269103636, 0.6482705013602799, 0.3725806451612903, 0.6431987755882915, 0.576535650799921, 0.7780782029950083, 0.624618320610687, 0.4740182467274891], "argmax_sim_u4_predicted_ops": 6}, "B : E  ::  F : ?": {"sim_u1_trans_u2": [0.6454891994917408, 0.4258188824662813, 0.4465233175090757, 0.44410370783384445, 0.348607133558969, 0.39509830325882034, 0.4665911664779162, 0.3288866085171883, 0.9630331753554502], "best_unary_tran": [{"name": "add_diff"}], "sim_u4_predicted_ops": [0.7665314401622718, 0.6434045986284792, 0.4061685490877498, 0.6301342812006319, 0.5707537482029164, 0.8324782511710908, 0.5771307365985345, 0.465015479876161], "argmax_sim_u4_predicted_ops": 6}, "E : H  ::  F : ?": {"sim_u1_trans_u2": [0.7374371859296482, 0.5900206944125086, 0.4397251717676452, 0.4397251717676452, 0.5588367899008115, 0.5127980748195143, 0.5563808237677245, 0.5019548218940052, 0.9560260586319218], "best_unary_tran": [{"name": "add_diff"}], "sim_u4_predicted_ops": [0.8142340168878166, 0.6845143312101911, 0.3698547215496368, 0.6401913875598086, 0.5906911705952856, 0.7916404116782189, 0.611764705882353, 0.47787081339712917], "argmax_sim_u4_predicted_ops": 1}, "C : F  ::  F : ?": {"sim_u1_trans_u2": [0.7754652301665035, 0.4710894704808278, 0.6261493608432384, 0.47079107505070994, 0.5664290343486714, 0.6149220489977728, 0.4953598680140235, 0.6116914869971105, 0.951051051051051], "best_unary_tran": [{"name": "add_diff"}], "sim_u4_predicted_ops": [0.7821576763485477, 0.6486652977412731, 0.3988553819062294, 0.6107701445258364, 0.5734587251828631, 0.8425125170687301, 0.5714564242542406, 0.4563856427378965], "argmax_sim_u4_predicted_ops": 6}, "A : G  ::  C : ?": {"sim_u1_trans_u2": [0.22299872935196952, 0.1353583013860218, 0.21489428841905964, 0.14311163895486936, 0.22261035249285488, 0.1417556346381969, 0.21489428841905964, 0.1353583013860218, 0.9859550561797753], "best_unary_tran": [{"name": "add_diff"}], "sim_u4_predicted_ops": [0.8276916802610114, 0.6767112352823788, 0.3820870994248151, 0.5907646289025986, 0.6189305470190535, 0.7206420154408777, 0.6461057973843451, 0.48106365834004833], "argmax_sim_u4_predicted_ops": 1}, "B : H  ::  C : ?": {"sim_u1_trans_u2": [0.5144964394710071, 0.3959212376933896, 0.39559409421138975, 0.38940737284181054, 0.45634629493763756, 0.32362747277172704, 0.4335580163697641, 0.3259853039412158, 0.9587677725118483], "best_unary_tran": [{"name": "add_diff"}], "sim_u4_predicted_ops": [0.771285140562249, 0.6653225806451613, 0.39919269173571276, 0.5807670508218402, 0.5788402848423194, 0.7222337125129266, 0.6036750483558995, 0.4826238947151964], "argmax_sim_u4_predicted_ops": 1}, "F : G  ::  E : ?": {"sim_u1_trans_u2": [0.5490454246214614, 0.6138545953360768, 0.48610526315789476, 0.6291253173321024, 0.7416728349370837, 0.45666529096161784, 0.6640735502121641, 0.4627020306672192, 0.7973231357552581], "best_unary_tran": [{"name": "add_diff"}], "sim_u4_predicted_ops": [0.3667507356031946, 0.43077293522754634, 0.29411764705882354, 0.32566294104755644, 0.378419452887538, 0.39744186046511626, 0.39263231522499414, 0.3239512855209743], "argmax_sim_u4_predicted_ops": 2}, "G : B  ::  E : ?": {"sim_u1_trans_u2": [0.36382536382536385, 0.4249253326092859, 0.3950026581605529, 0.4358413132694938, 0.5300291545189504, 0.2847001223990208, 0.4517289073305671, 0.2967630343464295, 0.6635071090047393], "best_unary_tran": [{"name": "add_diff"}], "sim_u4_predicted_ops": [0.35480486781368026, 0.4224366706875754, 0.26824872334034244, 0.28930412371134023, 0.3640040444893832, 0.39159859976662775, 0.3909880309786435, 0.32767123287671235], "argmax_sim_u4_predicted_ops": 2},